chan2,chan3,chan7,chan11,label
../prepare_data_source/revised_clusters/multi/chan2_0126p_012621_60394B_20_RBC_multiple_CD61+_102.png,../prepare_data_source/revised_clusters/multi/chan3_0126p_012621_60394B_20_RBC_multiple_CD61+_102.png,../prepare_data_source/revised_clusters/multi/chan7_0126p_012621_60394B_20_RBC_multiple_CD61+_102.png,../prepare_data_source/revised_clusters/multi/chan11_0126p_012621_60394B_20_RBC_multiple_CD61+_102.png,wbc platelet
../prepare_data_source/revised_clusters/multi/chan2_0126p_012621_60394B_20_RBC_multiple_CD61+_44.png,../prepare_data_source/revised_clusters/multi/chan3_0126p_012621_60394B_20_RBC_multiple_CD61+_44.png,../prepare_data_source/revised_clusters/multi/chan7_0126p_012621_60394B_20_RBC_multiple_CD61+_44.png,../prepare_data_source/revised_clusters/multi/chan11_0126p_012621_60394B_20_RBC_multiple_CD61+_44.png,wbc platelet
../prepare_data_source/revised_clusters/multi/chan2_0126p_012621_60394B_20_RBC_multiple_CD61+_61.png,../prepare_data_source/revised_clusters/multi/chan3_0126p_012621_60394B_20_RBC_multiple_CD61+_61.png,../prepare_data_source/revised_clusters/multi/chan7_0126p_012621_60394B_20_RBC_multiple_CD61+_61.png,../prepare_data_source/revised_clusters/multi/chan11_0126p_012621_60394B_20_RBC_multiple_CD61+_61.png,wbc platelet
../prepare_data_source/revised_clusters/multi/chan2_0126p_012621_60394B_20_RBC_multiple_CD61+_84.png,../prepare_data_source/revised_clusters/multi/chan3_0126p_012621_60394B_20_RBC_multiple_CD61+_84.png,../prepare_data_source/revised_clusters/multi/chan7_0126p_012621_60394B_20_RBC_multiple_CD61+_84.png,../prepare_data_source/revised_clusters/multi/chan11_0126p_012621_60394B_20_RBC_multiple_CD61+_84.png,wbc
../prepare_data_source/revised_clusters/multi/chan2_0126p_012621_60394B_20_RBC_multiple_CD61+_87.png,../prepare_data_source/revised_clusters/multi/chan3_0126p_012621_60394B_20_RBC_multiple_CD61+_87.png,../prepare_data_source/revised_clusters/multi/chan7_0126p_012621_60394B_20_RBC_multiple_CD61+_87.png,../prepare_data_source/revised_clusters/multi/chan11_0126p_012621_60394B_20_RBC_multiple_CD61+_87.png,wbc platelet
../prepare_data_source/revised_clusters/multi/chan2_0203p_02032021_102b_4_DAPI+cells_1.png,../prepare_data_source/revised_clusters/multi/chan3_0203p_02032021_102b_4_DAPI+cells_1.png,../prepare_data_source/revised_clusters/multi/chan7_0203p_02032021_102b_4_DAPI+cells_1.png,../prepare_data_source/revised_clusters/multi/chan11_0203p_02032021_102b_4_DAPI+cells_1.png,wbc platelet
../prepare_data_source/revised_clusters/multi/chan2_0203p_02032021_102b_4_DAPI+cells_10.png,../prepare_data_source/revised_clusters/multi/chan3_0203p_02032021_102b_4_DAPI+cells_10.png,../prepare_data_source/revised_clusters/multi/chan7_0203p_02032021_102b_4_DAPI+cells_10.png,../prepare_data_source/revised_clusters/multi/chan11_0203p_02032021_102b_4_DAPI+cells_10.png,wbc platelet
../prepare_data_source/revised_clusters/multi/chan2_0203p_02032021_102b_4_DAPI+cells_100.png,../prepare_data_source/revised_clusters/multi/chan3_0203p_02032021_102b_4_DAPI+cells_100.png,../prepare_data_source/revised_clusters/multi/chan7_0203p_02032021_102b_4_DAPI+cells_100.png,../prepare_data_source/revised_clusters/multi/chan11_0203p_02032021_102b_4_DAPI+cells_100.png,wbc platelet
../prepare_data_source/revised_clusters/multi/chan2_0203p_02032021_102b_4_DAPI+cells_101.png,../prepare_data_source/revised_clusters/multi/chan3_0203p_02032021_102b_4_DAPI+cells_101.png,../prepare_data_source/revised_clusters/multi/chan7_0203p_02032021_102b_4_DAPI+cells_101.png,../prepare_data_source/revised_clusters/multi/chan11_0203p_02032021_102b_4_DAPI+cells_101.png,wbc platelet
../prepare_data_source/revised_clusters/multi/chan2_0203p_02032021_102b_4_DAPI+cells_102.png,../prepare_data_source/revised_clusters/multi/chan3_0203p_02032021_102b_4_DAPI+cells_102.png,../prepare_data_source/revised_clusters/multi/chan7_0203p_02032021_102b_4_DAPI+cells_102.png,../prepare_data_source/revised_clusters/multi/chan11_0203p_02032021_102b_4_DAPI+cells_102.png,wbc platelet
../prepare_data_source/revised_clusters/multi/chan2_0203p_02032021_102b_4_DAPI+cells_103.png,../prepare_data_source/revised_clusters/multi/chan3_0203p_02032021_102b_4_DAPI+cells_103.png,../prepare_data_source/revised_clusters/multi/chan7_0203p_02032021_102b_4_DAPI+cells_103.png,../prepare_data_source/revised_clusters/multi/chan11_0203p_02032021_102b_4_DAPI+cells_103.png,wbc platelet
../prepare_data_source/revised_clusters/multi/chan2_0203p_02032021_102b_4_DAPI+cells_104.png,../prepare_data_source/revised_clusters/multi/chan3_0203p_02032021_102b_4_DAPI+cells_104.png,../prepare_data_source/revised_clusters/multi/chan7_0203p_02032021_102b_4_DAPI+cells_104.png,../prepare_data_source/revised_clusters/multi/chan11_0203p_02032021_102b_4_DAPI+cells_104.png,wbc platelet
../prepare_data_source/revised_clusters/multi/chan2_0203p_02032021_102b_4_DAPI+cells_105.png,../prepare_data_source/revised_clusters/multi/chan3_0203p_02032021_102b_4_DAPI+cells_105.png,../prepare_data_source/revised_clusters/multi/chan7_0203p_02032021_102b_4_DAPI+cells_105.png,../prepare_data_source/revised_clusters/multi/chan11_0203p_02032021_102b_4_DAPI+cells_105.png,wbc platelet
../prepare_data_source/revised_clusters/multi/chan2_0203p_02032021_102b_4_DAPI+cells_106.png,../prepare_data_source/revised_clusters/multi/chan3_0203p_02032021_102b_4_DAPI+cells_106.png,../prepare_data_source/revised_clusters/multi/chan7_0203p_02032021_102b_4_DAPI+cells_106.png,../prepare_data_source/revised_clusters/multi/chan11_0203p_02032021_102b_4_DAPI+cells_106.png,wbc platelet
../prepare_data_source/revised_clusters/multi/chan2_0203p_02032021_102b_4_DAPI+cells_107.png,../prepare_data_source/revised_clusters/multi/chan3_0203p_02032021_102b_4_DAPI+cells_107.png,../prepare_data_source/revised_clusters/multi/chan7_0203p_02032021_102b_4_DAPI+cells_107.png,../prepare_data_source/revised_clusters/multi/chan11_0203p_02032021_102b_4_DAPI+cells_107.png,wbc platelet
../prepare_data_source/revised_clusters/multi/chan2_0203p_02032021_102b_4_DAPI+cells_108.png,../prepare_data_source/revised_clusters/multi/chan3_0203p_02032021_102b_4_DAPI+cells_108.png,../prepare_data_source/revised_clusters/multi/chan7_0203p_02032021_102b_4_DAPI+cells_108.png,../prepare_data_source/revised_clusters/multi/chan11_0203p_02032021_102b_4_DAPI+cells_108.png,wbc platelet
../prepare_data_source/revised_clusters/multi/chan2_0203p_02032021_102b_4_DAPI+cells_109.png,../prepare_data_source/revised_clusters/multi/chan3_0203p_02032021_102b_4_DAPI+cells_109.png,../prepare_data_source/revised_clusters/multi/chan7_0203p_02032021_102b_4_DAPI+cells_109.png,../prepare_data_source/revised_clusters/multi/chan11_0203p_02032021_102b_4_DAPI+cells_109.png,wbc platelet
../prepare_data_source/revised_clusters/multi/chan2_0203p_02032021_102b_4_DAPI+cells_11.png,../prepare_data_source/revised_clusters/multi/chan3_0203p_02032021_102b_4_DAPI+cells_11.png,../prepare_data_source/revised_clusters/multi/chan7_0203p_02032021_102b_4_DAPI+cells_11.png,../prepare_data_source/revised_clusters/multi/chan11_0203p_02032021_102b_4_DAPI+cells_11.png,wbc platelet
../prepare_data_source/revised_clusters/multi/chan2_0203p_02032021_102b_4_DAPI+cells_110.png,../prepare_data_source/revised_clusters/multi/chan3_0203p_02032021_102b_4_DAPI+cells_110.png,../prepare_data_source/revised_clusters/multi/chan7_0203p_02032021_102b_4_DAPI+cells_110.png,../prepare_data_source/revised_clusters/multi/chan11_0203p_02032021_102b_4_DAPI+cells_110.png,wbc platelet
../prepare_data_source/revised_clusters/multi/chan2_0203p_02032021_102b_4_DAPI+cells_111.png,../prepare_data_source/revised_clusters/multi/chan3_0203p_02032021_102b_4_DAPI+cells_111.png,../prepare_data_source/revised_clusters/multi/chan7_0203p_02032021_102b_4_DAPI+cells_111.png,../prepare_data_source/revised_clusters/multi/chan11_0203p_02032021_102b_4_DAPI+cells_111.png,wbc platelet
../prepare_data_source/revised_clusters/multi/chan2_0203p_02032021_102b_4_DAPI+cells_112.png,../prepare_data_source/revised_clusters/multi/chan3_0203p_02032021_102b_4_DAPI+cells_112.png,../prepare_data_source/revised_clusters/multi/chan7_0203p_02032021_102b_4_DAPI+cells_112.png,../prepare_data_source/revised_clusters/multi/chan11_0203p_02032021_102b_4_DAPI+cells_112.png,wbc platelet
../prepare_data_source/revised_clusters/multi/chan2_0203p_02032021_102b_4_DAPI+cells_113.png,../prepare_data_source/revised_clusters/multi/chan3_0203p_02032021_102b_4_DAPI+cells_113.png,../prepare_data_source/revised_clusters/multi/chan7_0203p_02032021_102b_4_DAPI+cells_113.png,../prepare_data_source/revised_clusters/multi/chan11_0203p_02032021_102b_4_DAPI+cells_113.png,wbc platelet
../prepare_data_source/revised_clusters/multi/chan2_0203p_02032021_102b_4_DAPI+cells_114.png,../prepare_data_source/revised_clusters/multi/chan3_0203p_02032021_102b_4_DAPI+cells_114.png,../prepare_data_source/revised_clusters/multi/chan7_0203p_02032021_102b_4_DAPI+cells_114.png,../prepare_data_source/revised_clusters/multi/chan11_0203p_02032021_102b_4_DAPI+cells_114.png,wbc platelet
../prepare_data_source/revised_clusters/multi/chan2_0203p_02032021_102b_4_DAPI+cells_115.png,../prepare_data_source/revised_clusters/multi/chan3_0203p_02032021_102b_4_DAPI+cells_115.png,../prepare_data_source/revised_clusters/multi/chan7_0203p_02032021_102b_4_DAPI+cells_115.png,../prepare_data_source/revised_clusters/multi/chan11_0203p_02032021_102b_4_DAPI+cells_115.png,wbc platelet
../prepare_data_source/revised_clusters/multi/chan2_0203p_02032021_102b_4_DAPI+cells_116.png,../prepare_data_source/revised_clusters/multi/chan3_0203p_02032021_102b_4_DAPI+cells_116.png,../prepare_data_source/revised_clusters/multi/chan7_0203p_02032021_102b_4_DAPI+cells_116.png,../prepare_data_source/revised_clusters/multi/chan11_0203p_02032021_102b_4_DAPI+cells_116.png,wbc platelet
../prepare_data_source/revised_clusters/multi/chan2_0203p_02032021_102b_4_DAPI+cells_117.png,../prepare_data_source/revised_clusters/multi/chan3_0203p_02032021_102b_4_DAPI+cells_117.png,../prepare_data_source/revised_clusters/multi/chan7_0203p_02032021_102b_4_DAPI+cells_117.png,../prepare_data_source/revised_clusters/multi/chan11_0203p_02032021_102b_4_DAPI+cells_117.png,wbc platelet
../prepare_data_source/revised_clusters/multi/chan2_0203p_02032021_102b_4_DAPI+cells_118.png,../prepare_data_source/revised_clusters/multi/chan3_0203p_02032021_102b_4_DAPI+cells_118.png,../prepare_data_source/revised_clusters/multi/chan7_0203p_02032021_102b_4_DAPI+cells_118.png,../prepare_data_source/revised_clusters/multi/chan11_0203p_02032021_102b_4_DAPI+cells_118.png,wbc platelet
../prepare_data_source/revised_clusters/multi/chan2_0203p_02032021_102b_4_DAPI+cells_119.png,../prepare_data_source/revised_clusters/multi/chan3_0203p_02032021_102b_4_DAPI+cells_119.png,../prepare_data_source/revised_clusters/multi/chan7_0203p_02032021_102b_4_DAPI+cells_119.png,../prepare_data_source/revised_clusters/multi/chan11_0203p_02032021_102b_4_DAPI+cells_119.png,wbc platelet
../prepare_data_source/revised_clusters/multi/chan2_0203p_02032021_102b_4_DAPI+cells_12.png,../prepare_data_source/revised_clusters/multi/chan3_0203p_02032021_102b_4_DAPI+cells_12.png,../prepare_data_source/revised_clusters/multi/chan7_0203p_02032021_102b_4_DAPI+cells_12.png,../prepare_data_source/revised_clusters/multi/chan11_0203p_02032021_102b_4_DAPI+cells_12.png,wbc platelet
../prepare_data_source/revised_clusters/multi/chan2_0203p_02032021_102b_4_DAPI+cells_120.png,../prepare_data_source/revised_clusters/multi/chan3_0203p_02032021_102b_4_DAPI+cells_120.png,../prepare_data_source/revised_clusters/multi/chan7_0203p_02032021_102b_4_DAPI+cells_120.png,../prepare_data_source/revised_clusters/multi/chan11_0203p_02032021_102b_4_DAPI+cells_120.png,wbc platelet
../prepare_data_source/revised_clusters/multi/chan2_0203p_02032021_102b_4_DAPI+cells_121.png,../prepare_data_source/revised_clusters/multi/chan3_0203p_02032021_102b_4_DAPI+cells_121.png,../prepare_data_source/revised_clusters/multi/chan7_0203p_02032021_102b_4_DAPI+cells_121.png,../prepare_data_source/revised_clusters/multi/chan11_0203p_02032021_102b_4_DAPI+cells_121.png,wbc platelet
../prepare_data_source/revised_clusters/multi/chan2_0203p_02032021_102b_4_DAPI+cells_122.png,../prepare_data_source/revised_clusters/multi/chan3_0203p_02032021_102b_4_DAPI+cells_122.png,../prepare_data_source/revised_clusters/multi/chan7_0203p_02032021_102b_4_DAPI+cells_122.png,../prepare_data_source/revised_clusters/multi/chan11_0203p_02032021_102b_4_DAPI+cells_122.png,wbc platelet
../prepare_data_source/revised_clusters/multi/chan2_0203p_02032021_102b_4_DAPI+cells_123.png,../prepare_data_source/revised_clusters/multi/chan3_0203p_02032021_102b_4_DAPI+cells_123.png,../prepare_data_source/revised_clusters/multi/chan7_0203p_02032021_102b_4_DAPI+cells_123.png,../prepare_data_source/revised_clusters/multi/chan11_0203p_02032021_102b_4_DAPI+cells_123.png,wbc platelet
../prepare_data_source/revised_clusters/multi/chan2_0203p_02032021_102b_4_DAPI+cells_124.png,../prepare_data_source/revised_clusters/multi/chan3_0203p_02032021_102b_4_DAPI+cells_124.png,../prepare_data_source/revised_clusters/multi/chan7_0203p_02032021_102b_4_DAPI+cells_124.png,../prepare_data_source/revised_clusters/multi/chan11_0203p_02032021_102b_4_DAPI+cells_124.png,wbc platelet
../prepare_data_source/revised_clusters/multi/chan2_0203p_02032021_102b_4_DAPI+cells_125.png,../prepare_data_source/revised_clusters/multi/chan3_0203p_02032021_102b_4_DAPI+cells_125.png,../prepare_data_source/revised_clusters/multi/chan7_0203p_02032021_102b_4_DAPI+cells_125.png,../prepare_data_source/revised_clusters/multi/chan11_0203p_02032021_102b_4_DAPI+cells_125.png,wbc platelet
../prepare_data_source/revised_clusters/multi/chan2_0203p_02032021_102b_4_DAPI+cells_126.png,../prepare_data_source/revised_clusters/multi/chan3_0203p_02032021_102b_4_DAPI+cells_126.png,../prepare_data_source/revised_clusters/multi/chan7_0203p_02032021_102b_4_DAPI+cells_126.png,../prepare_data_source/revised_clusters/multi/chan11_0203p_02032021_102b_4_DAPI+cells_126.png,wbc platelet
../prepare_data_source/revised_clusters/multi/chan2_0203p_02032021_102b_4_DAPI+cells_127.png,../prepare_data_source/revised_clusters/multi/chan3_0203p_02032021_102b_4_DAPI+cells_127.png,../prepare_data_source/revised_clusters/multi/chan7_0203p_02032021_102b_4_DAPI+cells_127.png,../prepare_data_source/revised_clusters/multi/chan11_0203p_02032021_102b_4_DAPI+cells_127.png,wbc platelet
../prepare_data_source/revised_clusters/multi/chan2_0203p_02032021_102b_4_DAPI+cells_128.png,../prepare_data_source/revised_clusters/multi/chan3_0203p_02032021_102b_4_DAPI+cells_128.png,../prepare_data_source/revised_clusters/multi/chan7_0203p_02032021_102b_4_DAPI+cells_128.png,../prepare_data_source/revised_clusters/multi/chan11_0203p_02032021_102b_4_DAPI+cells_128.png,wbc platelet
../prepare_data_source/revised_clusters/multi/chan2_0203p_02032021_102b_4_DAPI+cells_129.png,../prepare_data_source/revised_clusters/multi/chan3_0203p_02032021_102b_4_DAPI+cells_129.png,../prepare_data_source/revised_clusters/multi/chan7_0203p_02032021_102b_4_DAPI+cells_129.png,../prepare_data_source/revised_clusters/multi/chan11_0203p_02032021_102b_4_DAPI+cells_129.png,wbc platelet
../prepare_data_source/revised_clusters/multi/chan2_0203p_02032021_102b_4_DAPI+cells_13.png,../prepare_data_source/revised_clusters/multi/chan3_0203p_02032021_102b_4_DAPI+cells_13.png,../prepare_data_source/revised_clusters/multi/chan7_0203p_02032021_102b_4_DAPI+cells_13.png,../prepare_data_source/revised_clusters/multi/chan11_0203p_02032021_102b_4_DAPI+cells_13.png,wbc platelet
../prepare_data_source/revised_clusters/multi/chan2_0203p_02032021_102b_4_DAPI+cells_130.png,../prepare_data_source/revised_clusters/multi/chan3_0203p_02032021_102b_4_DAPI+cells_130.png,../prepare_data_source/revised_clusters/multi/chan7_0203p_02032021_102b_4_DAPI+cells_130.png,../prepare_data_source/revised_clusters/multi/chan11_0203p_02032021_102b_4_DAPI+cells_130.png,wbc platelet
../prepare_data_source/revised_clusters/multi/chan2_0203p_02032021_102b_4_DAPI+cells_131.png,../prepare_data_source/revised_clusters/multi/chan3_0203p_02032021_102b_4_DAPI+cells_131.png,../prepare_data_source/revised_clusters/multi/chan7_0203p_02032021_102b_4_DAPI+cells_131.png,../prepare_data_source/revised_clusters/multi/chan11_0203p_02032021_102b_4_DAPI+cells_131.png,wbc platelet
../prepare_data_source/revised_clusters/multi/chan2_0203p_02032021_102b_4_DAPI+cells_132.png,../prepare_data_source/revised_clusters/multi/chan3_0203p_02032021_102b_4_DAPI+cells_132.png,../prepare_data_source/revised_clusters/multi/chan7_0203p_02032021_102b_4_DAPI+cells_132.png,../prepare_data_source/revised_clusters/multi/chan11_0203p_02032021_102b_4_DAPI+cells_132.png,wbc platelet
../prepare_data_source/revised_clusters/multi/chan2_0203p_02032021_102b_4_DAPI+cells_133.png,../prepare_data_source/revised_clusters/multi/chan3_0203p_02032021_102b_4_DAPI+cells_133.png,../prepare_data_source/revised_clusters/multi/chan7_0203p_02032021_102b_4_DAPI+cells_133.png,../prepare_data_source/revised_clusters/multi/chan11_0203p_02032021_102b_4_DAPI+cells_133.png,wbc platelet
../prepare_data_source/revised_clusters/multi/chan2_0203p_02032021_102b_4_DAPI+cells_134.png,../prepare_data_source/revised_clusters/multi/chan3_0203p_02032021_102b_4_DAPI+cells_134.png,../prepare_data_source/revised_clusters/multi/chan7_0203p_02032021_102b_4_DAPI+cells_134.png,../prepare_data_source/revised_clusters/multi/chan11_0203p_02032021_102b_4_DAPI+cells_134.png,wbc platelet
../prepare_data_source/revised_clusters/multi/chan2_0203p_02032021_102b_4_DAPI+cells_135.png,../prepare_data_source/revised_clusters/multi/chan3_0203p_02032021_102b_4_DAPI+cells_135.png,../prepare_data_source/revised_clusters/multi/chan7_0203p_02032021_102b_4_DAPI+cells_135.png,../prepare_data_source/revised_clusters/multi/chan11_0203p_02032021_102b_4_DAPI+cells_135.png,wbc platelet
../prepare_data_source/revised_clusters/multi/chan2_0203p_02032021_102b_4_DAPI+cells_136.png,../prepare_data_source/revised_clusters/multi/chan3_0203p_02032021_102b_4_DAPI+cells_136.png,../prepare_data_source/revised_clusters/multi/chan7_0203p_02032021_102b_4_DAPI+cells_136.png,../prepare_data_source/revised_clusters/multi/chan11_0203p_02032021_102b_4_DAPI+cells_136.png,wbc platelet
../prepare_data_source/revised_clusters/multi/chan2_0203p_02032021_102b_4_DAPI+cells_137.png,../prepare_data_source/revised_clusters/multi/chan3_0203p_02032021_102b_4_DAPI+cells_137.png,../prepare_data_source/revised_clusters/multi/chan7_0203p_02032021_102b_4_DAPI+cells_137.png,../prepare_data_source/revised_clusters/multi/chan11_0203p_02032021_102b_4_DAPI+cells_137.png,wbc platelet
../prepare_data_source/revised_clusters/multi/chan2_0203p_02032021_102b_4_DAPI+cells_138.png,../prepare_data_source/revised_clusters/multi/chan3_0203p_02032021_102b_4_DAPI+cells_138.png,../prepare_data_source/revised_clusters/multi/chan7_0203p_02032021_102b_4_DAPI+cells_138.png,../prepare_data_source/revised_clusters/multi/chan11_0203p_02032021_102b_4_DAPI+cells_138.png,wbc platelet
../prepare_data_source/revised_clusters/multi/chan2_0203p_02032021_102b_4_DAPI+cells_139.png,../prepare_data_source/revised_clusters/multi/chan3_0203p_02032021_102b_4_DAPI+cells_139.png,../prepare_data_source/revised_clusters/multi/chan7_0203p_02032021_102b_4_DAPI+cells_139.png,../prepare_data_source/revised_clusters/multi/chan11_0203p_02032021_102b_4_DAPI+cells_139.png,wbc platelet
../prepare_data_source/revised_clusters/multi/chan2_0203p_02032021_102b_4_DAPI+cells_14.png,../prepare_data_source/revised_clusters/multi/chan3_0203p_02032021_102b_4_DAPI+cells_14.png,../prepare_data_source/revised_clusters/multi/chan7_0203p_02032021_102b_4_DAPI+cells_14.png,../prepare_data_source/revised_clusters/multi/chan11_0203p_02032021_102b_4_DAPI+cells_14.png,wbc platelet
../prepare_data_source/revised_clusters/multi/chan2_0203p_02032021_102b_4_DAPI+cells_140.png,../prepare_data_source/revised_clusters/multi/chan3_0203p_02032021_102b_4_DAPI+cells_140.png,../prepare_data_source/revised_clusters/multi/chan7_0203p_02032021_102b_4_DAPI+cells_140.png,../prepare_data_source/revised_clusters/multi/chan11_0203p_02032021_102b_4_DAPI+cells_140.png,wbc platelet
../prepare_data_source/revised_clusters/multi/chan2_0203p_02032021_102b_4_DAPI+cells_141.png,../prepare_data_source/revised_clusters/multi/chan3_0203p_02032021_102b_4_DAPI+cells_141.png,../prepare_data_source/revised_clusters/multi/chan7_0203p_02032021_102b_4_DAPI+cells_141.png,../prepare_data_source/revised_clusters/multi/chan11_0203p_02032021_102b_4_DAPI+cells_141.png,wbc platelet
../prepare_data_source/revised_clusters/multi/chan2_0203p_02032021_102b_4_DAPI+cells_142.png,../prepare_data_source/revised_clusters/multi/chan3_0203p_02032021_102b_4_DAPI+cells_142.png,../prepare_data_source/revised_clusters/multi/chan7_0203p_02032021_102b_4_DAPI+cells_142.png,../prepare_data_source/revised_clusters/multi/chan11_0203p_02032021_102b_4_DAPI+cells_142.png,wbc platelet
../prepare_data_source/revised_clusters/multi/chan2_0203p_02032021_102b_4_DAPI+cells_15.png,../prepare_data_source/revised_clusters/multi/chan3_0203p_02032021_102b_4_DAPI+cells_15.png,../prepare_data_source/revised_clusters/multi/chan7_0203p_02032021_102b_4_DAPI+cells_15.png,../prepare_data_source/revised_clusters/multi/chan11_0203p_02032021_102b_4_DAPI+cells_15.png,wbc platelet
../prepare_data_source/revised_clusters/multi/chan2_0203p_02032021_102b_4_DAPI+cells_16.png,../prepare_data_source/revised_clusters/multi/chan3_0203p_02032021_102b_4_DAPI+cells_16.png,../prepare_data_source/revised_clusters/multi/chan7_0203p_02032021_102b_4_DAPI+cells_16.png,../prepare_data_source/revised_clusters/multi/chan11_0203p_02032021_102b_4_DAPI+cells_16.png,wbc platelet
../prepare_data_source/revised_clusters/multi/chan2_0203p_02032021_102b_4_DAPI+cells_17.png,../prepare_data_source/revised_clusters/multi/chan3_0203p_02032021_102b_4_DAPI+cells_17.png,../prepare_data_source/revised_clusters/multi/chan7_0203p_02032021_102b_4_DAPI+cells_17.png,../prepare_data_source/revised_clusters/multi/chan11_0203p_02032021_102b_4_DAPI+cells_17.png,wbc platelet
../prepare_data_source/revised_clusters/multi/chan2_0203p_02032021_102b_4_DAPI+cells_18.png,../prepare_data_source/revised_clusters/multi/chan3_0203p_02032021_102b_4_DAPI+cells_18.png,../prepare_data_source/revised_clusters/multi/chan7_0203p_02032021_102b_4_DAPI+cells_18.png,../prepare_data_source/revised_clusters/multi/chan11_0203p_02032021_102b_4_DAPI+cells_18.png,wbc platelet
../prepare_data_source/revised_clusters/multi/chan2_0203p_02032021_102b_4_DAPI+cells_19.png,../prepare_data_source/revised_clusters/multi/chan3_0203p_02032021_102b_4_DAPI+cells_19.png,../prepare_data_source/revised_clusters/multi/chan7_0203p_02032021_102b_4_DAPI+cells_19.png,../prepare_data_source/revised_clusters/multi/chan11_0203p_02032021_102b_4_DAPI+cells_19.png,wbc platelet
../prepare_data_source/revised_clusters/multi/chan2_0203p_02032021_102b_4_DAPI+cells_2.png,../prepare_data_source/revised_clusters/multi/chan3_0203p_02032021_102b_4_DAPI+cells_2.png,../prepare_data_source/revised_clusters/multi/chan7_0203p_02032021_102b_4_DAPI+cells_2.png,../prepare_data_source/revised_clusters/multi/chan11_0203p_02032021_102b_4_DAPI+cells_2.png,wbc platelet
../prepare_data_source/revised_clusters/multi/chan2_0203p_02032021_102b_4_DAPI+cells_20.png,../prepare_data_source/revised_clusters/multi/chan3_0203p_02032021_102b_4_DAPI+cells_20.png,../prepare_data_source/revised_clusters/multi/chan7_0203p_02032021_102b_4_DAPI+cells_20.png,../prepare_data_source/revised_clusters/multi/chan11_0203p_02032021_102b_4_DAPI+cells_20.png,wbc platelet
../prepare_data_source/revised_clusters/multi/chan2_0203p_02032021_102b_4_DAPI+cells_21.png,../prepare_data_source/revised_clusters/multi/chan3_0203p_02032021_102b_4_DAPI+cells_21.png,../prepare_data_source/revised_clusters/multi/chan7_0203p_02032021_102b_4_DAPI+cells_21.png,../prepare_data_source/revised_clusters/multi/chan11_0203p_02032021_102b_4_DAPI+cells_21.png,wbc platelet
../prepare_data_source/revised_clusters/multi/chan2_0203p_02032021_102b_4_DAPI+cells_22.png,../prepare_data_source/revised_clusters/multi/chan3_0203p_02032021_102b_4_DAPI+cells_22.png,../prepare_data_source/revised_clusters/multi/chan7_0203p_02032021_102b_4_DAPI+cells_22.png,../prepare_data_source/revised_clusters/multi/chan11_0203p_02032021_102b_4_DAPI+cells_22.png,wbc platelet
../prepare_data_source/revised_clusters/multi/chan2_0203p_02032021_102b_4_DAPI+cells_23.png,../prepare_data_source/revised_clusters/multi/chan3_0203p_02032021_102b_4_DAPI+cells_23.png,../prepare_data_source/revised_clusters/multi/chan7_0203p_02032021_102b_4_DAPI+cells_23.png,../prepare_data_source/revised_clusters/multi/chan11_0203p_02032021_102b_4_DAPI+cells_23.png,wbc platelet
../prepare_data_source/revised_clusters/multi/chan2_0203p_02032021_102b_4_DAPI+cells_24.png,../prepare_data_source/revised_clusters/multi/chan3_0203p_02032021_102b_4_DAPI+cells_24.png,../prepare_data_source/revised_clusters/multi/chan7_0203p_02032021_102b_4_DAPI+cells_24.png,../prepare_data_source/revised_clusters/multi/chan11_0203p_02032021_102b_4_DAPI+cells_24.png,wbc platelet
../prepare_data_source/revised_clusters/multi/chan2_0203p_02032021_102b_4_DAPI+cells_25.png,../prepare_data_source/revised_clusters/multi/chan3_0203p_02032021_102b_4_DAPI+cells_25.png,../prepare_data_source/revised_clusters/multi/chan7_0203p_02032021_102b_4_DAPI+cells_25.png,../prepare_data_source/revised_clusters/multi/chan11_0203p_02032021_102b_4_DAPI+cells_25.png,wbc platelet
../prepare_data_source/revised_clusters/multi/chan2_0203p_02032021_102b_4_DAPI+cells_26.png,../prepare_data_source/revised_clusters/multi/chan3_0203p_02032021_102b_4_DAPI+cells_26.png,../prepare_data_source/revised_clusters/multi/chan7_0203p_02032021_102b_4_DAPI+cells_26.png,../prepare_data_source/revised_clusters/multi/chan11_0203p_02032021_102b_4_DAPI+cells_26.png,wbc platelet
../prepare_data_source/revised_clusters/multi/chan2_0203p_02032021_102b_4_DAPI+cells_27.png,../prepare_data_source/revised_clusters/multi/chan3_0203p_02032021_102b_4_DAPI+cells_27.png,../prepare_data_source/revised_clusters/multi/chan7_0203p_02032021_102b_4_DAPI+cells_27.png,../prepare_data_source/revised_clusters/multi/chan11_0203p_02032021_102b_4_DAPI+cells_27.png,wbc platelet
../prepare_data_source/revised_clusters/multi/chan2_0203p_02032021_102b_4_DAPI+cells_28.png,../prepare_data_source/revised_clusters/multi/chan3_0203p_02032021_102b_4_DAPI+cells_28.png,../prepare_data_source/revised_clusters/multi/chan7_0203p_02032021_102b_4_DAPI+cells_28.png,../prepare_data_source/revised_clusters/multi/chan11_0203p_02032021_102b_4_DAPI+cells_28.png,wbc platelet
../prepare_data_source/revised_clusters/multi/chan2_0203p_02032021_102b_4_DAPI+cells_29.png,../prepare_data_source/revised_clusters/multi/chan3_0203p_02032021_102b_4_DAPI+cells_29.png,../prepare_data_source/revised_clusters/multi/chan7_0203p_02032021_102b_4_DAPI+cells_29.png,../prepare_data_source/revised_clusters/multi/chan11_0203p_02032021_102b_4_DAPI+cells_29.png,wbc platelet
../prepare_data_source/revised_clusters/multi/chan2_0203p_02032021_102b_4_DAPI+cells_3.png,../prepare_data_source/revised_clusters/multi/chan3_0203p_02032021_102b_4_DAPI+cells_3.png,../prepare_data_source/revised_clusters/multi/chan7_0203p_02032021_102b_4_DAPI+cells_3.png,../prepare_data_source/revised_clusters/multi/chan11_0203p_02032021_102b_4_DAPI+cells_3.png,wbc platelet
../prepare_data_source/revised_clusters/multi/chan2_0203p_02032021_102b_4_DAPI+cells_30.png,../prepare_data_source/revised_clusters/multi/chan3_0203p_02032021_102b_4_DAPI+cells_30.png,../prepare_data_source/revised_clusters/multi/chan7_0203p_02032021_102b_4_DAPI+cells_30.png,../prepare_data_source/revised_clusters/multi/chan11_0203p_02032021_102b_4_DAPI+cells_30.png,wbc platelet
../prepare_data_source/revised_clusters/multi/chan2_0203p_02032021_102b_4_DAPI+cells_31.png,../prepare_data_source/revised_clusters/multi/chan3_0203p_02032021_102b_4_DAPI+cells_31.png,../prepare_data_source/revised_clusters/multi/chan7_0203p_02032021_102b_4_DAPI+cells_31.png,../prepare_data_source/revised_clusters/multi/chan11_0203p_02032021_102b_4_DAPI+cells_31.png,wbc platelet
../prepare_data_source/revised_clusters/multi/chan2_0203p_02032021_102b_4_DAPI+cells_32.png,../prepare_data_source/revised_clusters/multi/chan3_0203p_02032021_102b_4_DAPI+cells_32.png,../prepare_data_source/revised_clusters/multi/chan7_0203p_02032021_102b_4_DAPI+cells_32.png,../prepare_data_source/revised_clusters/multi/chan11_0203p_02032021_102b_4_DAPI+cells_32.png,wbc platelet
../prepare_data_source/revised_clusters/multi/chan2_0203p_02032021_102b_4_DAPI+cells_33.png,../prepare_data_source/revised_clusters/multi/chan3_0203p_02032021_102b_4_DAPI+cells_33.png,../prepare_data_source/revised_clusters/multi/chan7_0203p_02032021_102b_4_DAPI+cells_33.png,../prepare_data_source/revised_clusters/multi/chan11_0203p_02032021_102b_4_DAPI+cells_33.png,wbc platelet
../prepare_data_source/revised_clusters/multi/chan2_0203p_02032021_102b_4_DAPI+cells_34.png,../prepare_data_source/revised_clusters/multi/chan3_0203p_02032021_102b_4_DAPI+cells_34.png,../prepare_data_source/revised_clusters/multi/chan7_0203p_02032021_102b_4_DAPI+cells_34.png,../prepare_data_source/revised_clusters/multi/chan11_0203p_02032021_102b_4_DAPI+cells_34.png,wbc platelet
../prepare_data_source/revised_clusters/multi/chan2_0203p_02032021_102b_4_DAPI+cells_35.png,../prepare_data_source/revised_clusters/multi/chan3_0203p_02032021_102b_4_DAPI+cells_35.png,../prepare_data_source/revised_clusters/multi/chan7_0203p_02032021_102b_4_DAPI+cells_35.png,../prepare_data_source/revised_clusters/multi/chan11_0203p_02032021_102b_4_DAPI+cells_35.png,wbc platelet
../prepare_data_source/revised_clusters/multi/chan2_0203p_02032021_102b_4_DAPI+cells_36.png,../prepare_data_source/revised_clusters/multi/chan3_0203p_02032021_102b_4_DAPI+cells_36.png,../prepare_data_source/revised_clusters/multi/chan7_0203p_02032021_102b_4_DAPI+cells_36.png,../prepare_data_source/revised_clusters/multi/chan11_0203p_02032021_102b_4_DAPI+cells_36.png,wbc platelet
../prepare_data_source/revised_clusters/multi/chan2_0203p_02032021_102b_4_DAPI+cells_37.png,../prepare_data_source/revised_clusters/multi/chan3_0203p_02032021_102b_4_DAPI+cells_37.png,../prepare_data_source/revised_clusters/multi/chan7_0203p_02032021_102b_4_DAPI+cells_37.png,../prepare_data_source/revised_clusters/multi/chan11_0203p_02032021_102b_4_DAPI+cells_37.png,wbc platelet
../prepare_data_source/revised_clusters/multi/chan2_0203p_02032021_102b_4_DAPI+cells_38.png,../prepare_data_source/revised_clusters/multi/chan3_0203p_02032021_102b_4_DAPI+cells_38.png,../prepare_data_source/revised_clusters/multi/chan7_0203p_02032021_102b_4_DAPI+cells_38.png,../prepare_data_source/revised_clusters/multi/chan11_0203p_02032021_102b_4_DAPI+cells_38.png,wbc platelet
../prepare_data_source/revised_clusters/multi/chan2_0203p_02032021_102b_4_DAPI+cells_39.png,../prepare_data_source/revised_clusters/multi/chan3_0203p_02032021_102b_4_DAPI+cells_39.png,../prepare_data_source/revised_clusters/multi/chan7_0203p_02032021_102b_4_DAPI+cells_39.png,../prepare_data_source/revised_clusters/multi/chan11_0203p_02032021_102b_4_DAPI+cells_39.png,wbc platelet
../prepare_data_source/revised_clusters/multi/chan2_0203p_02032021_102b_4_DAPI+cells_4.png,../prepare_data_source/revised_clusters/multi/chan3_0203p_02032021_102b_4_DAPI+cells_4.png,../prepare_data_source/revised_clusters/multi/chan7_0203p_02032021_102b_4_DAPI+cells_4.png,../prepare_data_source/revised_clusters/multi/chan11_0203p_02032021_102b_4_DAPI+cells_4.png,wbc platelet
../prepare_data_source/revised_clusters/multi/chan2_0203p_02032021_102b_4_DAPI+cells_40.png,../prepare_data_source/revised_clusters/multi/chan3_0203p_02032021_102b_4_DAPI+cells_40.png,../prepare_data_source/revised_clusters/multi/chan7_0203p_02032021_102b_4_DAPI+cells_40.png,../prepare_data_source/revised_clusters/multi/chan11_0203p_02032021_102b_4_DAPI+cells_40.png,wbc platelet
../prepare_data_source/revised_clusters/multi/chan2_0203p_02032021_102b_4_DAPI+cells_41.png,../prepare_data_source/revised_clusters/multi/chan3_0203p_02032021_102b_4_DAPI+cells_41.png,../prepare_data_source/revised_clusters/multi/chan7_0203p_02032021_102b_4_DAPI+cells_41.png,../prepare_data_source/revised_clusters/multi/chan11_0203p_02032021_102b_4_DAPI+cells_41.png,wbc platelet
../prepare_data_source/revised_clusters/multi/chan2_0203p_02032021_102b_4_DAPI+cells_42.png,../prepare_data_source/revised_clusters/multi/chan3_0203p_02032021_102b_4_DAPI+cells_42.png,../prepare_data_source/revised_clusters/multi/chan7_0203p_02032021_102b_4_DAPI+cells_42.png,../prepare_data_source/revised_clusters/multi/chan11_0203p_02032021_102b_4_DAPI+cells_42.png,wbc platelet
../prepare_data_source/revised_clusters/multi/chan2_0203p_02032021_102b_4_DAPI+cells_43.png,../prepare_data_source/revised_clusters/multi/chan3_0203p_02032021_102b_4_DAPI+cells_43.png,../prepare_data_source/revised_clusters/multi/chan7_0203p_02032021_102b_4_DAPI+cells_43.png,../prepare_data_source/revised_clusters/multi/chan11_0203p_02032021_102b_4_DAPI+cells_43.png,wbc platelet
../prepare_data_source/revised_clusters/multi/chan2_0203p_02032021_102b_4_DAPI+cells_44.png,../prepare_data_source/revised_clusters/multi/chan3_0203p_02032021_102b_4_DAPI+cells_44.png,../prepare_data_source/revised_clusters/multi/chan7_0203p_02032021_102b_4_DAPI+cells_44.png,../prepare_data_source/revised_clusters/multi/chan11_0203p_02032021_102b_4_DAPI+cells_44.png,wbc platelet
../prepare_data_source/revised_clusters/multi/chan2_0203p_02032021_102b_4_DAPI+cells_45.png,../prepare_data_source/revised_clusters/multi/chan3_0203p_02032021_102b_4_DAPI+cells_45.png,../prepare_data_source/revised_clusters/multi/chan7_0203p_02032021_102b_4_DAPI+cells_45.png,../prepare_data_source/revised_clusters/multi/chan11_0203p_02032021_102b_4_DAPI+cells_45.png,wbc platelet
../prepare_data_source/revised_clusters/multi/chan2_0203p_02032021_102b_4_DAPI+cells_46.png,../prepare_data_source/revised_clusters/multi/chan3_0203p_02032021_102b_4_DAPI+cells_46.png,../prepare_data_source/revised_clusters/multi/chan7_0203p_02032021_102b_4_DAPI+cells_46.png,../prepare_data_source/revised_clusters/multi/chan11_0203p_02032021_102b_4_DAPI+cells_46.png,wbc platelet
../prepare_data_source/revised_clusters/multi/chan2_0203p_02032021_102b_4_DAPI+cells_47.png,../prepare_data_source/revised_clusters/multi/chan3_0203p_02032021_102b_4_DAPI+cells_47.png,../prepare_data_source/revised_clusters/multi/chan7_0203p_02032021_102b_4_DAPI+cells_47.png,../prepare_data_source/revised_clusters/multi/chan11_0203p_02032021_102b_4_DAPI+cells_47.png,wbc platelet
../prepare_data_source/revised_clusters/multi/chan2_0203p_02032021_102b_4_DAPI+cells_48.png,../prepare_data_source/revised_clusters/multi/chan3_0203p_02032021_102b_4_DAPI+cells_48.png,../prepare_data_source/revised_clusters/multi/chan7_0203p_02032021_102b_4_DAPI+cells_48.png,../prepare_data_source/revised_clusters/multi/chan11_0203p_02032021_102b_4_DAPI+cells_48.png,wbc platelet
../prepare_data_source/revised_clusters/multi/chan2_0203p_02032021_102b_4_DAPI+cells_49.png,../prepare_data_source/revised_clusters/multi/chan3_0203p_02032021_102b_4_DAPI+cells_49.png,../prepare_data_source/revised_clusters/multi/chan7_0203p_02032021_102b_4_DAPI+cells_49.png,../prepare_data_source/revised_clusters/multi/chan11_0203p_02032021_102b_4_DAPI+cells_49.png,wbc platelet
../prepare_data_source/revised_clusters/multi/chan2_0203p_02032021_102b_4_DAPI+cells_5.png,../prepare_data_source/revised_clusters/multi/chan3_0203p_02032021_102b_4_DAPI+cells_5.png,../prepare_data_source/revised_clusters/multi/chan7_0203p_02032021_102b_4_DAPI+cells_5.png,../prepare_data_source/revised_clusters/multi/chan11_0203p_02032021_102b_4_DAPI+cells_5.png,wbc platelet
../prepare_data_source/revised_clusters/multi/chan2_0203p_02032021_102b_4_DAPI+cells_50.png,../prepare_data_source/revised_clusters/multi/chan3_0203p_02032021_102b_4_DAPI+cells_50.png,../prepare_data_source/revised_clusters/multi/chan7_0203p_02032021_102b_4_DAPI+cells_50.png,../prepare_data_source/revised_clusters/multi/chan11_0203p_02032021_102b_4_DAPI+cells_50.png,wbc platelet
../prepare_data_source/revised_clusters/multi/chan2_0203p_02032021_102b_4_DAPI+cells_51.png,../prepare_data_source/revised_clusters/multi/chan3_0203p_02032021_102b_4_DAPI+cells_51.png,../prepare_data_source/revised_clusters/multi/chan7_0203p_02032021_102b_4_DAPI+cells_51.png,../prepare_data_source/revised_clusters/multi/chan11_0203p_02032021_102b_4_DAPI+cells_51.png,wbc platelet
../prepare_data_source/revised_clusters/multi/chan2_0203p_02032021_102b_4_DAPI+cells_52.png,../prepare_data_source/revised_clusters/multi/chan3_0203p_02032021_102b_4_DAPI+cells_52.png,../prepare_data_source/revised_clusters/multi/chan7_0203p_02032021_102b_4_DAPI+cells_52.png,../prepare_data_source/revised_clusters/multi/chan11_0203p_02032021_102b_4_DAPI+cells_52.png,wbc platelet
../prepare_data_source/revised_clusters/multi/chan2_0203p_02032021_102b_4_DAPI+cells_53.png,../prepare_data_source/revised_clusters/multi/chan3_0203p_02032021_102b_4_DAPI+cells_53.png,../prepare_data_source/revised_clusters/multi/chan7_0203p_02032021_102b_4_DAPI+cells_53.png,../prepare_data_source/revised_clusters/multi/chan11_0203p_02032021_102b_4_DAPI+cells_53.png,wbc platelet
../prepare_data_source/revised_clusters/multi/chan2_0203p_02032021_102b_4_DAPI+cells_54.png,../prepare_data_source/revised_clusters/multi/chan3_0203p_02032021_102b_4_DAPI+cells_54.png,../prepare_data_source/revised_clusters/multi/chan7_0203p_02032021_102b_4_DAPI+cells_54.png,../prepare_data_source/revised_clusters/multi/chan11_0203p_02032021_102b_4_DAPI+cells_54.png,wbc platelet
../prepare_data_source/revised_clusters/multi/chan2_0203p_02032021_102b_4_DAPI+cells_55.png,../prepare_data_source/revised_clusters/multi/chan3_0203p_02032021_102b_4_DAPI+cells_55.png,../prepare_data_source/revised_clusters/multi/chan7_0203p_02032021_102b_4_DAPI+cells_55.png,../prepare_data_source/revised_clusters/multi/chan11_0203p_02032021_102b_4_DAPI+cells_55.png,wbc platelet
../prepare_data_source/revised_clusters/multi/chan2_0203p_02032021_102b_4_DAPI+cells_56.png,../prepare_data_source/revised_clusters/multi/chan3_0203p_02032021_102b_4_DAPI+cells_56.png,../prepare_data_source/revised_clusters/multi/chan7_0203p_02032021_102b_4_DAPI+cells_56.png,../prepare_data_source/revised_clusters/multi/chan11_0203p_02032021_102b_4_DAPI+cells_56.png,wbc platelet
../prepare_data_source/revised_clusters/multi/chan2_0203p_02032021_102b_4_DAPI+cells_57.png,../prepare_data_source/revised_clusters/multi/chan3_0203p_02032021_102b_4_DAPI+cells_57.png,../prepare_data_source/revised_clusters/multi/chan7_0203p_02032021_102b_4_DAPI+cells_57.png,../prepare_data_source/revised_clusters/multi/chan11_0203p_02032021_102b_4_DAPI+cells_57.png,wbc platelet
../prepare_data_source/revised_clusters/multi/chan2_0203p_02032021_102b_4_DAPI+cells_58.png,../prepare_data_source/revised_clusters/multi/chan3_0203p_02032021_102b_4_DAPI+cells_58.png,../prepare_data_source/revised_clusters/multi/chan7_0203p_02032021_102b_4_DAPI+cells_58.png,../prepare_data_source/revised_clusters/multi/chan11_0203p_02032021_102b_4_DAPI+cells_58.png,wbc platelet
../prepare_data_source/revised_clusters/multi/chan2_0203p_02032021_102b_4_DAPI+cells_59.png,../prepare_data_source/revised_clusters/multi/chan3_0203p_02032021_102b_4_DAPI+cells_59.png,../prepare_data_source/revised_clusters/multi/chan7_0203p_02032021_102b_4_DAPI+cells_59.png,../prepare_data_source/revised_clusters/multi/chan11_0203p_02032021_102b_4_DAPI+cells_59.png,wbc platelet
../prepare_data_source/revised_clusters/multi/chan2_0203p_02032021_102b_4_DAPI+cells_6.png,../prepare_data_source/revised_clusters/multi/chan3_0203p_02032021_102b_4_DAPI+cells_6.png,../prepare_data_source/revised_clusters/multi/chan7_0203p_02032021_102b_4_DAPI+cells_6.png,../prepare_data_source/revised_clusters/multi/chan11_0203p_02032021_102b_4_DAPI+cells_6.png,wbc platelet
../prepare_data_source/revised_clusters/multi/chan2_0203p_02032021_102b_4_DAPI+cells_60.png,../prepare_data_source/revised_clusters/multi/chan3_0203p_02032021_102b_4_DAPI+cells_60.png,../prepare_data_source/revised_clusters/multi/chan7_0203p_02032021_102b_4_DAPI+cells_60.png,../prepare_data_source/revised_clusters/multi/chan11_0203p_02032021_102b_4_DAPI+cells_60.png,wbc platelet
../prepare_data_source/revised_clusters/multi/chan2_0203p_02032021_102b_4_DAPI+cells_61.png,../prepare_data_source/revised_clusters/multi/chan3_0203p_02032021_102b_4_DAPI+cells_61.png,../prepare_data_source/revised_clusters/multi/chan7_0203p_02032021_102b_4_DAPI+cells_61.png,../prepare_data_source/revised_clusters/multi/chan11_0203p_02032021_102b_4_DAPI+cells_61.png,wbc platelet
../prepare_data_source/revised_clusters/multi/chan2_0203p_02032021_102b_4_DAPI+cells_62.png,../prepare_data_source/revised_clusters/multi/chan3_0203p_02032021_102b_4_DAPI+cells_62.png,../prepare_data_source/revised_clusters/multi/chan7_0203p_02032021_102b_4_DAPI+cells_62.png,../prepare_data_source/revised_clusters/multi/chan11_0203p_02032021_102b_4_DAPI+cells_62.png,wbc platelet
../prepare_data_source/revised_clusters/multi/chan2_0203p_02032021_102b_4_DAPI+cells_63.png,../prepare_data_source/revised_clusters/multi/chan3_0203p_02032021_102b_4_DAPI+cells_63.png,../prepare_data_source/revised_clusters/multi/chan7_0203p_02032021_102b_4_DAPI+cells_63.png,../prepare_data_source/revised_clusters/multi/chan11_0203p_02032021_102b_4_DAPI+cells_63.png,wbc platelet
../prepare_data_source/revised_clusters/multi/chan2_0203p_02032021_102b_4_DAPI+cells_64.png,../prepare_data_source/revised_clusters/multi/chan3_0203p_02032021_102b_4_DAPI+cells_64.png,../prepare_data_source/revised_clusters/multi/chan7_0203p_02032021_102b_4_DAPI+cells_64.png,../prepare_data_source/revised_clusters/multi/chan11_0203p_02032021_102b_4_DAPI+cells_64.png,wbc platelet
../prepare_data_source/revised_clusters/multi/chan2_0203p_02032021_102b_4_DAPI+cells_65.png,../prepare_data_source/revised_clusters/multi/chan3_0203p_02032021_102b_4_DAPI+cells_65.png,../prepare_data_source/revised_clusters/multi/chan7_0203p_02032021_102b_4_DAPI+cells_65.png,../prepare_data_source/revised_clusters/multi/chan11_0203p_02032021_102b_4_DAPI+cells_65.png,wbc platelet
../prepare_data_source/revised_clusters/multi/chan2_0203p_02032021_102b_4_DAPI+cells_66.png,../prepare_data_source/revised_clusters/multi/chan3_0203p_02032021_102b_4_DAPI+cells_66.png,../prepare_data_source/revised_clusters/multi/chan7_0203p_02032021_102b_4_DAPI+cells_66.png,../prepare_data_source/revised_clusters/multi/chan11_0203p_02032021_102b_4_DAPI+cells_66.png,wbc platelet
../prepare_data_source/revised_clusters/multi/chan2_0203p_02032021_102b_4_DAPI+cells_67.png,../prepare_data_source/revised_clusters/multi/chan3_0203p_02032021_102b_4_DAPI+cells_67.png,../prepare_data_source/revised_clusters/multi/chan7_0203p_02032021_102b_4_DAPI+cells_67.png,../prepare_data_source/revised_clusters/multi/chan11_0203p_02032021_102b_4_DAPI+cells_67.png,wbc platelet
../prepare_data_source/revised_clusters/multi/chan2_0203p_02032021_102b_4_DAPI+cells_68.png,../prepare_data_source/revised_clusters/multi/chan3_0203p_02032021_102b_4_DAPI+cells_68.png,../prepare_data_source/revised_clusters/multi/chan7_0203p_02032021_102b_4_DAPI+cells_68.png,../prepare_data_source/revised_clusters/multi/chan11_0203p_02032021_102b_4_DAPI+cells_68.png,wbc platelet
../prepare_data_source/revised_clusters/multi/chan2_0203p_02032021_102b_4_DAPI+cells_69.png,../prepare_data_source/revised_clusters/multi/chan3_0203p_02032021_102b_4_DAPI+cells_69.png,../prepare_data_source/revised_clusters/multi/chan7_0203p_02032021_102b_4_DAPI+cells_69.png,../prepare_data_source/revised_clusters/multi/chan11_0203p_02032021_102b_4_DAPI+cells_69.png,wbc platelet
../prepare_data_source/revised_clusters/multi/chan2_0203p_02032021_102b_4_DAPI+cells_7.png,../prepare_data_source/revised_clusters/multi/chan3_0203p_02032021_102b_4_DAPI+cells_7.png,../prepare_data_source/revised_clusters/multi/chan7_0203p_02032021_102b_4_DAPI+cells_7.png,../prepare_data_source/revised_clusters/multi/chan11_0203p_02032021_102b_4_DAPI+cells_7.png,wbc platelet
../prepare_data_source/revised_clusters/multi/chan2_0203p_02032021_102b_4_DAPI+cells_70.png,../prepare_data_source/revised_clusters/multi/chan3_0203p_02032021_102b_4_DAPI+cells_70.png,../prepare_data_source/revised_clusters/multi/chan7_0203p_02032021_102b_4_DAPI+cells_70.png,../prepare_data_source/revised_clusters/multi/chan11_0203p_02032021_102b_4_DAPI+cells_70.png,wbc platelet
../prepare_data_source/revised_clusters/multi/chan2_0203p_02032021_102b_4_DAPI+cells_71.png,../prepare_data_source/revised_clusters/multi/chan3_0203p_02032021_102b_4_DAPI+cells_71.png,../prepare_data_source/revised_clusters/multi/chan7_0203p_02032021_102b_4_DAPI+cells_71.png,../prepare_data_source/revised_clusters/multi/chan11_0203p_02032021_102b_4_DAPI+cells_71.png,wbc platelet
../prepare_data_source/revised_clusters/multi/chan2_0203p_02032021_102b_4_DAPI+cells_72.png,../prepare_data_source/revised_clusters/multi/chan3_0203p_02032021_102b_4_DAPI+cells_72.png,../prepare_data_source/revised_clusters/multi/chan7_0203p_02032021_102b_4_DAPI+cells_72.png,../prepare_data_source/revised_clusters/multi/chan11_0203p_02032021_102b_4_DAPI+cells_72.png,wbc platelet
../prepare_data_source/revised_clusters/multi/chan2_0203p_02032021_102b_4_DAPI+cells_73.png,../prepare_data_source/revised_clusters/multi/chan3_0203p_02032021_102b_4_DAPI+cells_73.png,../prepare_data_source/revised_clusters/multi/chan7_0203p_02032021_102b_4_DAPI+cells_73.png,../prepare_data_source/revised_clusters/multi/chan11_0203p_02032021_102b_4_DAPI+cells_73.png,wbc platelet
../prepare_data_source/revised_clusters/multi/chan2_0203p_02032021_102b_4_DAPI+cells_74.png,../prepare_data_source/revised_clusters/multi/chan3_0203p_02032021_102b_4_DAPI+cells_74.png,../prepare_data_source/revised_clusters/multi/chan7_0203p_02032021_102b_4_DAPI+cells_74.png,../prepare_data_source/revised_clusters/multi/chan11_0203p_02032021_102b_4_DAPI+cells_74.png,wbc platelet
../prepare_data_source/revised_clusters/multi/chan2_0203p_02032021_102b_4_DAPI+cells_75.png,../prepare_data_source/revised_clusters/multi/chan3_0203p_02032021_102b_4_DAPI+cells_75.png,../prepare_data_source/revised_clusters/multi/chan7_0203p_02032021_102b_4_DAPI+cells_75.png,../prepare_data_source/revised_clusters/multi/chan11_0203p_02032021_102b_4_DAPI+cells_75.png,wbc platelet
../prepare_data_source/revised_clusters/multi/chan2_0203p_02032021_102b_4_DAPI+cells_76.png,../prepare_data_source/revised_clusters/multi/chan3_0203p_02032021_102b_4_DAPI+cells_76.png,../prepare_data_source/revised_clusters/multi/chan7_0203p_02032021_102b_4_DAPI+cells_76.png,../prepare_data_source/revised_clusters/multi/chan11_0203p_02032021_102b_4_DAPI+cells_76.png,wbc platelet
../prepare_data_source/revised_clusters/multi/chan2_0203p_02032021_102b_4_DAPI+cells_77.png,../prepare_data_source/revised_clusters/multi/chan3_0203p_02032021_102b_4_DAPI+cells_77.png,../prepare_data_source/revised_clusters/multi/chan7_0203p_02032021_102b_4_DAPI+cells_77.png,../prepare_data_source/revised_clusters/multi/chan11_0203p_02032021_102b_4_DAPI+cells_77.png,wbc platelet
../prepare_data_source/revised_clusters/multi/chan2_0203p_02032021_102b_4_DAPI+cells_78.png,../prepare_data_source/revised_clusters/multi/chan3_0203p_02032021_102b_4_DAPI+cells_78.png,../prepare_data_source/revised_clusters/multi/chan7_0203p_02032021_102b_4_DAPI+cells_78.png,../prepare_data_source/revised_clusters/multi/chan11_0203p_02032021_102b_4_DAPI+cells_78.png,wbc platelet
../prepare_data_source/revised_clusters/multi/chan2_0203p_02032021_102b_4_DAPI+cells_79.png,../prepare_data_source/revised_clusters/multi/chan3_0203p_02032021_102b_4_DAPI+cells_79.png,../prepare_data_source/revised_clusters/multi/chan7_0203p_02032021_102b_4_DAPI+cells_79.png,../prepare_data_source/revised_clusters/multi/chan11_0203p_02032021_102b_4_DAPI+cells_79.png,wbc platelet
../prepare_data_source/revised_clusters/multi/chan2_0203p_02032021_102b_4_DAPI+cells_8.png,../prepare_data_source/revised_clusters/multi/chan3_0203p_02032021_102b_4_DAPI+cells_8.png,../prepare_data_source/revised_clusters/multi/chan7_0203p_02032021_102b_4_DAPI+cells_8.png,../prepare_data_source/revised_clusters/multi/chan11_0203p_02032021_102b_4_DAPI+cells_8.png,wbc platelet
../prepare_data_source/revised_clusters/multi/chan2_0203p_02032021_102b_4_DAPI+cells_80.png,../prepare_data_source/revised_clusters/multi/chan3_0203p_02032021_102b_4_DAPI+cells_80.png,../prepare_data_source/revised_clusters/multi/chan7_0203p_02032021_102b_4_DAPI+cells_80.png,../prepare_data_source/revised_clusters/multi/chan11_0203p_02032021_102b_4_DAPI+cells_80.png,wbc platelet
../prepare_data_source/revised_clusters/multi/chan2_0203p_02032021_102b_4_DAPI+cells_81.png,../prepare_data_source/revised_clusters/multi/chan3_0203p_02032021_102b_4_DAPI+cells_81.png,../prepare_data_source/revised_clusters/multi/chan7_0203p_02032021_102b_4_DAPI+cells_81.png,../prepare_data_source/revised_clusters/multi/chan11_0203p_02032021_102b_4_DAPI+cells_81.png,wbc platelet
../prepare_data_source/revised_clusters/multi/chan2_0203p_02032021_102b_4_DAPI+cells_82.png,../prepare_data_source/revised_clusters/multi/chan3_0203p_02032021_102b_4_DAPI+cells_82.png,../prepare_data_source/revised_clusters/multi/chan7_0203p_02032021_102b_4_DAPI+cells_82.png,../prepare_data_source/revised_clusters/multi/chan11_0203p_02032021_102b_4_DAPI+cells_82.png,wbc platelet
../prepare_data_source/revised_clusters/multi/chan2_0203p_02032021_102b_4_DAPI+cells_83.png,../prepare_data_source/revised_clusters/multi/chan3_0203p_02032021_102b_4_DAPI+cells_83.png,../prepare_data_source/revised_clusters/multi/chan7_0203p_02032021_102b_4_DAPI+cells_83.png,../prepare_data_source/revised_clusters/multi/chan11_0203p_02032021_102b_4_DAPI+cells_83.png,wbc platelet
../prepare_data_source/revised_clusters/multi/chan2_0203p_02032021_102b_4_DAPI+cells_84.png,../prepare_data_source/revised_clusters/multi/chan3_0203p_02032021_102b_4_DAPI+cells_84.png,../prepare_data_source/revised_clusters/multi/chan7_0203p_02032021_102b_4_DAPI+cells_84.png,../prepare_data_source/revised_clusters/multi/chan11_0203p_02032021_102b_4_DAPI+cells_84.png,wbc platelet
../prepare_data_source/revised_clusters/multi/chan2_0203p_02032021_102b_4_DAPI+cells_85.png,../prepare_data_source/revised_clusters/multi/chan3_0203p_02032021_102b_4_DAPI+cells_85.png,../prepare_data_source/revised_clusters/multi/chan7_0203p_02032021_102b_4_DAPI+cells_85.png,../prepare_data_source/revised_clusters/multi/chan11_0203p_02032021_102b_4_DAPI+cells_85.png,wbc platelet
../prepare_data_source/revised_clusters/multi/chan2_0203p_02032021_102b_4_DAPI+cells_86.png,../prepare_data_source/revised_clusters/multi/chan3_0203p_02032021_102b_4_DAPI+cells_86.png,../prepare_data_source/revised_clusters/multi/chan7_0203p_02032021_102b_4_DAPI+cells_86.png,../prepare_data_source/revised_clusters/multi/chan11_0203p_02032021_102b_4_DAPI+cells_86.png,wbc platelet
../prepare_data_source/revised_clusters/multi/chan2_0203p_02032021_102b_4_DAPI+cells_87.png,../prepare_data_source/revised_clusters/multi/chan3_0203p_02032021_102b_4_DAPI+cells_87.png,../prepare_data_source/revised_clusters/multi/chan7_0203p_02032021_102b_4_DAPI+cells_87.png,../prepare_data_source/revised_clusters/multi/chan11_0203p_02032021_102b_4_DAPI+cells_87.png,wbc platelet
../prepare_data_source/revised_clusters/multi/chan2_0203p_02032021_102b_4_DAPI+cells_88.png,../prepare_data_source/revised_clusters/multi/chan3_0203p_02032021_102b_4_DAPI+cells_88.png,../prepare_data_source/revised_clusters/multi/chan7_0203p_02032021_102b_4_DAPI+cells_88.png,../prepare_data_source/revised_clusters/multi/chan11_0203p_02032021_102b_4_DAPI+cells_88.png,wbc platelet
../prepare_data_source/revised_clusters/multi/chan2_0203p_02032021_102b_4_DAPI+cells_89.png,../prepare_data_source/revised_clusters/multi/chan3_0203p_02032021_102b_4_DAPI+cells_89.png,../prepare_data_source/revised_clusters/multi/chan7_0203p_02032021_102b_4_DAPI+cells_89.png,../prepare_data_source/revised_clusters/multi/chan11_0203p_02032021_102b_4_DAPI+cells_89.png,wbc platelet
../prepare_data_source/revised_clusters/multi/chan2_0203p_02032021_102b_4_DAPI+cells_9.png,../prepare_data_source/revised_clusters/multi/chan3_0203p_02032021_102b_4_DAPI+cells_9.png,../prepare_data_source/revised_clusters/multi/chan7_0203p_02032021_102b_4_DAPI+cells_9.png,../prepare_data_source/revised_clusters/multi/chan11_0203p_02032021_102b_4_DAPI+cells_9.png,wbc platelet
../prepare_data_source/revised_clusters/multi/chan2_0203p_02032021_102b_4_DAPI+cells_90.png,../prepare_data_source/revised_clusters/multi/chan3_0203p_02032021_102b_4_DAPI+cells_90.png,../prepare_data_source/revised_clusters/multi/chan7_0203p_02032021_102b_4_DAPI+cells_90.png,../prepare_data_source/revised_clusters/multi/chan11_0203p_02032021_102b_4_DAPI+cells_90.png,wbc platelet
../prepare_data_source/revised_clusters/multi/chan2_0203p_02032021_102b_4_DAPI+cells_91.png,../prepare_data_source/revised_clusters/multi/chan3_0203p_02032021_102b_4_DAPI+cells_91.png,../prepare_data_source/revised_clusters/multi/chan7_0203p_02032021_102b_4_DAPI+cells_91.png,../prepare_data_source/revised_clusters/multi/chan11_0203p_02032021_102b_4_DAPI+cells_91.png,wbc platelet
../prepare_data_source/revised_clusters/multi/chan2_0203p_02032021_102b_4_DAPI+cells_92.png,../prepare_data_source/revised_clusters/multi/chan3_0203p_02032021_102b_4_DAPI+cells_92.png,../prepare_data_source/revised_clusters/multi/chan7_0203p_02032021_102b_4_DAPI+cells_92.png,../prepare_data_source/revised_clusters/multi/chan11_0203p_02032021_102b_4_DAPI+cells_92.png,wbc platelet
../prepare_data_source/revised_clusters/multi/chan2_0203p_02032021_102b_4_DAPI+cells_93.png,../prepare_data_source/revised_clusters/multi/chan3_0203p_02032021_102b_4_DAPI+cells_93.png,../prepare_data_source/revised_clusters/multi/chan7_0203p_02032021_102b_4_DAPI+cells_93.png,../prepare_data_source/revised_clusters/multi/chan11_0203p_02032021_102b_4_DAPI+cells_93.png,wbc platelet
../prepare_data_source/revised_clusters/multi/chan2_0203p_02032021_102b_4_DAPI+cells_94.png,../prepare_data_source/revised_clusters/multi/chan3_0203p_02032021_102b_4_DAPI+cells_94.png,../prepare_data_source/revised_clusters/multi/chan7_0203p_02032021_102b_4_DAPI+cells_94.png,../prepare_data_source/revised_clusters/multi/chan11_0203p_02032021_102b_4_DAPI+cells_94.png,wbc platelet
../prepare_data_source/revised_clusters/multi/chan2_0203p_02032021_102b_4_DAPI+cells_95.png,../prepare_data_source/revised_clusters/multi/chan3_0203p_02032021_102b_4_DAPI+cells_95.png,../prepare_data_source/revised_clusters/multi/chan7_0203p_02032021_102b_4_DAPI+cells_95.png,../prepare_data_source/revised_clusters/multi/chan11_0203p_02032021_102b_4_DAPI+cells_95.png,wbc platelet
../prepare_data_source/revised_clusters/multi/chan2_0203p_02032021_102b_4_DAPI+cells_96.png,../prepare_data_source/revised_clusters/multi/chan3_0203p_02032021_102b_4_DAPI+cells_96.png,../prepare_data_source/revised_clusters/multi/chan7_0203p_02032021_102b_4_DAPI+cells_96.png,../prepare_data_source/revised_clusters/multi/chan11_0203p_02032021_102b_4_DAPI+cells_96.png,wbc platelet
../prepare_data_source/revised_clusters/multi/chan2_0203p_02032021_102b_4_DAPI+cells_97.png,../prepare_data_source/revised_clusters/multi/chan3_0203p_02032021_102b_4_DAPI+cells_97.png,../prepare_data_source/revised_clusters/multi/chan7_0203p_02032021_102b_4_DAPI+cells_97.png,../prepare_data_source/revised_clusters/multi/chan11_0203p_02032021_102b_4_DAPI+cells_97.png,wbc platelet
../prepare_data_source/revised_clusters/multi/chan2_0203p_02032021_102b_4_DAPI+cells_98.png,../prepare_data_source/revised_clusters/multi/chan3_0203p_02032021_102b_4_DAPI+cells_98.png,../prepare_data_source/revised_clusters/multi/chan7_0203p_02032021_102b_4_DAPI+cells_98.png,../prepare_data_source/revised_clusters/multi/chan11_0203p_02032021_102b_4_DAPI+cells_98.png,wbc platelet
../prepare_data_source/revised_clusters/multi/chan2_0203p_02032021_102b_4_DAPI+cells_99.png,../prepare_data_source/revised_clusters/multi/chan3_0203p_02032021_102b_4_DAPI+cells_99.png,../prepare_data_source/revised_clusters/multi/chan7_0203p_02032021_102b_4_DAPI+cells_99.png,../prepare_data_source/revised_clusters/multi/chan11_0203p_02032021_102b_4_DAPI+cells_99.png,wbc platelet
../prepare_data_source/revised_clusters/multi/chan2_0203p_02032021_306b_20_RBS_multiples_1.png,../prepare_data_source/revised_clusters/multi/chan3_0203p_02032021_306b_20_RBS_multiples_1.png,../prepare_data_source/revised_clusters/multi/chan7_0203p_02032021_306b_20_RBS_multiples_1.png,../prepare_data_source/revised_clusters/multi/chan11_0203p_02032021_306b_20_RBS_multiples_1.png,wbc
../prepare_data_source/revised_clusters/multi/chan2_0203p_02032021_306b_20_RBS_multiples_10.png,../prepare_data_source/revised_clusters/multi/chan3_0203p_02032021_306b_20_RBS_multiples_10.png,../prepare_data_source/revised_clusters/multi/chan7_0203p_02032021_306b_20_RBS_multiples_10.png,../prepare_data_source/revised_clusters/multi/chan11_0203p_02032021_306b_20_RBS_multiples_10.png,rbc
../prepare_data_source/revised_clusters/multi/chan2_0203p_02032021_306b_20_RBS_multiples_100.png,../prepare_data_source/revised_clusters/multi/chan3_0203p_02032021_306b_20_RBS_multiples_100.png,../prepare_data_source/revised_clusters/multi/chan7_0203p_02032021_306b_20_RBS_multiples_100.png,../prepare_data_source/revised_clusters/multi/chan11_0203p_02032021_306b_20_RBS_multiples_100.png,wbc
../prepare_data_source/revised_clusters/multi/chan2_0203p_02032021_306b_20_RBS_multiples_101.png,../prepare_data_source/revised_clusters/multi/chan3_0203p_02032021_306b_20_RBS_multiples_101.png,../prepare_data_source/revised_clusters/multi/chan7_0203p_02032021_306b_20_RBS_multiples_101.png,../prepare_data_source/revised_clusters/multi/chan11_0203p_02032021_306b_20_RBS_multiples_101.png,rbc
../prepare_data_source/revised_clusters/multi/chan2_0203p_02032021_306b_20_RBS_multiples_102.png,../prepare_data_source/revised_clusters/multi/chan3_0203p_02032021_306b_20_RBS_multiples_102.png,../prepare_data_source/revised_clusters/multi/chan7_0203p_02032021_306b_20_RBS_multiples_102.png,../prepare_data_source/revised_clusters/multi/chan11_0203p_02032021_306b_20_RBS_multiples_102.png,platelet
../prepare_data_source/revised_clusters/multi/chan2_0203p_02032021_306b_20_RBS_multiples_103.png,../prepare_data_source/revised_clusters/multi/chan3_0203p_02032021_306b_20_RBS_multiples_103.png,../prepare_data_source/revised_clusters/multi/chan7_0203p_02032021_306b_20_RBS_multiples_103.png,../prepare_data_source/revised_clusters/multi/chan11_0203p_02032021_306b_20_RBS_multiples_103.png,platelet
../prepare_data_source/revised_clusters/multi/chan2_0203p_02032021_306b_20_RBS_multiples_104.png,../prepare_data_source/revised_clusters/multi/chan3_0203p_02032021_306b_20_RBS_multiples_104.png,../prepare_data_source/revised_clusters/multi/chan7_0203p_02032021_306b_20_RBS_multiples_104.png,../prepare_data_source/revised_clusters/multi/chan11_0203p_02032021_306b_20_RBS_multiples_104.png,platelet
../prepare_data_source/revised_clusters/multi/chan2_0203p_02032021_306b_20_RBS_multiples_105.png,../prepare_data_source/revised_clusters/multi/chan3_0203p_02032021_306b_20_RBS_multiples_105.png,../prepare_data_source/revised_clusters/multi/chan7_0203p_02032021_306b_20_RBS_multiples_105.png,../prepare_data_source/revised_clusters/multi/chan11_0203p_02032021_306b_20_RBS_multiples_105.png,wbc
../prepare_data_source/revised_clusters/multi/chan2_0203p_02032021_306b_20_RBS_multiples_106.png,../prepare_data_source/revised_clusters/multi/chan3_0203p_02032021_306b_20_RBS_multiples_106.png,../prepare_data_source/revised_clusters/multi/chan7_0203p_02032021_306b_20_RBS_multiples_106.png,../prepare_data_source/revised_clusters/multi/chan11_0203p_02032021_306b_20_RBS_multiples_106.png,rbc
../prepare_data_source/revised_clusters/multi/chan2_0203p_02032021_306b_20_RBS_multiples_107.png,../prepare_data_source/revised_clusters/multi/chan3_0203p_02032021_306b_20_RBS_multiples_107.png,../prepare_data_source/revised_clusters/multi/chan7_0203p_02032021_306b_20_RBS_multiples_107.png,../prepare_data_source/revised_clusters/multi/chan11_0203p_02032021_306b_20_RBS_multiples_107.png,rbc
../prepare_data_source/revised_clusters/multi/chan2_0203p_02032021_306b_20_RBS_multiples_108.png,../prepare_data_source/revised_clusters/multi/chan3_0203p_02032021_306b_20_RBS_multiples_108.png,../prepare_data_source/revised_clusters/multi/chan7_0203p_02032021_306b_20_RBS_multiples_108.png,../prepare_data_source/revised_clusters/multi/chan11_0203p_02032021_306b_20_RBS_multiples_108.png,wbc
../prepare_data_source/revised_clusters/multi/chan2_0203p_02032021_306b_20_RBS_multiples_109.png,../prepare_data_source/revised_clusters/multi/chan3_0203p_02032021_306b_20_RBS_multiples_109.png,../prepare_data_source/revised_clusters/multi/chan7_0203p_02032021_306b_20_RBS_multiples_109.png,../prepare_data_source/revised_clusters/multi/chan11_0203p_02032021_306b_20_RBS_multiples_109.png,rbc
../prepare_data_source/revised_clusters/multi/chan2_0203p_02032021_306b_20_RBS_multiples_11.png,../prepare_data_source/revised_clusters/multi/chan3_0203p_02032021_306b_20_RBS_multiples_11.png,../prepare_data_source/revised_clusters/multi/chan7_0203p_02032021_306b_20_RBS_multiples_11.png,../prepare_data_source/revised_clusters/multi/chan11_0203p_02032021_306b_20_RBS_multiples_11.png,rbc
../prepare_data_source/revised_clusters/multi/chan2_0203p_02032021_306b_20_RBS_multiples_110.png,../prepare_data_source/revised_clusters/multi/chan3_0203p_02032021_306b_20_RBS_multiples_110.png,../prepare_data_source/revised_clusters/multi/chan7_0203p_02032021_306b_20_RBS_multiples_110.png,../prepare_data_source/revised_clusters/multi/chan11_0203p_02032021_306b_20_RBS_multiples_110.png,platelet
../prepare_data_source/revised_clusters/multi/chan2_0203p_02032021_306b_20_RBS_multiples_111.png,../prepare_data_source/revised_clusters/multi/chan3_0203p_02032021_306b_20_RBS_multiples_111.png,../prepare_data_source/revised_clusters/multi/chan7_0203p_02032021_306b_20_RBS_multiples_111.png,../prepare_data_source/revised_clusters/multi/chan11_0203p_02032021_306b_20_RBS_multiples_111.png,wbc platelet
../prepare_data_source/revised_clusters/multi/chan2_0203p_02032021_306b_20_RBS_multiples_112.png,../prepare_data_source/revised_clusters/multi/chan3_0203p_02032021_306b_20_RBS_multiples_112.png,../prepare_data_source/revised_clusters/multi/chan7_0203p_02032021_306b_20_RBS_multiples_112.png,../prepare_data_source/revised_clusters/multi/chan11_0203p_02032021_306b_20_RBS_multiples_112.png,wbc
../prepare_data_source/revised_clusters/multi/chan2_0203p_02032021_306b_20_RBS_multiples_113.png,../prepare_data_source/revised_clusters/multi/chan3_0203p_02032021_306b_20_RBS_multiples_113.png,../prepare_data_source/revised_clusters/multi/chan7_0203p_02032021_306b_20_RBS_multiples_113.png,../prepare_data_source/revised_clusters/multi/chan11_0203p_02032021_306b_20_RBS_multiples_113.png,rbc
../prepare_data_source/revised_clusters/multi/chan2_0203p_02032021_306b_20_RBS_multiples_114.png,../prepare_data_source/revised_clusters/multi/chan3_0203p_02032021_306b_20_RBS_multiples_114.png,../prepare_data_source/revised_clusters/multi/chan7_0203p_02032021_306b_20_RBS_multiples_114.png,../prepare_data_source/revised_clusters/multi/chan11_0203p_02032021_306b_20_RBS_multiples_114.png,wbc platelet
../prepare_data_source/revised_clusters/multi/chan2_0203p_02032021_306b_20_RBS_multiples_115.png,../prepare_data_source/revised_clusters/multi/chan3_0203p_02032021_306b_20_RBS_multiples_115.png,../prepare_data_source/revised_clusters/multi/chan7_0203p_02032021_306b_20_RBS_multiples_115.png,../prepare_data_source/revised_clusters/multi/chan11_0203p_02032021_306b_20_RBS_multiples_115.png,platelet
../prepare_data_source/revised_clusters/multi/chan2_0203p_02032021_306b_20_RBS_multiples_116.png,../prepare_data_source/revised_clusters/multi/chan3_0203p_02032021_306b_20_RBS_multiples_116.png,../prepare_data_source/revised_clusters/multi/chan7_0203p_02032021_306b_20_RBS_multiples_116.png,../prepare_data_source/revised_clusters/multi/chan11_0203p_02032021_306b_20_RBS_multiples_116.png,rbc
../prepare_data_source/revised_clusters/multi/chan2_0203p_02032021_306b_20_RBS_multiples_117.png,../prepare_data_source/revised_clusters/multi/chan3_0203p_02032021_306b_20_RBS_multiples_117.png,../prepare_data_source/revised_clusters/multi/chan7_0203p_02032021_306b_20_RBS_multiples_117.png,../prepare_data_source/revised_clusters/multi/chan11_0203p_02032021_306b_20_RBS_multiples_117.png,wbc
../prepare_data_source/revised_clusters/multi/chan2_0203p_02032021_306b_20_RBS_multiples_118.png,../prepare_data_source/revised_clusters/multi/chan3_0203p_02032021_306b_20_RBS_multiples_118.png,../prepare_data_source/revised_clusters/multi/chan7_0203p_02032021_306b_20_RBS_multiples_118.png,../prepare_data_source/revised_clusters/multi/chan11_0203p_02032021_306b_20_RBS_multiples_118.png,platelet
../prepare_data_source/revised_clusters/multi/chan2_0203p_02032021_306b_20_RBS_multiples_119.png,../prepare_data_source/revised_clusters/multi/chan3_0203p_02032021_306b_20_RBS_multiples_119.png,../prepare_data_source/revised_clusters/multi/chan7_0203p_02032021_306b_20_RBS_multiples_119.png,../prepare_data_source/revised_clusters/multi/chan11_0203p_02032021_306b_20_RBS_multiples_119.png,wbc
../prepare_data_source/revised_clusters/multi/chan2_0203p_02032021_306b_20_RBS_multiples_12.png,../prepare_data_source/revised_clusters/multi/chan3_0203p_02032021_306b_20_RBS_multiples_12.png,../prepare_data_source/revised_clusters/multi/chan7_0203p_02032021_306b_20_RBS_multiples_12.png,../prepare_data_source/revised_clusters/multi/chan11_0203p_02032021_306b_20_RBS_multiples_12.png,wbc
../prepare_data_source/revised_clusters/multi/chan2_0203p_02032021_306b_20_RBS_multiples_120.png,../prepare_data_source/revised_clusters/multi/chan3_0203p_02032021_306b_20_RBS_multiples_120.png,../prepare_data_source/revised_clusters/multi/chan7_0203p_02032021_306b_20_RBS_multiples_120.png,../prepare_data_source/revised_clusters/multi/chan11_0203p_02032021_306b_20_RBS_multiples_120.png,wbc
../prepare_data_source/revised_clusters/multi/chan2_0203p_02032021_306b_20_RBS_multiples_121.png,../prepare_data_source/revised_clusters/multi/chan3_0203p_02032021_306b_20_RBS_multiples_121.png,../prepare_data_source/revised_clusters/multi/chan7_0203p_02032021_306b_20_RBS_multiples_121.png,../prepare_data_source/revised_clusters/multi/chan11_0203p_02032021_306b_20_RBS_multiples_121.png,rbc
../prepare_data_source/revised_clusters/multi/chan2_0203p_02032021_306b_20_RBS_multiples_122.png,../prepare_data_source/revised_clusters/multi/chan3_0203p_02032021_306b_20_RBS_multiples_122.png,../prepare_data_source/revised_clusters/multi/chan7_0203p_02032021_306b_20_RBS_multiples_122.png,../prepare_data_source/revised_clusters/multi/chan11_0203p_02032021_306b_20_RBS_multiples_122.png,wbc platelet
../prepare_data_source/revised_clusters/multi/chan2_0203p_02032021_306b_20_RBS_multiples_123.png,../prepare_data_source/revised_clusters/multi/chan3_0203p_02032021_306b_20_RBS_multiples_123.png,../prepare_data_source/revised_clusters/multi/chan7_0203p_02032021_306b_20_RBS_multiples_123.png,../prepare_data_source/revised_clusters/multi/chan11_0203p_02032021_306b_20_RBS_multiples_123.png,rbc
../prepare_data_source/revised_clusters/multi/chan2_0203p_02032021_306b_20_RBS_multiples_124.png,../prepare_data_source/revised_clusters/multi/chan3_0203p_02032021_306b_20_RBS_multiples_124.png,../prepare_data_source/revised_clusters/multi/chan7_0203p_02032021_306b_20_RBS_multiples_124.png,../prepare_data_source/revised_clusters/multi/chan11_0203p_02032021_306b_20_RBS_multiples_124.png,wbc
../prepare_data_source/revised_clusters/multi/chan2_0203p_02032021_306b_20_RBS_multiples_125.png,../prepare_data_source/revised_clusters/multi/chan3_0203p_02032021_306b_20_RBS_multiples_125.png,../prepare_data_source/revised_clusters/multi/chan7_0203p_02032021_306b_20_RBS_multiples_125.png,../prepare_data_source/revised_clusters/multi/chan11_0203p_02032021_306b_20_RBS_multiples_125.png,wbc platelet
../prepare_data_source/revised_clusters/multi/chan2_0203p_02032021_306b_20_RBS_multiples_126.png,../prepare_data_source/revised_clusters/multi/chan3_0203p_02032021_306b_20_RBS_multiples_126.png,../prepare_data_source/revised_clusters/multi/chan7_0203p_02032021_306b_20_RBS_multiples_126.png,../prepare_data_source/revised_clusters/multi/chan11_0203p_02032021_306b_20_RBS_multiples_126.png,platelet
../prepare_data_source/revised_clusters/multi/chan2_0203p_02032021_306b_20_RBS_multiples_127.png,../prepare_data_source/revised_clusters/multi/chan3_0203p_02032021_306b_20_RBS_multiples_127.png,../prepare_data_source/revised_clusters/multi/chan7_0203p_02032021_306b_20_RBS_multiples_127.png,../prepare_data_source/revised_clusters/multi/chan11_0203p_02032021_306b_20_RBS_multiples_127.png,platelet
../prepare_data_source/revised_clusters/multi/chan2_0203p_02032021_306b_20_RBS_multiples_128.png,../prepare_data_source/revised_clusters/multi/chan3_0203p_02032021_306b_20_RBS_multiples_128.png,../prepare_data_source/revised_clusters/multi/chan7_0203p_02032021_306b_20_RBS_multiples_128.png,../prepare_data_source/revised_clusters/multi/chan11_0203p_02032021_306b_20_RBS_multiples_128.png,rbc
../prepare_data_source/revised_clusters/multi/chan2_0203p_02032021_306b_20_RBS_multiples_129.png,../prepare_data_source/revised_clusters/multi/chan3_0203p_02032021_306b_20_RBS_multiples_129.png,../prepare_data_source/revised_clusters/multi/chan7_0203p_02032021_306b_20_RBS_multiples_129.png,../prepare_data_source/revised_clusters/multi/chan11_0203p_02032021_306b_20_RBS_multiples_129.png,platelet
../prepare_data_source/revised_clusters/multi/chan2_0203p_02032021_306b_20_RBS_multiples_13.png,../prepare_data_source/revised_clusters/multi/chan3_0203p_02032021_306b_20_RBS_multiples_13.png,../prepare_data_source/revised_clusters/multi/chan7_0203p_02032021_306b_20_RBS_multiples_13.png,../prepare_data_source/revised_clusters/multi/chan11_0203p_02032021_306b_20_RBS_multiples_13.png,rbc
../prepare_data_source/revised_clusters/multi/chan2_0203p_02032021_306b_20_RBS_multiples_14.png,../prepare_data_source/revised_clusters/multi/chan3_0203p_02032021_306b_20_RBS_multiples_14.png,../prepare_data_source/revised_clusters/multi/chan7_0203p_02032021_306b_20_RBS_multiples_14.png,../prepare_data_source/revised_clusters/multi/chan11_0203p_02032021_306b_20_RBS_multiples_14.png,wbc platelet
../prepare_data_source/revised_clusters/multi/chan2_0203p_02032021_306b_20_RBS_multiples_15.png,../prepare_data_source/revised_clusters/multi/chan3_0203p_02032021_306b_20_RBS_multiples_15.png,../prepare_data_source/revised_clusters/multi/chan7_0203p_02032021_306b_20_RBS_multiples_15.png,../prepare_data_source/revised_clusters/multi/chan11_0203p_02032021_306b_20_RBS_multiples_15.png,wbc platelet
../prepare_data_source/revised_clusters/multi/chan2_0203p_02032021_306b_20_RBS_multiples_16.png,../prepare_data_source/revised_clusters/multi/chan3_0203p_02032021_306b_20_RBS_multiples_16.png,../prepare_data_source/revised_clusters/multi/chan7_0203p_02032021_306b_20_RBS_multiples_16.png,../prepare_data_source/revised_clusters/multi/chan11_0203p_02032021_306b_20_RBS_multiples_16.png,wbc
../prepare_data_source/revised_clusters/multi/chan2_0203p_02032021_306b_20_RBS_multiples_17.png,../prepare_data_source/revised_clusters/multi/chan3_0203p_02032021_306b_20_RBS_multiples_17.png,../prepare_data_source/revised_clusters/multi/chan7_0203p_02032021_306b_20_RBS_multiples_17.png,../prepare_data_source/revised_clusters/multi/chan11_0203p_02032021_306b_20_RBS_multiples_17.png,wbc
../prepare_data_source/revised_clusters/multi/chan2_0203p_02032021_306b_20_RBS_multiples_18.png,../prepare_data_source/revised_clusters/multi/chan3_0203p_02032021_306b_20_RBS_multiples_18.png,../prepare_data_source/revised_clusters/multi/chan7_0203p_02032021_306b_20_RBS_multiples_18.png,../prepare_data_source/revised_clusters/multi/chan11_0203p_02032021_306b_20_RBS_multiples_18.png,rbc
../prepare_data_source/revised_clusters/multi/chan2_0203p_02032021_306b_20_RBS_multiples_19.png,../prepare_data_source/revised_clusters/multi/chan3_0203p_02032021_306b_20_RBS_multiples_19.png,../prepare_data_source/revised_clusters/multi/chan7_0203p_02032021_306b_20_RBS_multiples_19.png,../prepare_data_source/revised_clusters/multi/chan11_0203p_02032021_306b_20_RBS_multiples_19.png,wbc
../prepare_data_source/revised_clusters/multi/chan2_0203p_02032021_306b_20_RBS_multiples_2.png,../prepare_data_source/revised_clusters/multi/chan3_0203p_02032021_306b_20_RBS_multiples_2.png,../prepare_data_source/revised_clusters/multi/chan7_0203p_02032021_306b_20_RBS_multiples_2.png,../prepare_data_source/revised_clusters/multi/chan11_0203p_02032021_306b_20_RBS_multiples_2.png,wbc platelet
../prepare_data_source/revised_clusters/multi/chan2_0203p_02032021_306b_20_RBS_multiples_20.png,../prepare_data_source/revised_clusters/multi/chan3_0203p_02032021_306b_20_RBS_multiples_20.png,../prepare_data_source/revised_clusters/multi/chan7_0203p_02032021_306b_20_RBS_multiples_20.png,../prepare_data_source/revised_clusters/multi/chan11_0203p_02032021_306b_20_RBS_multiples_20.png,rbc
../prepare_data_source/revised_clusters/multi/chan2_0203p_02032021_306b_20_RBS_multiples_21.png,../prepare_data_source/revised_clusters/multi/chan3_0203p_02032021_306b_20_RBS_multiples_21.png,../prepare_data_source/revised_clusters/multi/chan7_0203p_02032021_306b_20_RBS_multiples_21.png,../prepare_data_source/revised_clusters/multi/chan11_0203p_02032021_306b_20_RBS_multiples_21.png,rbc
../prepare_data_source/revised_clusters/multi/chan2_0203p_02032021_306b_20_RBS_multiples_22.png,../prepare_data_source/revised_clusters/multi/chan3_0203p_02032021_306b_20_RBS_multiples_22.png,../prepare_data_source/revised_clusters/multi/chan7_0203p_02032021_306b_20_RBS_multiples_22.png,../prepare_data_source/revised_clusters/multi/chan11_0203p_02032021_306b_20_RBS_multiples_22.png,wbc
../prepare_data_source/revised_clusters/multi/chan2_0203p_02032021_306b_20_RBS_multiples_23.png,../prepare_data_source/revised_clusters/multi/chan3_0203p_02032021_306b_20_RBS_multiples_23.png,../prepare_data_source/revised_clusters/multi/chan7_0203p_02032021_306b_20_RBS_multiples_23.png,../prepare_data_source/revised_clusters/multi/chan11_0203p_02032021_306b_20_RBS_multiples_23.png,rbc
../prepare_data_source/revised_clusters/multi/chan2_0203p_02032021_306b_20_RBS_multiples_24.png,../prepare_data_source/revised_clusters/multi/chan3_0203p_02032021_306b_20_RBS_multiples_24.png,../prepare_data_source/revised_clusters/multi/chan7_0203p_02032021_306b_20_RBS_multiples_24.png,../prepare_data_source/revised_clusters/multi/chan11_0203p_02032021_306b_20_RBS_multiples_24.png,wbc
../prepare_data_source/revised_clusters/multi/chan2_0203p_02032021_306b_20_RBS_multiples_25.png,../prepare_data_source/revised_clusters/multi/chan3_0203p_02032021_306b_20_RBS_multiples_25.png,../prepare_data_source/revised_clusters/multi/chan7_0203p_02032021_306b_20_RBS_multiples_25.png,../prepare_data_source/revised_clusters/multi/chan11_0203p_02032021_306b_20_RBS_multiples_25.png,wbc platelet
../prepare_data_source/revised_clusters/multi/chan2_0203p_02032021_306b_20_RBS_multiples_26.png,../prepare_data_source/revised_clusters/multi/chan3_0203p_02032021_306b_20_RBS_multiples_26.png,../prepare_data_source/revised_clusters/multi/chan7_0203p_02032021_306b_20_RBS_multiples_26.png,../prepare_data_source/revised_clusters/multi/chan11_0203p_02032021_306b_20_RBS_multiples_26.png,wbc
../prepare_data_source/revised_clusters/multi/chan2_0203p_02032021_306b_20_RBS_multiples_27.png,../prepare_data_source/revised_clusters/multi/chan3_0203p_02032021_306b_20_RBS_multiples_27.png,../prepare_data_source/revised_clusters/multi/chan7_0203p_02032021_306b_20_RBS_multiples_27.png,../prepare_data_source/revised_clusters/multi/chan11_0203p_02032021_306b_20_RBS_multiples_27.png,rbc
../prepare_data_source/revised_clusters/multi/chan2_0203p_02032021_306b_20_RBS_multiples_28.png,../prepare_data_source/revised_clusters/multi/chan3_0203p_02032021_306b_20_RBS_multiples_28.png,../prepare_data_source/revised_clusters/multi/chan7_0203p_02032021_306b_20_RBS_multiples_28.png,../prepare_data_source/revised_clusters/multi/chan11_0203p_02032021_306b_20_RBS_multiples_28.png,rbc
../prepare_data_source/revised_clusters/multi/chan2_0203p_02032021_306b_20_RBS_multiples_29.png,../prepare_data_source/revised_clusters/multi/chan3_0203p_02032021_306b_20_RBS_multiples_29.png,../prepare_data_source/revised_clusters/multi/chan7_0203p_02032021_306b_20_RBS_multiples_29.png,../prepare_data_source/revised_clusters/multi/chan11_0203p_02032021_306b_20_RBS_multiples_29.png,wbc
../prepare_data_source/revised_clusters/multi/chan2_0203p_02032021_306b_20_RBS_multiples_3.png,../prepare_data_source/revised_clusters/multi/chan3_0203p_02032021_306b_20_RBS_multiples_3.png,../prepare_data_source/revised_clusters/multi/chan7_0203p_02032021_306b_20_RBS_multiples_3.png,../prepare_data_source/revised_clusters/multi/chan11_0203p_02032021_306b_20_RBS_multiples_3.png,rbc
../prepare_data_source/revised_clusters/multi/chan2_0203p_02032021_306b_20_RBS_multiples_30.png,../prepare_data_source/revised_clusters/multi/chan3_0203p_02032021_306b_20_RBS_multiples_30.png,../prepare_data_source/revised_clusters/multi/chan7_0203p_02032021_306b_20_RBS_multiples_30.png,../prepare_data_source/revised_clusters/multi/chan11_0203p_02032021_306b_20_RBS_multiples_30.png,platelet
../prepare_data_source/revised_clusters/multi/chan2_0203p_02032021_306b_20_RBS_multiples_31.png,../prepare_data_source/revised_clusters/multi/chan3_0203p_02032021_306b_20_RBS_multiples_31.png,../prepare_data_source/revised_clusters/multi/chan7_0203p_02032021_306b_20_RBS_multiples_31.png,../prepare_data_source/revised_clusters/multi/chan11_0203p_02032021_306b_20_RBS_multiples_31.png,platelet
../prepare_data_source/revised_clusters/multi/chan2_0203p_02032021_306b_20_RBS_multiples_32.png,../prepare_data_source/revised_clusters/multi/chan3_0203p_02032021_306b_20_RBS_multiples_32.png,../prepare_data_source/revised_clusters/multi/chan7_0203p_02032021_306b_20_RBS_multiples_32.png,../prepare_data_source/revised_clusters/multi/chan11_0203p_02032021_306b_20_RBS_multiples_32.png,rbc
../prepare_data_source/revised_clusters/multi/chan2_0203p_02032021_306b_20_RBS_multiples_33.png,../prepare_data_source/revised_clusters/multi/chan3_0203p_02032021_306b_20_RBS_multiples_33.png,../prepare_data_source/revised_clusters/multi/chan7_0203p_02032021_306b_20_RBS_multiples_33.png,../prepare_data_source/revised_clusters/multi/chan11_0203p_02032021_306b_20_RBS_multiples_33.png,rbc
../prepare_data_source/revised_clusters/multi/chan2_0203p_02032021_306b_20_RBS_multiples_34.png,../prepare_data_source/revised_clusters/multi/chan3_0203p_02032021_306b_20_RBS_multiples_34.png,../prepare_data_source/revised_clusters/multi/chan7_0203p_02032021_306b_20_RBS_multiples_34.png,../prepare_data_source/revised_clusters/multi/chan11_0203p_02032021_306b_20_RBS_multiples_34.png,platelet
../prepare_data_source/revised_clusters/multi/chan2_0203p_02032021_306b_20_RBS_multiples_35.png,../prepare_data_source/revised_clusters/multi/chan3_0203p_02032021_306b_20_RBS_multiples_35.png,../prepare_data_source/revised_clusters/multi/chan7_0203p_02032021_306b_20_RBS_multiples_35.png,../prepare_data_source/revised_clusters/multi/chan11_0203p_02032021_306b_20_RBS_multiples_35.png,wbc platelet
../prepare_data_source/revised_clusters/multi/chan2_0203p_02032021_306b_20_RBS_multiples_36.png,../prepare_data_source/revised_clusters/multi/chan3_0203p_02032021_306b_20_RBS_multiples_36.png,../prepare_data_source/revised_clusters/multi/chan7_0203p_02032021_306b_20_RBS_multiples_36.png,../prepare_data_source/revised_clusters/multi/chan11_0203p_02032021_306b_20_RBS_multiples_36.png,wbc
../prepare_data_source/revised_clusters/multi/chan2_0203p_02032021_306b_20_RBS_multiples_37.png,../prepare_data_source/revised_clusters/multi/chan3_0203p_02032021_306b_20_RBS_multiples_37.png,../prepare_data_source/revised_clusters/multi/chan7_0203p_02032021_306b_20_RBS_multiples_37.png,../prepare_data_source/revised_clusters/multi/chan11_0203p_02032021_306b_20_RBS_multiples_37.png,rbc
../prepare_data_source/revised_clusters/multi/chan2_0203p_02032021_306b_20_RBS_multiples_38.png,../prepare_data_source/revised_clusters/multi/chan3_0203p_02032021_306b_20_RBS_multiples_38.png,../prepare_data_source/revised_clusters/multi/chan7_0203p_02032021_306b_20_RBS_multiples_38.png,../prepare_data_source/revised_clusters/multi/chan11_0203p_02032021_306b_20_RBS_multiples_38.png,rbc
../prepare_data_source/revised_clusters/multi/chan2_0203p_02032021_306b_20_RBS_multiples_39.png,../prepare_data_source/revised_clusters/multi/chan3_0203p_02032021_306b_20_RBS_multiples_39.png,../prepare_data_source/revised_clusters/multi/chan7_0203p_02032021_306b_20_RBS_multiples_39.png,../prepare_data_source/revised_clusters/multi/chan11_0203p_02032021_306b_20_RBS_multiples_39.png,platelet
../prepare_data_source/revised_clusters/multi/chan2_0203p_02032021_306b_20_RBS_multiples_4.png,../prepare_data_source/revised_clusters/multi/chan3_0203p_02032021_306b_20_RBS_multiples_4.png,../prepare_data_source/revised_clusters/multi/chan7_0203p_02032021_306b_20_RBS_multiples_4.png,../prepare_data_source/revised_clusters/multi/chan11_0203p_02032021_306b_20_RBS_multiples_4.png,rbc
../prepare_data_source/revised_clusters/multi/chan2_0203p_02032021_306b_20_RBS_multiples_40.png,../prepare_data_source/revised_clusters/multi/chan3_0203p_02032021_306b_20_RBS_multiples_40.png,../prepare_data_source/revised_clusters/multi/chan7_0203p_02032021_306b_20_RBS_multiples_40.png,../prepare_data_source/revised_clusters/multi/chan11_0203p_02032021_306b_20_RBS_multiples_40.png,rbc
../prepare_data_source/revised_clusters/multi/chan2_0203p_02032021_306b_20_RBS_multiples_41.png,../prepare_data_source/revised_clusters/multi/chan3_0203p_02032021_306b_20_RBS_multiples_41.png,../prepare_data_source/revised_clusters/multi/chan7_0203p_02032021_306b_20_RBS_multiples_41.png,../prepare_data_source/revised_clusters/multi/chan11_0203p_02032021_306b_20_RBS_multiples_41.png,rbc
../prepare_data_source/revised_clusters/multi/chan2_0203p_02032021_306b_20_RBS_multiples_42.png,../prepare_data_source/revised_clusters/multi/chan3_0203p_02032021_306b_20_RBS_multiples_42.png,../prepare_data_source/revised_clusters/multi/chan7_0203p_02032021_306b_20_RBS_multiples_42.png,../prepare_data_source/revised_clusters/multi/chan11_0203p_02032021_306b_20_RBS_multiples_42.png,wbc platelet
../prepare_data_source/revised_clusters/multi/chan2_0203p_02032021_306b_20_RBS_multiples_43.png,../prepare_data_source/revised_clusters/multi/chan3_0203p_02032021_306b_20_RBS_multiples_43.png,../prepare_data_source/revised_clusters/multi/chan7_0203p_02032021_306b_20_RBS_multiples_43.png,../prepare_data_source/revised_clusters/multi/chan11_0203p_02032021_306b_20_RBS_multiples_43.png,rbc
../prepare_data_source/revised_clusters/multi/chan2_0203p_02032021_306b_20_RBS_multiples_44.png,../prepare_data_source/revised_clusters/multi/chan3_0203p_02032021_306b_20_RBS_multiples_44.png,../prepare_data_source/revised_clusters/multi/chan7_0203p_02032021_306b_20_RBS_multiples_44.png,../prepare_data_source/revised_clusters/multi/chan11_0203p_02032021_306b_20_RBS_multiples_44.png,rbc
../prepare_data_source/revised_clusters/multi/chan2_0203p_02032021_306b_20_RBS_multiples_45.png,../prepare_data_source/revised_clusters/multi/chan3_0203p_02032021_306b_20_RBS_multiples_45.png,../prepare_data_source/revised_clusters/multi/chan7_0203p_02032021_306b_20_RBS_multiples_45.png,../prepare_data_source/revised_clusters/multi/chan11_0203p_02032021_306b_20_RBS_multiples_45.png,platelet
../prepare_data_source/revised_clusters/multi/chan2_0203p_02032021_306b_20_RBS_multiples_46.png,../prepare_data_source/revised_clusters/multi/chan3_0203p_02032021_306b_20_RBS_multiples_46.png,../prepare_data_source/revised_clusters/multi/chan7_0203p_02032021_306b_20_RBS_multiples_46.png,../prepare_data_source/revised_clusters/multi/chan11_0203p_02032021_306b_20_RBS_multiples_46.png,rbc
../prepare_data_source/revised_clusters/multi/chan2_0203p_02032021_306b_20_RBS_multiples_47.png,../prepare_data_source/revised_clusters/multi/chan3_0203p_02032021_306b_20_RBS_multiples_47.png,../prepare_data_source/revised_clusters/multi/chan7_0203p_02032021_306b_20_RBS_multiples_47.png,../prepare_data_source/revised_clusters/multi/chan11_0203p_02032021_306b_20_RBS_multiples_47.png,wbc platelet
../prepare_data_source/revised_clusters/multi/chan2_0203p_02032021_306b_20_RBS_multiples_48.png,../prepare_data_source/revised_clusters/multi/chan3_0203p_02032021_306b_20_RBS_multiples_48.png,../prepare_data_source/revised_clusters/multi/chan7_0203p_02032021_306b_20_RBS_multiples_48.png,../prepare_data_source/revised_clusters/multi/chan11_0203p_02032021_306b_20_RBS_multiples_48.png,rbc
../prepare_data_source/revised_clusters/multi/chan2_0203p_02032021_306b_20_RBS_multiples_49.png,../prepare_data_source/revised_clusters/multi/chan3_0203p_02032021_306b_20_RBS_multiples_49.png,../prepare_data_source/revised_clusters/multi/chan7_0203p_02032021_306b_20_RBS_multiples_49.png,../prepare_data_source/revised_clusters/multi/chan11_0203p_02032021_306b_20_RBS_multiples_49.png,rbc
../prepare_data_source/revised_clusters/multi/chan2_0203p_02032021_306b_20_RBS_multiples_5.png,../prepare_data_source/revised_clusters/multi/chan3_0203p_02032021_306b_20_RBS_multiples_5.png,../prepare_data_source/revised_clusters/multi/chan7_0203p_02032021_306b_20_RBS_multiples_5.png,../prepare_data_source/revised_clusters/multi/chan11_0203p_02032021_306b_20_RBS_multiples_5.png,rbc
../prepare_data_source/revised_clusters/multi/chan2_0203p_02032021_306b_20_RBS_multiples_50.png,../prepare_data_source/revised_clusters/multi/chan3_0203p_02032021_306b_20_RBS_multiples_50.png,../prepare_data_source/revised_clusters/multi/chan7_0203p_02032021_306b_20_RBS_multiples_50.png,../prepare_data_source/revised_clusters/multi/chan11_0203p_02032021_306b_20_RBS_multiples_50.png,rbc
../prepare_data_source/revised_clusters/multi/chan2_0203p_02032021_306b_20_RBS_multiples_51.png,../prepare_data_source/revised_clusters/multi/chan3_0203p_02032021_306b_20_RBS_multiples_51.png,../prepare_data_source/revised_clusters/multi/chan7_0203p_02032021_306b_20_RBS_multiples_51.png,../prepare_data_source/revised_clusters/multi/chan11_0203p_02032021_306b_20_RBS_multiples_51.png,wbc platelet
../prepare_data_source/revised_clusters/multi/chan2_0203p_02032021_306b_20_RBS_multiples_52.png,../prepare_data_source/revised_clusters/multi/chan3_0203p_02032021_306b_20_RBS_multiples_52.png,../prepare_data_source/revised_clusters/multi/chan7_0203p_02032021_306b_20_RBS_multiples_52.png,../prepare_data_source/revised_clusters/multi/chan11_0203p_02032021_306b_20_RBS_multiples_52.png,rbc
../prepare_data_source/revised_clusters/multi/chan2_0203p_02032021_306b_20_RBS_multiples_53.png,../prepare_data_source/revised_clusters/multi/chan3_0203p_02032021_306b_20_RBS_multiples_53.png,../prepare_data_source/revised_clusters/multi/chan7_0203p_02032021_306b_20_RBS_multiples_53.png,../prepare_data_source/revised_clusters/multi/chan11_0203p_02032021_306b_20_RBS_multiples_53.png,rbc
../prepare_data_source/revised_clusters/multi/chan2_0203p_02032021_306b_20_RBS_multiples_54.png,../prepare_data_source/revised_clusters/multi/chan3_0203p_02032021_306b_20_RBS_multiples_54.png,../prepare_data_source/revised_clusters/multi/chan7_0203p_02032021_306b_20_RBS_multiples_54.png,../prepare_data_source/revised_clusters/multi/chan11_0203p_02032021_306b_20_RBS_multiples_54.png,rbc
../prepare_data_source/revised_clusters/multi/chan2_0203p_02032021_306b_20_RBS_multiples_55.png,../prepare_data_source/revised_clusters/multi/chan3_0203p_02032021_306b_20_RBS_multiples_55.png,../prepare_data_source/revised_clusters/multi/chan7_0203p_02032021_306b_20_RBS_multiples_55.png,../prepare_data_source/revised_clusters/multi/chan11_0203p_02032021_306b_20_RBS_multiples_55.png,wbc platelet
../prepare_data_source/revised_clusters/multi/chan2_0203p_02032021_306b_20_RBS_multiples_56.png,../prepare_data_source/revised_clusters/multi/chan3_0203p_02032021_306b_20_RBS_multiples_56.png,../prepare_data_source/revised_clusters/multi/chan7_0203p_02032021_306b_20_RBS_multiples_56.png,../prepare_data_source/revised_clusters/multi/chan11_0203p_02032021_306b_20_RBS_multiples_56.png,platelet
../prepare_data_source/revised_clusters/multi/chan2_0203p_02032021_306b_20_RBS_multiples_57.png,../prepare_data_source/revised_clusters/multi/chan3_0203p_02032021_306b_20_RBS_multiples_57.png,../prepare_data_source/revised_clusters/multi/chan7_0203p_02032021_306b_20_RBS_multiples_57.png,../prepare_data_source/revised_clusters/multi/chan11_0203p_02032021_306b_20_RBS_multiples_57.png,wbc
../prepare_data_source/revised_clusters/multi/chan2_0203p_02032021_306b_20_RBS_multiples_58.png,../prepare_data_source/revised_clusters/multi/chan3_0203p_02032021_306b_20_RBS_multiples_58.png,../prepare_data_source/revised_clusters/multi/chan7_0203p_02032021_306b_20_RBS_multiples_58.png,../prepare_data_source/revised_clusters/multi/chan11_0203p_02032021_306b_20_RBS_multiples_58.png,rbc
../prepare_data_source/revised_clusters/multi/chan2_0203p_02032021_306b_20_RBS_multiples_59.png,../prepare_data_source/revised_clusters/multi/chan3_0203p_02032021_306b_20_RBS_multiples_59.png,../prepare_data_source/revised_clusters/multi/chan7_0203p_02032021_306b_20_RBS_multiples_59.png,../prepare_data_source/revised_clusters/multi/chan11_0203p_02032021_306b_20_RBS_multiples_59.png,wbc
../prepare_data_source/revised_clusters/multi/chan2_0203p_02032021_306b_20_RBS_multiples_6.png,../prepare_data_source/revised_clusters/multi/chan3_0203p_02032021_306b_20_RBS_multiples_6.png,../prepare_data_source/revised_clusters/multi/chan7_0203p_02032021_306b_20_RBS_multiples_6.png,../prepare_data_source/revised_clusters/multi/chan11_0203p_02032021_306b_20_RBS_multiples_6.png,rbc
../prepare_data_source/revised_clusters/multi/chan2_0203p_02032021_306b_20_RBS_multiples_60.png,../prepare_data_source/revised_clusters/multi/chan3_0203p_02032021_306b_20_RBS_multiples_60.png,../prepare_data_source/revised_clusters/multi/chan7_0203p_02032021_306b_20_RBS_multiples_60.png,../prepare_data_source/revised_clusters/multi/chan11_0203p_02032021_306b_20_RBS_multiples_60.png,rbc
../prepare_data_source/revised_clusters/multi/chan2_0203p_02032021_306b_20_RBS_multiples_61.png,../prepare_data_source/revised_clusters/multi/chan3_0203p_02032021_306b_20_RBS_multiples_61.png,../prepare_data_source/revised_clusters/multi/chan7_0203p_02032021_306b_20_RBS_multiples_61.png,../prepare_data_source/revised_clusters/multi/chan11_0203p_02032021_306b_20_RBS_multiples_61.png,platelet
../prepare_data_source/revised_clusters/multi/chan2_0203p_02032021_306b_20_RBS_multiples_62.png,../prepare_data_source/revised_clusters/multi/chan3_0203p_02032021_306b_20_RBS_multiples_62.png,../prepare_data_source/revised_clusters/multi/chan7_0203p_02032021_306b_20_RBS_multiples_62.png,../prepare_data_source/revised_clusters/multi/chan11_0203p_02032021_306b_20_RBS_multiples_62.png,platelet
../prepare_data_source/revised_clusters/multi/chan2_0203p_02032021_306b_20_RBS_multiples_63.png,../prepare_data_source/revised_clusters/multi/chan3_0203p_02032021_306b_20_RBS_multiples_63.png,../prepare_data_source/revised_clusters/multi/chan7_0203p_02032021_306b_20_RBS_multiples_63.png,../prepare_data_source/revised_clusters/multi/chan11_0203p_02032021_306b_20_RBS_multiples_63.png,rbc
../prepare_data_source/revised_clusters/multi/chan2_0203p_02032021_306b_20_RBS_multiples_64.png,../prepare_data_source/revised_clusters/multi/chan3_0203p_02032021_306b_20_RBS_multiples_64.png,../prepare_data_source/revised_clusters/multi/chan7_0203p_02032021_306b_20_RBS_multiples_64.png,../prepare_data_source/revised_clusters/multi/chan11_0203p_02032021_306b_20_RBS_multiples_64.png,rbc
../prepare_data_source/revised_clusters/multi/chan2_0203p_02032021_306b_20_RBS_multiples_65.png,../prepare_data_source/revised_clusters/multi/chan3_0203p_02032021_306b_20_RBS_multiples_65.png,../prepare_data_source/revised_clusters/multi/chan7_0203p_02032021_306b_20_RBS_multiples_65.png,../prepare_data_source/revised_clusters/multi/chan11_0203p_02032021_306b_20_RBS_multiples_65.png,wbc
../prepare_data_source/revised_clusters/multi/chan2_0203p_02032021_306b_20_RBS_multiples_66.png,../prepare_data_source/revised_clusters/multi/chan3_0203p_02032021_306b_20_RBS_multiples_66.png,../prepare_data_source/revised_clusters/multi/chan7_0203p_02032021_306b_20_RBS_multiples_66.png,../prepare_data_source/revised_clusters/multi/chan11_0203p_02032021_306b_20_RBS_multiples_66.png,rbc
../prepare_data_source/revised_clusters/multi/chan2_0203p_02032021_306b_20_RBS_multiples_67.png,../prepare_data_source/revised_clusters/multi/chan3_0203p_02032021_306b_20_RBS_multiples_67.png,../prepare_data_source/revised_clusters/multi/chan7_0203p_02032021_306b_20_RBS_multiples_67.png,../prepare_data_source/revised_clusters/multi/chan11_0203p_02032021_306b_20_RBS_multiples_67.png,wbc
../prepare_data_source/revised_clusters/multi/chan2_0203p_02032021_306b_20_RBS_multiples_68.png,../prepare_data_source/revised_clusters/multi/chan3_0203p_02032021_306b_20_RBS_multiples_68.png,../prepare_data_source/revised_clusters/multi/chan7_0203p_02032021_306b_20_RBS_multiples_68.png,../prepare_data_source/revised_clusters/multi/chan11_0203p_02032021_306b_20_RBS_multiples_68.png,rbc
../prepare_data_source/revised_clusters/multi/chan2_0203p_02032021_306b_20_RBS_multiples_69.png,../prepare_data_source/revised_clusters/multi/chan3_0203p_02032021_306b_20_RBS_multiples_69.png,../prepare_data_source/revised_clusters/multi/chan7_0203p_02032021_306b_20_RBS_multiples_69.png,../prepare_data_source/revised_clusters/multi/chan11_0203p_02032021_306b_20_RBS_multiples_69.png,wbc
../prepare_data_source/revised_clusters/multi/chan2_0203p_02032021_306b_20_RBS_multiples_7.png,../prepare_data_source/revised_clusters/multi/chan3_0203p_02032021_306b_20_RBS_multiples_7.png,../prepare_data_source/revised_clusters/multi/chan7_0203p_02032021_306b_20_RBS_multiples_7.png,../prepare_data_source/revised_clusters/multi/chan11_0203p_02032021_306b_20_RBS_multiples_7.png,wbc
../prepare_data_source/revised_clusters/multi/chan2_0203p_02032021_306b_20_RBS_multiples_70.png,../prepare_data_source/revised_clusters/multi/chan3_0203p_02032021_306b_20_RBS_multiples_70.png,../prepare_data_source/revised_clusters/multi/chan7_0203p_02032021_306b_20_RBS_multiples_70.png,../prepare_data_source/revised_clusters/multi/chan11_0203p_02032021_306b_20_RBS_multiples_70.png,wbc platelet
../prepare_data_source/revised_clusters/multi/chan2_0203p_02032021_306b_20_RBS_multiples_71.png,../prepare_data_source/revised_clusters/multi/chan3_0203p_02032021_306b_20_RBS_multiples_71.png,../prepare_data_source/revised_clusters/multi/chan7_0203p_02032021_306b_20_RBS_multiples_71.png,../prepare_data_source/revised_clusters/multi/chan11_0203p_02032021_306b_20_RBS_multiples_71.png,platelet
../prepare_data_source/revised_clusters/multi/chan2_0203p_02032021_306b_20_RBS_multiples_72.png,../prepare_data_source/revised_clusters/multi/chan3_0203p_02032021_306b_20_RBS_multiples_72.png,../prepare_data_source/revised_clusters/multi/chan7_0203p_02032021_306b_20_RBS_multiples_72.png,../prepare_data_source/revised_clusters/multi/chan11_0203p_02032021_306b_20_RBS_multiples_72.png,rbc
../prepare_data_source/revised_clusters/multi/chan2_0203p_02032021_306b_20_RBS_multiples_73.png,../prepare_data_source/revised_clusters/multi/chan3_0203p_02032021_306b_20_RBS_multiples_73.png,../prepare_data_source/revised_clusters/multi/chan7_0203p_02032021_306b_20_RBS_multiples_73.png,../prepare_data_source/revised_clusters/multi/chan11_0203p_02032021_306b_20_RBS_multiples_73.png,wbc
../prepare_data_source/revised_clusters/multi/chan2_0203p_02032021_306b_20_RBS_multiples_74.png,../prepare_data_source/revised_clusters/multi/chan3_0203p_02032021_306b_20_RBS_multiples_74.png,../prepare_data_source/revised_clusters/multi/chan7_0203p_02032021_306b_20_RBS_multiples_74.png,../prepare_data_source/revised_clusters/multi/chan11_0203p_02032021_306b_20_RBS_multiples_74.png,wbc
../prepare_data_source/revised_clusters/multi/chan2_0203p_02032021_306b_20_RBS_multiples_75.png,../prepare_data_source/revised_clusters/multi/chan3_0203p_02032021_306b_20_RBS_multiples_75.png,../prepare_data_source/revised_clusters/multi/chan7_0203p_02032021_306b_20_RBS_multiples_75.png,../prepare_data_source/revised_clusters/multi/chan11_0203p_02032021_306b_20_RBS_multiples_75.png,wbc platelet
../prepare_data_source/revised_clusters/multi/chan2_0203p_02032021_306b_20_RBS_multiples_76.png,../prepare_data_source/revised_clusters/multi/chan3_0203p_02032021_306b_20_RBS_multiples_76.png,../prepare_data_source/revised_clusters/multi/chan7_0203p_02032021_306b_20_RBS_multiples_76.png,../prepare_data_source/revised_clusters/multi/chan11_0203p_02032021_306b_20_RBS_multiples_76.png,platelet
../prepare_data_source/revised_clusters/multi/chan2_0203p_02032021_306b_20_RBS_multiples_77.png,../prepare_data_source/revised_clusters/multi/chan3_0203p_02032021_306b_20_RBS_multiples_77.png,../prepare_data_source/revised_clusters/multi/chan7_0203p_02032021_306b_20_RBS_multiples_77.png,../prepare_data_source/revised_clusters/multi/chan11_0203p_02032021_306b_20_RBS_multiples_77.png,rbc
../prepare_data_source/revised_clusters/multi/chan2_0203p_02032021_306b_20_RBS_multiples_78.png,../prepare_data_source/revised_clusters/multi/chan3_0203p_02032021_306b_20_RBS_multiples_78.png,../prepare_data_source/revised_clusters/multi/chan7_0203p_02032021_306b_20_RBS_multiples_78.png,../prepare_data_source/revised_clusters/multi/chan11_0203p_02032021_306b_20_RBS_multiples_78.png,rbc
../prepare_data_source/revised_clusters/multi/chan2_0203p_02032021_306b_20_RBS_multiples_79.png,../prepare_data_source/revised_clusters/multi/chan3_0203p_02032021_306b_20_RBS_multiples_79.png,../prepare_data_source/revised_clusters/multi/chan7_0203p_02032021_306b_20_RBS_multiples_79.png,../prepare_data_source/revised_clusters/multi/chan11_0203p_02032021_306b_20_RBS_multiples_79.png,rbc
../prepare_data_source/revised_clusters/multi/chan2_0203p_02032021_306b_20_RBS_multiples_8.png,../prepare_data_source/revised_clusters/multi/chan3_0203p_02032021_306b_20_RBS_multiples_8.png,../prepare_data_source/revised_clusters/multi/chan7_0203p_02032021_306b_20_RBS_multiples_8.png,../prepare_data_source/revised_clusters/multi/chan11_0203p_02032021_306b_20_RBS_multiples_8.png,wbc platelet
../prepare_data_source/revised_clusters/multi/chan2_0203p_02032021_306b_20_RBS_multiples_80.png,../prepare_data_source/revised_clusters/multi/chan3_0203p_02032021_306b_20_RBS_multiples_80.png,../prepare_data_source/revised_clusters/multi/chan7_0203p_02032021_306b_20_RBS_multiples_80.png,../prepare_data_source/revised_clusters/multi/chan11_0203p_02032021_306b_20_RBS_multiples_80.png,rbc
../prepare_data_source/revised_clusters/multi/chan2_0203p_02032021_306b_20_RBS_multiples_81.png,../prepare_data_source/revised_clusters/multi/chan3_0203p_02032021_306b_20_RBS_multiples_81.png,../prepare_data_source/revised_clusters/multi/chan7_0203p_02032021_306b_20_RBS_multiples_81.png,../prepare_data_source/revised_clusters/multi/chan11_0203p_02032021_306b_20_RBS_multiples_81.png,wbc platelet
../prepare_data_source/revised_clusters/multi/chan2_0203p_02032021_306b_20_RBS_multiples_82.png,../prepare_data_source/revised_clusters/multi/chan3_0203p_02032021_306b_20_RBS_multiples_82.png,../prepare_data_source/revised_clusters/multi/chan7_0203p_02032021_306b_20_RBS_multiples_82.png,../prepare_data_source/revised_clusters/multi/chan11_0203p_02032021_306b_20_RBS_multiples_82.png,wbc platelet
../prepare_data_source/revised_clusters/multi/chan2_0203p_02032021_306b_20_RBS_multiples_83.png,../prepare_data_source/revised_clusters/multi/chan3_0203p_02032021_306b_20_RBS_multiples_83.png,../prepare_data_source/revised_clusters/multi/chan7_0203p_02032021_306b_20_RBS_multiples_83.png,../prepare_data_source/revised_clusters/multi/chan11_0203p_02032021_306b_20_RBS_multiples_83.png,rbc
../prepare_data_source/revised_clusters/multi/chan2_0203p_02032021_306b_20_RBS_multiples_84.png,../prepare_data_source/revised_clusters/multi/chan3_0203p_02032021_306b_20_RBS_multiples_84.png,../prepare_data_source/revised_clusters/multi/chan7_0203p_02032021_306b_20_RBS_multiples_84.png,../prepare_data_source/revised_clusters/multi/chan11_0203p_02032021_306b_20_RBS_multiples_84.png,wbc platelet
../prepare_data_source/revised_clusters/multi/chan2_0203p_02032021_306b_20_RBS_multiples_85.png,../prepare_data_source/revised_clusters/multi/chan3_0203p_02032021_306b_20_RBS_multiples_85.png,../prepare_data_source/revised_clusters/multi/chan7_0203p_02032021_306b_20_RBS_multiples_85.png,../prepare_data_source/revised_clusters/multi/chan11_0203p_02032021_306b_20_RBS_multiples_85.png,rbc
../prepare_data_source/revised_clusters/multi/chan2_0203p_02032021_306b_20_RBS_multiples_86.png,../prepare_data_source/revised_clusters/multi/chan3_0203p_02032021_306b_20_RBS_multiples_86.png,../prepare_data_source/revised_clusters/multi/chan7_0203p_02032021_306b_20_RBS_multiples_86.png,../prepare_data_source/revised_clusters/multi/chan11_0203p_02032021_306b_20_RBS_multiples_86.png,wbc platelet
../prepare_data_source/revised_clusters/multi/chan2_0203p_02032021_306b_20_RBS_multiples_87.png,../prepare_data_source/revised_clusters/multi/chan3_0203p_02032021_306b_20_RBS_multiples_87.png,../prepare_data_source/revised_clusters/multi/chan7_0203p_02032021_306b_20_RBS_multiples_87.png,../prepare_data_source/revised_clusters/multi/chan11_0203p_02032021_306b_20_RBS_multiples_87.png,rbc
../prepare_data_source/revised_clusters/multi/chan2_0203p_02032021_306b_20_RBS_multiples_88.png,../prepare_data_source/revised_clusters/multi/chan3_0203p_02032021_306b_20_RBS_multiples_88.png,../prepare_data_source/revised_clusters/multi/chan7_0203p_02032021_306b_20_RBS_multiples_88.png,../prepare_data_source/revised_clusters/multi/chan11_0203p_02032021_306b_20_RBS_multiples_88.png,platelet
../prepare_data_source/revised_clusters/multi/chan2_0203p_02032021_306b_20_RBS_multiples_89.png,../prepare_data_source/revised_clusters/multi/chan3_0203p_02032021_306b_20_RBS_multiples_89.png,../prepare_data_source/revised_clusters/multi/chan7_0203p_02032021_306b_20_RBS_multiples_89.png,../prepare_data_source/revised_clusters/multi/chan11_0203p_02032021_306b_20_RBS_multiples_89.png,rbc
../prepare_data_source/revised_clusters/multi/chan2_0203p_02032021_306b_20_RBS_multiples_9.png,../prepare_data_source/revised_clusters/multi/chan3_0203p_02032021_306b_20_RBS_multiples_9.png,../prepare_data_source/revised_clusters/multi/chan7_0203p_02032021_306b_20_RBS_multiples_9.png,../prepare_data_source/revised_clusters/multi/chan11_0203p_02032021_306b_20_RBS_multiples_9.png,wbc
../prepare_data_source/revised_clusters/multi/chan2_0203p_02032021_306b_20_RBS_multiples_90.png,../prepare_data_source/revised_clusters/multi/chan3_0203p_02032021_306b_20_RBS_multiples_90.png,../prepare_data_source/revised_clusters/multi/chan7_0203p_02032021_306b_20_RBS_multiples_90.png,../prepare_data_source/revised_clusters/multi/chan11_0203p_02032021_306b_20_RBS_multiples_90.png,rbc
../prepare_data_source/revised_clusters/multi/chan2_0203p_02032021_306b_20_RBS_multiples_91.png,../prepare_data_source/revised_clusters/multi/chan3_0203p_02032021_306b_20_RBS_multiples_91.png,../prepare_data_source/revised_clusters/multi/chan7_0203p_02032021_306b_20_RBS_multiples_91.png,../prepare_data_source/revised_clusters/multi/chan11_0203p_02032021_306b_20_RBS_multiples_91.png,wbc
../prepare_data_source/revised_clusters/multi/chan2_0203p_02032021_306b_20_RBS_multiples_92.png,../prepare_data_source/revised_clusters/multi/chan3_0203p_02032021_306b_20_RBS_multiples_92.png,../prepare_data_source/revised_clusters/multi/chan7_0203p_02032021_306b_20_RBS_multiples_92.png,../prepare_data_source/revised_clusters/multi/chan11_0203p_02032021_306b_20_RBS_multiples_92.png,platelet
../prepare_data_source/revised_clusters/multi/chan2_0203p_02032021_306b_20_RBS_multiples_93.png,../prepare_data_source/revised_clusters/multi/chan3_0203p_02032021_306b_20_RBS_multiples_93.png,../prepare_data_source/revised_clusters/multi/chan7_0203p_02032021_306b_20_RBS_multiples_93.png,../prepare_data_source/revised_clusters/multi/chan11_0203p_02032021_306b_20_RBS_multiples_93.png,platelet
../prepare_data_source/revised_clusters/multi/chan2_0203p_02032021_306b_20_RBS_multiples_94.png,../prepare_data_source/revised_clusters/multi/chan3_0203p_02032021_306b_20_RBS_multiples_94.png,../prepare_data_source/revised_clusters/multi/chan7_0203p_02032021_306b_20_RBS_multiples_94.png,../prepare_data_source/revised_clusters/multi/chan11_0203p_02032021_306b_20_RBS_multiples_94.png,wbc
../prepare_data_source/revised_clusters/multi/chan2_0203p_02032021_306b_20_RBS_multiples_95.png,../prepare_data_source/revised_clusters/multi/chan3_0203p_02032021_306b_20_RBS_multiples_95.png,../prepare_data_source/revised_clusters/multi/chan7_0203p_02032021_306b_20_RBS_multiples_95.png,../prepare_data_source/revised_clusters/multi/chan11_0203p_02032021_306b_20_RBS_multiples_95.png,wbc
../prepare_data_source/revised_clusters/multi/chan2_0203p_02032021_306b_20_RBS_multiples_96.png,../prepare_data_source/revised_clusters/multi/chan3_0203p_02032021_306b_20_RBS_multiples_96.png,../prepare_data_source/revised_clusters/multi/chan7_0203p_02032021_306b_20_RBS_multiples_96.png,../prepare_data_source/revised_clusters/multi/chan11_0203p_02032021_306b_20_RBS_multiples_96.png,platelet
../prepare_data_source/revised_clusters/multi/chan2_0203p_02032021_306b_20_RBS_multiples_97.png,../prepare_data_source/revised_clusters/multi/chan3_0203p_02032021_306b_20_RBS_multiples_97.png,../prepare_data_source/revised_clusters/multi/chan7_0203p_02032021_306b_20_RBS_multiples_97.png,../prepare_data_source/revised_clusters/multi/chan11_0203p_02032021_306b_20_RBS_multiples_97.png,platelet
../prepare_data_source/revised_clusters/multi/chan2_0203p_02032021_306b_20_RBS_multiples_98.png,../prepare_data_source/revised_clusters/multi/chan3_0203p_02032021_306b_20_RBS_multiples_98.png,../prepare_data_source/revised_clusters/multi/chan7_0203p_02032021_306b_20_RBS_multiples_98.png,../prepare_data_source/revised_clusters/multi/chan11_0203p_02032021_306b_20_RBS_multiples_98.png,platelet
../prepare_data_source/revised_clusters/multi/chan2_0203p_02032021_306b_20_RBS_multiples_99.png,../prepare_data_source/revised_clusters/multi/chan3_0203p_02032021_306b_20_RBS_multiples_99.png,../prepare_data_source/revised_clusters/multi/chan7_0203p_02032021_306b_20_RBS_multiples_99.png,../prepare_data_source/revised_clusters/multi/chan11_0203p_02032021_306b_20_RBS_multiples_99.png,wbc
../prepare_data_source/revised_clusters/multi/chan2_0203p_02032021_309b_13_RBC_multiple_CD61+_1.png,../prepare_data_source/revised_clusters/multi/chan3_0203p_02032021_309b_13_RBC_multiple_CD61+_1.png,../prepare_data_source/revised_clusters/multi/chan7_0203p_02032021_309b_13_RBC_multiple_CD61+_1.png,../prepare_data_source/revised_clusters/multi/chan11_0203p_02032021_309b_13_RBC_multiple_CD61+_1.png,wbc
../prepare_data_source/revised_clusters/multi/chan2_0203p_02032021_309b_13_RBC_multiple_CD61+_10.png,../prepare_data_source/revised_clusters/multi/chan3_0203p_02032021_309b_13_RBC_multiple_CD61+_10.png,../prepare_data_source/revised_clusters/multi/chan7_0203p_02032021_309b_13_RBC_multiple_CD61+_10.png,../prepare_data_source/revised_clusters/multi/chan11_0203p_02032021_309b_13_RBC_multiple_CD61+_10.png,wbc platelet
../prepare_data_source/revised_clusters/multi/chan2_0203p_02032021_309b_13_RBC_multiple_CD61+_100.png,../prepare_data_source/revised_clusters/multi/chan3_0203p_02032021_309b_13_RBC_multiple_CD61+_100.png,../prepare_data_source/revised_clusters/multi/chan7_0203p_02032021_309b_13_RBC_multiple_CD61+_100.png,../prepare_data_source/revised_clusters/multi/chan11_0203p_02032021_309b_13_RBC_multiple_CD61+_100.png,wbc platelet
../prepare_data_source/revised_clusters/multi/chan2_0203p_02032021_309b_13_RBC_multiple_CD61+_101.png,../prepare_data_source/revised_clusters/multi/chan3_0203p_02032021_309b_13_RBC_multiple_CD61+_101.png,../prepare_data_source/revised_clusters/multi/chan7_0203p_02032021_309b_13_RBC_multiple_CD61+_101.png,../prepare_data_source/revised_clusters/multi/chan11_0203p_02032021_309b_13_RBC_multiple_CD61+_101.png,wbc platelet
../prepare_data_source/revised_clusters/multi/chan2_0203p_02032021_309b_13_RBC_multiple_CD61+_102.png,../prepare_data_source/revised_clusters/multi/chan3_0203p_02032021_309b_13_RBC_multiple_CD61+_102.png,../prepare_data_source/revised_clusters/multi/chan7_0203p_02032021_309b_13_RBC_multiple_CD61+_102.png,../prepare_data_source/revised_clusters/multi/chan11_0203p_02032021_309b_13_RBC_multiple_CD61+_102.png,wbc platelet
../prepare_data_source/revised_clusters/multi/chan2_0203p_02032021_309b_13_RBC_multiple_CD61+_103.png,../prepare_data_source/revised_clusters/multi/chan3_0203p_02032021_309b_13_RBC_multiple_CD61+_103.png,../prepare_data_source/revised_clusters/multi/chan7_0203p_02032021_309b_13_RBC_multiple_CD61+_103.png,../prepare_data_source/revised_clusters/multi/chan11_0203p_02032021_309b_13_RBC_multiple_CD61+_103.png,wbc platelet
../prepare_data_source/revised_clusters/multi/chan2_0203p_02032021_309b_13_RBC_multiple_CD61+_11.png,../prepare_data_source/revised_clusters/multi/chan3_0203p_02032021_309b_13_RBC_multiple_CD61+_11.png,../prepare_data_source/revised_clusters/multi/chan7_0203p_02032021_309b_13_RBC_multiple_CD61+_11.png,../prepare_data_source/revised_clusters/multi/chan11_0203p_02032021_309b_13_RBC_multiple_CD61+_11.png,wbc platelet
../prepare_data_source/revised_clusters/multi/chan2_0203p_02032021_309b_13_RBC_multiple_CD61+_12.png,../prepare_data_source/revised_clusters/multi/chan3_0203p_02032021_309b_13_RBC_multiple_CD61+_12.png,../prepare_data_source/revised_clusters/multi/chan7_0203p_02032021_309b_13_RBC_multiple_CD61+_12.png,../prepare_data_source/revised_clusters/multi/chan11_0203p_02032021_309b_13_RBC_multiple_CD61+_12.png,wbc platelet
../prepare_data_source/revised_clusters/multi/chan2_0203p_02032021_309b_13_RBC_multiple_CD61+_13.png,../prepare_data_source/revised_clusters/multi/chan3_0203p_02032021_309b_13_RBC_multiple_CD61+_13.png,../prepare_data_source/revised_clusters/multi/chan7_0203p_02032021_309b_13_RBC_multiple_CD61+_13.png,../prepare_data_source/revised_clusters/multi/chan11_0203p_02032021_309b_13_RBC_multiple_CD61+_13.png,wbc platelet
../prepare_data_source/revised_clusters/multi/chan2_0203p_02032021_309b_13_RBC_multiple_CD61+_14.png,../prepare_data_source/revised_clusters/multi/chan3_0203p_02032021_309b_13_RBC_multiple_CD61+_14.png,../prepare_data_source/revised_clusters/multi/chan7_0203p_02032021_309b_13_RBC_multiple_CD61+_14.png,../prepare_data_source/revised_clusters/multi/chan11_0203p_02032021_309b_13_RBC_multiple_CD61+_14.png,wbc platelet
../prepare_data_source/revised_clusters/multi/chan2_0203p_02032021_309b_13_RBC_multiple_CD61+_15.png,../prepare_data_source/revised_clusters/multi/chan3_0203p_02032021_309b_13_RBC_multiple_CD61+_15.png,../prepare_data_source/revised_clusters/multi/chan7_0203p_02032021_309b_13_RBC_multiple_CD61+_15.png,../prepare_data_source/revised_clusters/multi/chan11_0203p_02032021_309b_13_RBC_multiple_CD61+_15.png,wbc platelet
../prepare_data_source/revised_clusters/multi/chan2_0203p_02032021_309b_13_RBC_multiple_CD61+_16.png,../prepare_data_source/revised_clusters/multi/chan3_0203p_02032021_309b_13_RBC_multiple_CD61+_16.png,../prepare_data_source/revised_clusters/multi/chan7_0203p_02032021_309b_13_RBC_multiple_CD61+_16.png,../prepare_data_source/revised_clusters/multi/chan11_0203p_02032021_309b_13_RBC_multiple_CD61+_16.png,wbc platelet
../prepare_data_source/revised_clusters/multi/chan2_0203p_02032021_309b_13_RBC_multiple_CD61+_17.png,../prepare_data_source/revised_clusters/multi/chan3_0203p_02032021_309b_13_RBC_multiple_CD61+_17.png,../prepare_data_source/revised_clusters/multi/chan7_0203p_02032021_309b_13_RBC_multiple_CD61+_17.png,../prepare_data_source/revised_clusters/multi/chan11_0203p_02032021_309b_13_RBC_multiple_CD61+_17.png,wbc platelet
../prepare_data_source/revised_clusters/multi/chan2_0203p_02032021_309b_13_RBC_multiple_CD61+_18.png,../prepare_data_source/revised_clusters/multi/chan3_0203p_02032021_309b_13_RBC_multiple_CD61+_18.png,../prepare_data_source/revised_clusters/multi/chan7_0203p_02032021_309b_13_RBC_multiple_CD61+_18.png,../prepare_data_source/revised_clusters/multi/chan11_0203p_02032021_309b_13_RBC_multiple_CD61+_18.png,wbc platelet
../prepare_data_source/revised_clusters/multi/chan2_0203p_02032021_309b_13_RBC_multiple_CD61+_19.png,../prepare_data_source/revised_clusters/multi/chan3_0203p_02032021_309b_13_RBC_multiple_CD61+_19.png,../prepare_data_source/revised_clusters/multi/chan7_0203p_02032021_309b_13_RBC_multiple_CD61+_19.png,../prepare_data_source/revised_clusters/multi/chan11_0203p_02032021_309b_13_RBC_multiple_CD61+_19.png,wbc platelet
../prepare_data_source/revised_clusters/multi/chan2_0203p_02032021_309b_13_RBC_multiple_CD61+_2.png,../prepare_data_source/revised_clusters/multi/chan3_0203p_02032021_309b_13_RBC_multiple_CD61+_2.png,../prepare_data_source/revised_clusters/multi/chan7_0203p_02032021_309b_13_RBC_multiple_CD61+_2.png,../prepare_data_source/revised_clusters/multi/chan11_0203p_02032021_309b_13_RBC_multiple_CD61+_2.png,wbc platelet
../prepare_data_source/revised_clusters/multi/chan2_0203p_02032021_309b_13_RBC_multiple_CD61+_20.png,../prepare_data_source/revised_clusters/multi/chan3_0203p_02032021_309b_13_RBC_multiple_CD61+_20.png,../prepare_data_source/revised_clusters/multi/chan7_0203p_02032021_309b_13_RBC_multiple_CD61+_20.png,../prepare_data_source/revised_clusters/multi/chan11_0203p_02032021_309b_13_RBC_multiple_CD61+_20.png,wbc platelet
../prepare_data_source/revised_clusters/multi/chan2_0203p_02032021_309b_13_RBC_multiple_CD61+_21.png,../prepare_data_source/revised_clusters/multi/chan3_0203p_02032021_309b_13_RBC_multiple_CD61+_21.png,../prepare_data_source/revised_clusters/multi/chan7_0203p_02032021_309b_13_RBC_multiple_CD61+_21.png,../prepare_data_source/revised_clusters/multi/chan11_0203p_02032021_309b_13_RBC_multiple_CD61+_21.png,wbc platelet
../prepare_data_source/revised_clusters/multi/chan2_0203p_02032021_309b_13_RBC_multiple_CD61+_22.png,../prepare_data_source/revised_clusters/multi/chan3_0203p_02032021_309b_13_RBC_multiple_CD61+_22.png,../prepare_data_source/revised_clusters/multi/chan7_0203p_02032021_309b_13_RBC_multiple_CD61+_22.png,../prepare_data_source/revised_clusters/multi/chan11_0203p_02032021_309b_13_RBC_multiple_CD61+_22.png,wbc platelet
../prepare_data_source/revised_clusters/multi/chan2_0203p_02032021_309b_13_RBC_multiple_CD61+_23.png,../prepare_data_source/revised_clusters/multi/chan3_0203p_02032021_309b_13_RBC_multiple_CD61+_23.png,../prepare_data_source/revised_clusters/multi/chan7_0203p_02032021_309b_13_RBC_multiple_CD61+_23.png,../prepare_data_source/revised_clusters/multi/chan11_0203p_02032021_309b_13_RBC_multiple_CD61+_23.png,wbc platelet
../prepare_data_source/revised_clusters/multi/chan2_0203p_02032021_309b_13_RBC_multiple_CD61+_24.png,../prepare_data_source/revised_clusters/multi/chan3_0203p_02032021_309b_13_RBC_multiple_CD61+_24.png,../prepare_data_source/revised_clusters/multi/chan7_0203p_02032021_309b_13_RBC_multiple_CD61+_24.png,../prepare_data_source/revised_clusters/multi/chan11_0203p_02032021_309b_13_RBC_multiple_CD61+_24.png,wbc platelet
../prepare_data_source/revised_clusters/multi/chan2_0203p_02032021_309b_13_RBC_multiple_CD61+_25.png,../prepare_data_source/revised_clusters/multi/chan3_0203p_02032021_309b_13_RBC_multiple_CD61+_25.png,../prepare_data_source/revised_clusters/multi/chan7_0203p_02032021_309b_13_RBC_multiple_CD61+_25.png,../prepare_data_source/revised_clusters/multi/chan11_0203p_02032021_309b_13_RBC_multiple_CD61+_25.png,wbc platelet
../prepare_data_source/revised_clusters/multi/chan2_0203p_02032021_309b_13_RBC_multiple_CD61+_26.png,../prepare_data_source/revised_clusters/multi/chan3_0203p_02032021_309b_13_RBC_multiple_CD61+_26.png,../prepare_data_source/revised_clusters/multi/chan7_0203p_02032021_309b_13_RBC_multiple_CD61+_26.png,../prepare_data_source/revised_clusters/multi/chan11_0203p_02032021_309b_13_RBC_multiple_CD61+_26.png,wbc platelet
../prepare_data_source/revised_clusters/multi/chan2_0203p_02032021_309b_13_RBC_multiple_CD61+_27.png,../prepare_data_source/revised_clusters/multi/chan3_0203p_02032021_309b_13_RBC_multiple_CD61+_27.png,../prepare_data_source/revised_clusters/multi/chan7_0203p_02032021_309b_13_RBC_multiple_CD61+_27.png,../prepare_data_source/revised_clusters/multi/chan11_0203p_02032021_309b_13_RBC_multiple_CD61+_27.png,wbc platelet
../prepare_data_source/revised_clusters/multi/chan2_0203p_02032021_309b_13_RBC_multiple_CD61+_28.png,../prepare_data_source/revised_clusters/multi/chan3_0203p_02032021_309b_13_RBC_multiple_CD61+_28.png,../prepare_data_source/revised_clusters/multi/chan7_0203p_02032021_309b_13_RBC_multiple_CD61+_28.png,../prepare_data_source/revised_clusters/multi/chan11_0203p_02032021_309b_13_RBC_multiple_CD61+_28.png,platelet
../prepare_data_source/revised_clusters/multi/chan2_0203p_02032021_309b_13_RBC_multiple_CD61+_29.png,../prepare_data_source/revised_clusters/multi/chan3_0203p_02032021_309b_13_RBC_multiple_CD61+_29.png,../prepare_data_source/revised_clusters/multi/chan7_0203p_02032021_309b_13_RBC_multiple_CD61+_29.png,../prepare_data_source/revised_clusters/multi/chan11_0203p_02032021_309b_13_RBC_multiple_CD61+_29.png,wbc platelet
../prepare_data_source/revised_clusters/multi/chan2_0203p_02032021_309b_13_RBC_multiple_CD61+_3.png,../prepare_data_source/revised_clusters/multi/chan3_0203p_02032021_309b_13_RBC_multiple_CD61+_3.png,../prepare_data_source/revised_clusters/multi/chan7_0203p_02032021_309b_13_RBC_multiple_CD61+_3.png,../prepare_data_source/revised_clusters/multi/chan11_0203p_02032021_309b_13_RBC_multiple_CD61+_3.png,wbc
../prepare_data_source/revised_clusters/multi/chan2_0203p_02032021_309b_13_RBC_multiple_CD61+_30.png,../prepare_data_source/revised_clusters/multi/chan3_0203p_02032021_309b_13_RBC_multiple_CD61+_30.png,../prepare_data_source/revised_clusters/multi/chan7_0203p_02032021_309b_13_RBC_multiple_CD61+_30.png,../prepare_data_source/revised_clusters/multi/chan11_0203p_02032021_309b_13_RBC_multiple_CD61+_30.png,wbc platelet
../prepare_data_source/revised_clusters/multi/chan2_0203p_02032021_309b_13_RBC_multiple_CD61+_31.png,../prepare_data_source/revised_clusters/multi/chan3_0203p_02032021_309b_13_RBC_multiple_CD61+_31.png,../prepare_data_source/revised_clusters/multi/chan7_0203p_02032021_309b_13_RBC_multiple_CD61+_31.png,../prepare_data_source/revised_clusters/multi/chan11_0203p_02032021_309b_13_RBC_multiple_CD61+_31.png,wbc platelet
../prepare_data_source/revised_clusters/multi/chan2_0203p_02032021_309b_13_RBC_multiple_CD61+_32.png,../prepare_data_source/revised_clusters/multi/chan3_0203p_02032021_309b_13_RBC_multiple_CD61+_32.png,../prepare_data_source/revised_clusters/multi/chan7_0203p_02032021_309b_13_RBC_multiple_CD61+_32.png,../prepare_data_source/revised_clusters/multi/chan11_0203p_02032021_309b_13_RBC_multiple_CD61+_32.png,wbc platelet
../prepare_data_source/revised_clusters/multi/chan2_0203p_02032021_309b_13_RBC_multiple_CD61+_33.png,../prepare_data_source/revised_clusters/multi/chan3_0203p_02032021_309b_13_RBC_multiple_CD61+_33.png,../prepare_data_source/revised_clusters/multi/chan7_0203p_02032021_309b_13_RBC_multiple_CD61+_33.png,../prepare_data_source/revised_clusters/multi/chan11_0203p_02032021_309b_13_RBC_multiple_CD61+_33.png,wbc platelet
../prepare_data_source/revised_clusters/multi/chan2_0203p_02032021_309b_13_RBC_multiple_CD61+_34.png,../prepare_data_source/revised_clusters/multi/chan3_0203p_02032021_309b_13_RBC_multiple_CD61+_34.png,../prepare_data_source/revised_clusters/multi/chan7_0203p_02032021_309b_13_RBC_multiple_CD61+_34.png,../prepare_data_source/revised_clusters/multi/chan11_0203p_02032021_309b_13_RBC_multiple_CD61+_34.png,wbc platelet
../prepare_data_source/revised_clusters/multi/chan2_0203p_02032021_309b_13_RBC_multiple_CD61+_35.png,../prepare_data_source/revised_clusters/multi/chan3_0203p_02032021_309b_13_RBC_multiple_CD61+_35.png,../prepare_data_source/revised_clusters/multi/chan7_0203p_02032021_309b_13_RBC_multiple_CD61+_35.png,../prepare_data_source/revised_clusters/multi/chan11_0203p_02032021_309b_13_RBC_multiple_CD61+_35.png,wbc platelet
../prepare_data_source/revised_clusters/multi/chan2_0203p_02032021_309b_13_RBC_multiple_CD61+_36.png,../prepare_data_source/revised_clusters/multi/chan3_0203p_02032021_309b_13_RBC_multiple_CD61+_36.png,../prepare_data_source/revised_clusters/multi/chan7_0203p_02032021_309b_13_RBC_multiple_CD61+_36.png,../prepare_data_source/revised_clusters/multi/chan11_0203p_02032021_309b_13_RBC_multiple_CD61+_36.png,wbc platelet
../prepare_data_source/revised_clusters/multi/chan2_0203p_02032021_309b_13_RBC_multiple_CD61+_37.png,../prepare_data_source/revised_clusters/multi/chan3_0203p_02032021_309b_13_RBC_multiple_CD61+_37.png,../prepare_data_source/revised_clusters/multi/chan7_0203p_02032021_309b_13_RBC_multiple_CD61+_37.png,../prepare_data_source/revised_clusters/multi/chan11_0203p_02032021_309b_13_RBC_multiple_CD61+_37.png,wbc platelet
../prepare_data_source/revised_clusters/multi/chan2_0203p_02032021_309b_13_RBC_multiple_CD61+_38.png,../prepare_data_source/revised_clusters/multi/chan3_0203p_02032021_309b_13_RBC_multiple_CD61+_38.png,../prepare_data_source/revised_clusters/multi/chan7_0203p_02032021_309b_13_RBC_multiple_CD61+_38.png,../prepare_data_source/revised_clusters/multi/chan11_0203p_02032021_309b_13_RBC_multiple_CD61+_38.png,wbc platelet
../prepare_data_source/revised_clusters/multi/chan2_0203p_02032021_309b_13_RBC_multiple_CD61+_39.png,../prepare_data_source/revised_clusters/multi/chan3_0203p_02032021_309b_13_RBC_multiple_CD61+_39.png,../prepare_data_source/revised_clusters/multi/chan7_0203p_02032021_309b_13_RBC_multiple_CD61+_39.png,../prepare_data_source/revised_clusters/multi/chan11_0203p_02032021_309b_13_RBC_multiple_CD61+_39.png,wbc platelet
../prepare_data_source/revised_clusters/multi/chan2_0203p_02032021_309b_13_RBC_multiple_CD61+_4.png,../prepare_data_source/revised_clusters/multi/chan3_0203p_02032021_309b_13_RBC_multiple_CD61+_4.png,../prepare_data_source/revised_clusters/multi/chan7_0203p_02032021_309b_13_RBC_multiple_CD61+_4.png,../prepare_data_source/revised_clusters/multi/chan11_0203p_02032021_309b_13_RBC_multiple_CD61+_4.png,wbc platelet
../prepare_data_source/revised_clusters/multi/chan2_0203p_02032021_309b_13_RBC_multiple_CD61+_40.png,../prepare_data_source/revised_clusters/multi/chan3_0203p_02032021_309b_13_RBC_multiple_CD61+_40.png,../prepare_data_source/revised_clusters/multi/chan7_0203p_02032021_309b_13_RBC_multiple_CD61+_40.png,../prepare_data_source/revised_clusters/multi/chan11_0203p_02032021_309b_13_RBC_multiple_CD61+_40.png,wbc platelet
../prepare_data_source/revised_clusters/multi/chan2_0203p_02032021_309b_13_RBC_multiple_CD61+_41.png,../prepare_data_source/revised_clusters/multi/chan3_0203p_02032021_309b_13_RBC_multiple_CD61+_41.png,../prepare_data_source/revised_clusters/multi/chan7_0203p_02032021_309b_13_RBC_multiple_CD61+_41.png,../prepare_data_source/revised_clusters/multi/chan11_0203p_02032021_309b_13_RBC_multiple_CD61+_41.png,wbc platelet
../prepare_data_source/revised_clusters/multi/chan2_0203p_02032021_309b_13_RBC_multiple_CD61+_42.png,../prepare_data_source/revised_clusters/multi/chan3_0203p_02032021_309b_13_RBC_multiple_CD61+_42.png,../prepare_data_source/revised_clusters/multi/chan7_0203p_02032021_309b_13_RBC_multiple_CD61+_42.png,../prepare_data_source/revised_clusters/multi/chan11_0203p_02032021_309b_13_RBC_multiple_CD61+_42.png,wbc platelet
../prepare_data_source/revised_clusters/multi/chan2_0203p_02032021_309b_13_RBC_multiple_CD61+_43.png,../prepare_data_source/revised_clusters/multi/chan3_0203p_02032021_309b_13_RBC_multiple_CD61+_43.png,../prepare_data_source/revised_clusters/multi/chan7_0203p_02032021_309b_13_RBC_multiple_CD61+_43.png,../prepare_data_source/revised_clusters/multi/chan11_0203p_02032021_309b_13_RBC_multiple_CD61+_43.png,platelet
../prepare_data_source/revised_clusters/multi/chan2_0203p_02032021_309b_13_RBC_multiple_CD61+_44.png,../prepare_data_source/revised_clusters/multi/chan3_0203p_02032021_309b_13_RBC_multiple_CD61+_44.png,../prepare_data_source/revised_clusters/multi/chan7_0203p_02032021_309b_13_RBC_multiple_CD61+_44.png,../prepare_data_source/revised_clusters/multi/chan11_0203p_02032021_309b_13_RBC_multiple_CD61+_44.png,wbc platelet
../prepare_data_source/revised_clusters/multi/chan2_0203p_02032021_309b_13_RBC_multiple_CD61+_45.png,../prepare_data_source/revised_clusters/multi/chan3_0203p_02032021_309b_13_RBC_multiple_CD61+_45.png,../prepare_data_source/revised_clusters/multi/chan7_0203p_02032021_309b_13_RBC_multiple_CD61+_45.png,../prepare_data_source/revised_clusters/multi/chan11_0203p_02032021_309b_13_RBC_multiple_CD61+_45.png,wbc platelet
../prepare_data_source/revised_clusters/multi/chan2_0203p_02032021_309b_13_RBC_multiple_CD61+_46.png,../prepare_data_source/revised_clusters/multi/chan3_0203p_02032021_309b_13_RBC_multiple_CD61+_46.png,../prepare_data_source/revised_clusters/multi/chan7_0203p_02032021_309b_13_RBC_multiple_CD61+_46.png,../prepare_data_source/revised_clusters/multi/chan11_0203p_02032021_309b_13_RBC_multiple_CD61+_46.png,wbc platelet
../prepare_data_source/revised_clusters/multi/chan2_0203p_02032021_309b_13_RBC_multiple_CD61+_47.png,../prepare_data_source/revised_clusters/multi/chan3_0203p_02032021_309b_13_RBC_multiple_CD61+_47.png,../prepare_data_source/revised_clusters/multi/chan7_0203p_02032021_309b_13_RBC_multiple_CD61+_47.png,../prepare_data_source/revised_clusters/multi/chan11_0203p_02032021_309b_13_RBC_multiple_CD61+_47.png,wbc platelet
../prepare_data_source/revised_clusters/multi/chan2_0203p_02032021_309b_13_RBC_multiple_CD61+_48.png,../prepare_data_source/revised_clusters/multi/chan3_0203p_02032021_309b_13_RBC_multiple_CD61+_48.png,../prepare_data_source/revised_clusters/multi/chan7_0203p_02032021_309b_13_RBC_multiple_CD61+_48.png,../prepare_data_source/revised_clusters/multi/chan11_0203p_02032021_309b_13_RBC_multiple_CD61+_48.png,wbc platelet
../prepare_data_source/revised_clusters/multi/chan2_0203p_02032021_309b_13_RBC_multiple_CD61+_49.png,../prepare_data_source/revised_clusters/multi/chan3_0203p_02032021_309b_13_RBC_multiple_CD61+_49.png,../prepare_data_source/revised_clusters/multi/chan7_0203p_02032021_309b_13_RBC_multiple_CD61+_49.png,../prepare_data_source/revised_clusters/multi/chan11_0203p_02032021_309b_13_RBC_multiple_CD61+_49.png,wbc platelet
../prepare_data_source/revised_clusters/multi/chan2_0203p_02032021_309b_13_RBC_multiple_CD61+_5.png,../prepare_data_source/revised_clusters/multi/chan3_0203p_02032021_309b_13_RBC_multiple_CD61+_5.png,../prepare_data_source/revised_clusters/multi/chan7_0203p_02032021_309b_13_RBC_multiple_CD61+_5.png,../prepare_data_source/revised_clusters/multi/chan11_0203p_02032021_309b_13_RBC_multiple_CD61+_5.png,wbc platelet
../prepare_data_source/revised_clusters/multi/chan2_0203p_02032021_309b_13_RBC_multiple_CD61+_50.png,../prepare_data_source/revised_clusters/multi/chan3_0203p_02032021_309b_13_RBC_multiple_CD61+_50.png,../prepare_data_source/revised_clusters/multi/chan7_0203p_02032021_309b_13_RBC_multiple_CD61+_50.png,../prepare_data_source/revised_clusters/multi/chan11_0203p_02032021_309b_13_RBC_multiple_CD61+_50.png,wbc platelet
../prepare_data_source/revised_clusters/multi/chan2_0203p_02032021_309b_13_RBC_multiple_CD61+_51.png,../prepare_data_source/revised_clusters/multi/chan3_0203p_02032021_309b_13_RBC_multiple_CD61+_51.png,../prepare_data_source/revised_clusters/multi/chan7_0203p_02032021_309b_13_RBC_multiple_CD61+_51.png,../prepare_data_source/revised_clusters/multi/chan11_0203p_02032021_309b_13_RBC_multiple_CD61+_51.png,wbc platelet
../prepare_data_source/revised_clusters/multi/chan2_0203p_02032021_309b_13_RBC_multiple_CD61+_52.png,../prepare_data_source/revised_clusters/multi/chan3_0203p_02032021_309b_13_RBC_multiple_CD61+_52.png,../prepare_data_source/revised_clusters/multi/chan7_0203p_02032021_309b_13_RBC_multiple_CD61+_52.png,../prepare_data_source/revised_clusters/multi/chan11_0203p_02032021_309b_13_RBC_multiple_CD61+_52.png,wbc platelet
../prepare_data_source/revised_clusters/multi/chan2_0203p_02032021_309b_13_RBC_multiple_CD61+_53.png,../prepare_data_source/revised_clusters/multi/chan3_0203p_02032021_309b_13_RBC_multiple_CD61+_53.png,../prepare_data_source/revised_clusters/multi/chan7_0203p_02032021_309b_13_RBC_multiple_CD61+_53.png,../prepare_data_source/revised_clusters/multi/chan11_0203p_02032021_309b_13_RBC_multiple_CD61+_53.png,wbc platelet
../prepare_data_source/revised_clusters/multi/chan2_0203p_02032021_309b_13_RBC_multiple_CD61+_54.png,../prepare_data_source/revised_clusters/multi/chan3_0203p_02032021_309b_13_RBC_multiple_CD61+_54.png,../prepare_data_source/revised_clusters/multi/chan7_0203p_02032021_309b_13_RBC_multiple_CD61+_54.png,../prepare_data_source/revised_clusters/multi/chan11_0203p_02032021_309b_13_RBC_multiple_CD61+_54.png,wbc platelet
../prepare_data_source/revised_clusters/multi/chan2_0203p_02032021_309b_13_RBC_multiple_CD61+_55.png,../prepare_data_source/revised_clusters/multi/chan3_0203p_02032021_309b_13_RBC_multiple_CD61+_55.png,../prepare_data_source/revised_clusters/multi/chan7_0203p_02032021_309b_13_RBC_multiple_CD61+_55.png,../prepare_data_source/revised_clusters/multi/chan11_0203p_02032021_309b_13_RBC_multiple_CD61+_55.png,wbc platelet
../prepare_data_source/revised_clusters/multi/chan2_0203p_02032021_309b_13_RBC_multiple_CD61+_56.png,../prepare_data_source/revised_clusters/multi/chan3_0203p_02032021_309b_13_RBC_multiple_CD61+_56.png,../prepare_data_source/revised_clusters/multi/chan7_0203p_02032021_309b_13_RBC_multiple_CD61+_56.png,../prepare_data_source/revised_clusters/multi/chan11_0203p_02032021_309b_13_RBC_multiple_CD61+_56.png,wbc platelet
../prepare_data_source/revised_clusters/multi/chan2_0203p_02032021_309b_13_RBC_multiple_CD61+_57.png,../prepare_data_source/revised_clusters/multi/chan3_0203p_02032021_309b_13_RBC_multiple_CD61+_57.png,../prepare_data_source/revised_clusters/multi/chan7_0203p_02032021_309b_13_RBC_multiple_CD61+_57.png,../prepare_data_source/revised_clusters/multi/chan11_0203p_02032021_309b_13_RBC_multiple_CD61+_57.png,wbc platelet
../prepare_data_source/revised_clusters/multi/chan2_0203p_02032021_309b_13_RBC_multiple_CD61+_58.png,../prepare_data_source/revised_clusters/multi/chan3_0203p_02032021_309b_13_RBC_multiple_CD61+_58.png,../prepare_data_source/revised_clusters/multi/chan7_0203p_02032021_309b_13_RBC_multiple_CD61+_58.png,../prepare_data_source/revised_clusters/multi/chan11_0203p_02032021_309b_13_RBC_multiple_CD61+_58.png,wbc platelet
../prepare_data_source/revised_clusters/multi/chan2_0203p_02032021_309b_13_RBC_multiple_CD61+_59.png,../prepare_data_source/revised_clusters/multi/chan3_0203p_02032021_309b_13_RBC_multiple_CD61+_59.png,../prepare_data_source/revised_clusters/multi/chan7_0203p_02032021_309b_13_RBC_multiple_CD61+_59.png,../prepare_data_source/revised_clusters/multi/chan11_0203p_02032021_309b_13_RBC_multiple_CD61+_59.png,wbc platelet
../prepare_data_source/revised_clusters/multi/chan2_0203p_02032021_309b_13_RBC_multiple_CD61+_6.png,../prepare_data_source/revised_clusters/multi/chan3_0203p_02032021_309b_13_RBC_multiple_CD61+_6.png,../prepare_data_source/revised_clusters/multi/chan7_0203p_02032021_309b_13_RBC_multiple_CD61+_6.png,../prepare_data_source/revised_clusters/multi/chan11_0203p_02032021_309b_13_RBC_multiple_CD61+_6.png,wbc platelet
../prepare_data_source/revised_clusters/multi/chan2_0203p_02032021_309b_13_RBC_multiple_CD61+_60.png,../prepare_data_source/revised_clusters/multi/chan3_0203p_02032021_309b_13_RBC_multiple_CD61+_60.png,../prepare_data_source/revised_clusters/multi/chan7_0203p_02032021_309b_13_RBC_multiple_CD61+_60.png,../prepare_data_source/revised_clusters/multi/chan11_0203p_02032021_309b_13_RBC_multiple_CD61+_60.png,wbc platelet
../prepare_data_source/revised_clusters/multi/chan2_0203p_02032021_309b_13_RBC_multiple_CD61+_61.png,../prepare_data_source/revised_clusters/multi/chan3_0203p_02032021_309b_13_RBC_multiple_CD61+_61.png,../prepare_data_source/revised_clusters/multi/chan7_0203p_02032021_309b_13_RBC_multiple_CD61+_61.png,../prepare_data_source/revised_clusters/multi/chan11_0203p_02032021_309b_13_RBC_multiple_CD61+_61.png,wbc platelet
../prepare_data_source/revised_clusters/multi/chan2_0203p_02032021_309b_13_RBC_multiple_CD61+_62.png,../prepare_data_source/revised_clusters/multi/chan3_0203p_02032021_309b_13_RBC_multiple_CD61+_62.png,../prepare_data_source/revised_clusters/multi/chan7_0203p_02032021_309b_13_RBC_multiple_CD61+_62.png,../prepare_data_source/revised_clusters/multi/chan11_0203p_02032021_309b_13_RBC_multiple_CD61+_62.png,wbc platelet
../prepare_data_source/revised_clusters/multi/chan2_0203p_02032021_309b_13_RBC_multiple_CD61+_63.png,../prepare_data_source/revised_clusters/multi/chan3_0203p_02032021_309b_13_RBC_multiple_CD61+_63.png,../prepare_data_source/revised_clusters/multi/chan7_0203p_02032021_309b_13_RBC_multiple_CD61+_63.png,../prepare_data_source/revised_clusters/multi/chan11_0203p_02032021_309b_13_RBC_multiple_CD61+_63.png,wbc platelet
../prepare_data_source/revised_clusters/multi/chan2_0203p_02032021_309b_13_RBC_multiple_CD61+_64.png,../prepare_data_source/revised_clusters/multi/chan3_0203p_02032021_309b_13_RBC_multiple_CD61+_64.png,../prepare_data_source/revised_clusters/multi/chan7_0203p_02032021_309b_13_RBC_multiple_CD61+_64.png,../prepare_data_source/revised_clusters/multi/chan11_0203p_02032021_309b_13_RBC_multiple_CD61+_64.png,wbc platelet
../prepare_data_source/revised_clusters/multi/chan2_0203p_02032021_309b_13_RBC_multiple_CD61+_65.png,../prepare_data_source/revised_clusters/multi/chan3_0203p_02032021_309b_13_RBC_multiple_CD61+_65.png,../prepare_data_source/revised_clusters/multi/chan7_0203p_02032021_309b_13_RBC_multiple_CD61+_65.png,../prepare_data_source/revised_clusters/multi/chan11_0203p_02032021_309b_13_RBC_multiple_CD61+_65.png,wbc platelet
../prepare_data_source/revised_clusters/multi/chan2_0203p_02032021_309b_13_RBC_multiple_CD61+_66.png,../prepare_data_source/revised_clusters/multi/chan3_0203p_02032021_309b_13_RBC_multiple_CD61+_66.png,../prepare_data_source/revised_clusters/multi/chan7_0203p_02032021_309b_13_RBC_multiple_CD61+_66.png,../prepare_data_source/revised_clusters/multi/chan11_0203p_02032021_309b_13_RBC_multiple_CD61+_66.png,wbc platelet
../prepare_data_source/revised_clusters/multi/chan2_0203p_02032021_309b_13_RBC_multiple_CD61+_67.png,../prepare_data_source/revised_clusters/multi/chan3_0203p_02032021_309b_13_RBC_multiple_CD61+_67.png,../prepare_data_source/revised_clusters/multi/chan7_0203p_02032021_309b_13_RBC_multiple_CD61+_67.png,../prepare_data_source/revised_clusters/multi/chan11_0203p_02032021_309b_13_RBC_multiple_CD61+_67.png,wbc platelet
../prepare_data_source/revised_clusters/multi/chan2_0203p_02032021_309b_13_RBC_multiple_CD61+_68.png,../prepare_data_source/revised_clusters/multi/chan3_0203p_02032021_309b_13_RBC_multiple_CD61+_68.png,../prepare_data_source/revised_clusters/multi/chan7_0203p_02032021_309b_13_RBC_multiple_CD61+_68.png,../prepare_data_source/revised_clusters/multi/chan11_0203p_02032021_309b_13_RBC_multiple_CD61+_68.png,wbc platelet
../prepare_data_source/revised_clusters/multi/chan2_0203p_02032021_309b_13_RBC_multiple_CD61+_69.png,../prepare_data_source/revised_clusters/multi/chan3_0203p_02032021_309b_13_RBC_multiple_CD61+_69.png,../prepare_data_source/revised_clusters/multi/chan7_0203p_02032021_309b_13_RBC_multiple_CD61+_69.png,../prepare_data_source/revised_clusters/multi/chan11_0203p_02032021_309b_13_RBC_multiple_CD61+_69.png,wbc platelet
../prepare_data_source/revised_clusters/multi/chan2_0203p_02032021_309b_13_RBC_multiple_CD61+_7.png,../prepare_data_source/revised_clusters/multi/chan3_0203p_02032021_309b_13_RBC_multiple_CD61+_7.png,../prepare_data_source/revised_clusters/multi/chan7_0203p_02032021_309b_13_RBC_multiple_CD61+_7.png,../prepare_data_source/revised_clusters/multi/chan11_0203p_02032021_309b_13_RBC_multiple_CD61+_7.png,wbc
../prepare_data_source/revised_clusters/multi/chan2_0203p_02032021_309b_13_RBC_multiple_CD61+_70.png,../prepare_data_source/revised_clusters/multi/chan3_0203p_02032021_309b_13_RBC_multiple_CD61+_70.png,../prepare_data_source/revised_clusters/multi/chan7_0203p_02032021_309b_13_RBC_multiple_CD61+_70.png,../prepare_data_source/revised_clusters/multi/chan11_0203p_02032021_309b_13_RBC_multiple_CD61+_70.png,platelet
../prepare_data_source/revised_clusters/multi/chan2_0203p_02032021_309b_13_RBC_multiple_CD61+_71.png,../prepare_data_source/revised_clusters/multi/chan3_0203p_02032021_309b_13_RBC_multiple_CD61+_71.png,../prepare_data_source/revised_clusters/multi/chan7_0203p_02032021_309b_13_RBC_multiple_CD61+_71.png,../prepare_data_source/revised_clusters/multi/chan11_0203p_02032021_309b_13_RBC_multiple_CD61+_71.png,wbc platelet
../prepare_data_source/revised_clusters/multi/chan2_0203p_02032021_309b_13_RBC_multiple_CD61+_72.png,../prepare_data_source/revised_clusters/multi/chan3_0203p_02032021_309b_13_RBC_multiple_CD61+_72.png,../prepare_data_source/revised_clusters/multi/chan7_0203p_02032021_309b_13_RBC_multiple_CD61+_72.png,../prepare_data_source/revised_clusters/multi/chan11_0203p_02032021_309b_13_RBC_multiple_CD61+_72.png,wbc platelet
../prepare_data_source/revised_clusters/multi/chan2_0203p_02032021_309b_13_RBC_multiple_CD61+_73.png,../prepare_data_source/revised_clusters/multi/chan3_0203p_02032021_309b_13_RBC_multiple_CD61+_73.png,../prepare_data_source/revised_clusters/multi/chan7_0203p_02032021_309b_13_RBC_multiple_CD61+_73.png,../prepare_data_source/revised_clusters/multi/chan11_0203p_02032021_309b_13_RBC_multiple_CD61+_73.png,wbc platelet
../prepare_data_source/revised_clusters/multi/chan2_0203p_02032021_309b_13_RBC_multiple_CD61+_74.png,../prepare_data_source/revised_clusters/multi/chan3_0203p_02032021_309b_13_RBC_multiple_CD61+_74.png,../prepare_data_source/revised_clusters/multi/chan7_0203p_02032021_309b_13_RBC_multiple_CD61+_74.png,../prepare_data_source/revised_clusters/multi/chan11_0203p_02032021_309b_13_RBC_multiple_CD61+_74.png,wbc platelet
../prepare_data_source/revised_clusters/multi/chan2_0203p_02032021_309b_13_RBC_multiple_CD61+_75.png,../prepare_data_source/revised_clusters/multi/chan3_0203p_02032021_309b_13_RBC_multiple_CD61+_75.png,../prepare_data_source/revised_clusters/multi/chan7_0203p_02032021_309b_13_RBC_multiple_CD61+_75.png,../prepare_data_source/revised_clusters/multi/chan11_0203p_02032021_309b_13_RBC_multiple_CD61+_75.png,wbc platelet
../prepare_data_source/revised_clusters/multi/chan2_0203p_02032021_309b_13_RBC_multiple_CD61+_76.png,../prepare_data_source/revised_clusters/multi/chan3_0203p_02032021_309b_13_RBC_multiple_CD61+_76.png,../prepare_data_source/revised_clusters/multi/chan7_0203p_02032021_309b_13_RBC_multiple_CD61+_76.png,../prepare_data_source/revised_clusters/multi/chan11_0203p_02032021_309b_13_RBC_multiple_CD61+_76.png,wbc platelet
../prepare_data_source/revised_clusters/multi/chan2_0203p_02032021_309b_13_RBC_multiple_CD61+_77.png,../prepare_data_source/revised_clusters/multi/chan3_0203p_02032021_309b_13_RBC_multiple_CD61+_77.png,../prepare_data_source/revised_clusters/multi/chan7_0203p_02032021_309b_13_RBC_multiple_CD61+_77.png,../prepare_data_source/revised_clusters/multi/chan11_0203p_02032021_309b_13_RBC_multiple_CD61+_77.png,wbc platelet
../prepare_data_source/revised_clusters/multi/chan2_0203p_02032021_309b_13_RBC_multiple_CD61+_78.png,../prepare_data_source/revised_clusters/multi/chan3_0203p_02032021_309b_13_RBC_multiple_CD61+_78.png,../prepare_data_source/revised_clusters/multi/chan7_0203p_02032021_309b_13_RBC_multiple_CD61+_78.png,../prepare_data_source/revised_clusters/multi/chan11_0203p_02032021_309b_13_RBC_multiple_CD61+_78.png,wbc platelet
../prepare_data_source/revised_clusters/multi/chan2_0203p_02032021_309b_13_RBC_multiple_CD61+_79.png,../prepare_data_source/revised_clusters/multi/chan3_0203p_02032021_309b_13_RBC_multiple_CD61+_79.png,../prepare_data_source/revised_clusters/multi/chan7_0203p_02032021_309b_13_RBC_multiple_CD61+_79.png,../prepare_data_source/revised_clusters/multi/chan11_0203p_02032021_309b_13_RBC_multiple_CD61+_79.png,wbc platelet
../prepare_data_source/revised_clusters/multi/chan2_0203p_02032021_309b_13_RBC_multiple_CD61+_8.png,../prepare_data_source/revised_clusters/multi/chan3_0203p_02032021_309b_13_RBC_multiple_CD61+_8.png,../prepare_data_source/revised_clusters/multi/chan7_0203p_02032021_309b_13_RBC_multiple_CD61+_8.png,../prepare_data_source/revised_clusters/multi/chan11_0203p_02032021_309b_13_RBC_multiple_CD61+_8.png,wbc platelet
../prepare_data_source/revised_clusters/multi/chan2_0203p_02032021_309b_13_RBC_multiple_CD61+_80.png,../prepare_data_source/revised_clusters/multi/chan3_0203p_02032021_309b_13_RBC_multiple_CD61+_80.png,../prepare_data_source/revised_clusters/multi/chan7_0203p_02032021_309b_13_RBC_multiple_CD61+_80.png,../prepare_data_source/revised_clusters/multi/chan11_0203p_02032021_309b_13_RBC_multiple_CD61+_80.png,wbc platelet
../prepare_data_source/revised_clusters/multi/chan2_0203p_02032021_309b_13_RBC_multiple_CD61+_81.png,../prepare_data_source/revised_clusters/multi/chan3_0203p_02032021_309b_13_RBC_multiple_CD61+_81.png,../prepare_data_source/revised_clusters/multi/chan7_0203p_02032021_309b_13_RBC_multiple_CD61+_81.png,../prepare_data_source/revised_clusters/multi/chan11_0203p_02032021_309b_13_RBC_multiple_CD61+_81.png,wbc platelet
../prepare_data_source/revised_clusters/multi/chan2_0203p_02032021_309b_13_RBC_multiple_CD61+_82.png,../prepare_data_source/revised_clusters/multi/chan3_0203p_02032021_309b_13_RBC_multiple_CD61+_82.png,../prepare_data_source/revised_clusters/multi/chan7_0203p_02032021_309b_13_RBC_multiple_CD61+_82.png,../prepare_data_source/revised_clusters/multi/chan11_0203p_02032021_309b_13_RBC_multiple_CD61+_82.png,wbc platelet
../prepare_data_source/revised_clusters/multi/chan2_0203p_02032021_309b_13_RBC_multiple_CD61+_83.png,../prepare_data_source/revised_clusters/multi/chan3_0203p_02032021_309b_13_RBC_multiple_CD61+_83.png,../prepare_data_source/revised_clusters/multi/chan7_0203p_02032021_309b_13_RBC_multiple_CD61+_83.png,../prepare_data_source/revised_clusters/multi/chan11_0203p_02032021_309b_13_RBC_multiple_CD61+_83.png,wbc platelet
../prepare_data_source/revised_clusters/multi/chan2_0203p_02032021_309b_13_RBC_multiple_CD61+_84.png,../prepare_data_source/revised_clusters/multi/chan3_0203p_02032021_309b_13_RBC_multiple_CD61+_84.png,../prepare_data_source/revised_clusters/multi/chan7_0203p_02032021_309b_13_RBC_multiple_CD61+_84.png,../prepare_data_source/revised_clusters/multi/chan11_0203p_02032021_309b_13_RBC_multiple_CD61+_84.png,wbc platelet
../prepare_data_source/revised_clusters/multi/chan2_0203p_02032021_309b_13_RBC_multiple_CD61+_85.png,../prepare_data_source/revised_clusters/multi/chan3_0203p_02032021_309b_13_RBC_multiple_CD61+_85.png,../prepare_data_source/revised_clusters/multi/chan7_0203p_02032021_309b_13_RBC_multiple_CD61+_85.png,../prepare_data_source/revised_clusters/multi/chan11_0203p_02032021_309b_13_RBC_multiple_CD61+_85.png,wbc platelet
../prepare_data_source/revised_clusters/multi/chan2_0203p_02032021_309b_13_RBC_multiple_CD61+_86.png,../prepare_data_source/revised_clusters/multi/chan3_0203p_02032021_309b_13_RBC_multiple_CD61+_86.png,../prepare_data_source/revised_clusters/multi/chan7_0203p_02032021_309b_13_RBC_multiple_CD61+_86.png,../prepare_data_source/revised_clusters/multi/chan11_0203p_02032021_309b_13_RBC_multiple_CD61+_86.png,wbc platelet
../prepare_data_source/revised_clusters/multi/chan2_0203p_02032021_309b_13_RBC_multiple_CD61+_87.png,../prepare_data_source/revised_clusters/multi/chan3_0203p_02032021_309b_13_RBC_multiple_CD61+_87.png,../prepare_data_source/revised_clusters/multi/chan7_0203p_02032021_309b_13_RBC_multiple_CD61+_87.png,../prepare_data_source/revised_clusters/multi/chan11_0203p_02032021_309b_13_RBC_multiple_CD61+_87.png,wbc platelet
../prepare_data_source/revised_clusters/multi/chan2_0203p_02032021_309b_13_RBC_multiple_CD61+_88.png,../prepare_data_source/revised_clusters/multi/chan3_0203p_02032021_309b_13_RBC_multiple_CD61+_88.png,../prepare_data_source/revised_clusters/multi/chan7_0203p_02032021_309b_13_RBC_multiple_CD61+_88.png,../prepare_data_source/revised_clusters/multi/chan11_0203p_02032021_309b_13_RBC_multiple_CD61+_88.png,wbc platelet
../prepare_data_source/revised_clusters/multi/chan2_0203p_02032021_309b_13_RBC_multiple_CD61+_89.png,../prepare_data_source/revised_clusters/multi/chan3_0203p_02032021_309b_13_RBC_multiple_CD61+_89.png,../prepare_data_source/revised_clusters/multi/chan7_0203p_02032021_309b_13_RBC_multiple_CD61+_89.png,../prepare_data_source/revised_clusters/multi/chan11_0203p_02032021_309b_13_RBC_multiple_CD61+_89.png,wbc platelet
../prepare_data_source/revised_clusters/multi/chan2_0203p_02032021_309b_13_RBC_multiple_CD61+_9.png,../prepare_data_source/revised_clusters/multi/chan3_0203p_02032021_309b_13_RBC_multiple_CD61+_9.png,../prepare_data_source/revised_clusters/multi/chan7_0203p_02032021_309b_13_RBC_multiple_CD61+_9.png,../prepare_data_source/revised_clusters/multi/chan11_0203p_02032021_309b_13_RBC_multiple_CD61+_9.png,wbc platelet
../prepare_data_source/revised_clusters/multi/chan2_0203p_02032021_309b_13_RBC_multiple_CD61+_90.png,../prepare_data_source/revised_clusters/multi/chan3_0203p_02032021_309b_13_RBC_multiple_CD61+_90.png,../prepare_data_source/revised_clusters/multi/chan7_0203p_02032021_309b_13_RBC_multiple_CD61+_90.png,../prepare_data_source/revised_clusters/multi/chan11_0203p_02032021_309b_13_RBC_multiple_CD61+_90.png,wbc platelet
../prepare_data_source/revised_clusters/multi/chan2_0203p_02032021_309b_13_RBC_multiple_CD61+_91.png,../prepare_data_source/revised_clusters/multi/chan3_0203p_02032021_309b_13_RBC_multiple_CD61+_91.png,../prepare_data_source/revised_clusters/multi/chan7_0203p_02032021_309b_13_RBC_multiple_CD61+_91.png,../prepare_data_source/revised_clusters/multi/chan11_0203p_02032021_309b_13_RBC_multiple_CD61+_91.png,wbc platelet
../prepare_data_source/revised_clusters/multi/chan2_0203p_02032021_309b_13_RBC_multiple_CD61+_92.png,../prepare_data_source/revised_clusters/multi/chan3_0203p_02032021_309b_13_RBC_multiple_CD61+_92.png,../prepare_data_source/revised_clusters/multi/chan7_0203p_02032021_309b_13_RBC_multiple_CD61+_92.png,../prepare_data_source/revised_clusters/multi/chan11_0203p_02032021_309b_13_RBC_multiple_CD61+_92.png,wbc platelet
../prepare_data_source/revised_clusters/multi/chan2_0203p_02032021_309b_13_RBC_multiple_CD61+_93.png,../prepare_data_source/revised_clusters/multi/chan3_0203p_02032021_309b_13_RBC_multiple_CD61+_93.png,../prepare_data_source/revised_clusters/multi/chan7_0203p_02032021_309b_13_RBC_multiple_CD61+_93.png,../prepare_data_source/revised_clusters/multi/chan11_0203p_02032021_309b_13_RBC_multiple_CD61+_93.png,wbc platelet
../prepare_data_source/revised_clusters/multi/chan2_0203p_02032021_309b_13_RBC_multiple_CD61+_94.png,../prepare_data_source/revised_clusters/multi/chan3_0203p_02032021_309b_13_RBC_multiple_CD61+_94.png,../prepare_data_source/revised_clusters/multi/chan7_0203p_02032021_309b_13_RBC_multiple_CD61+_94.png,../prepare_data_source/revised_clusters/multi/chan11_0203p_02032021_309b_13_RBC_multiple_CD61+_94.png,wbc platelet
../prepare_data_source/revised_clusters/multi/chan2_0203p_02032021_309b_13_RBC_multiple_CD61+_95.png,../prepare_data_source/revised_clusters/multi/chan3_0203p_02032021_309b_13_RBC_multiple_CD61+_95.png,../prepare_data_source/revised_clusters/multi/chan7_0203p_02032021_309b_13_RBC_multiple_CD61+_95.png,../prepare_data_source/revised_clusters/multi/chan11_0203p_02032021_309b_13_RBC_multiple_CD61+_95.png,wbc platelet
../prepare_data_source/revised_clusters/multi/chan2_0203p_02032021_309b_13_RBC_multiple_CD61+_96.png,../prepare_data_source/revised_clusters/multi/chan3_0203p_02032021_309b_13_RBC_multiple_CD61+_96.png,../prepare_data_source/revised_clusters/multi/chan7_0203p_02032021_309b_13_RBC_multiple_CD61+_96.png,../prepare_data_source/revised_clusters/multi/chan11_0203p_02032021_309b_13_RBC_multiple_CD61+_96.png,wbc platelet
../prepare_data_source/revised_clusters/multi/chan2_0203p_02032021_309b_13_RBC_multiple_CD61+_97.png,../prepare_data_source/revised_clusters/multi/chan3_0203p_02032021_309b_13_RBC_multiple_CD61+_97.png,../prepare_data_source/revised_clusters/multi/chan7_0203p_02032021_309b_13_RBC_multiple_CD61+_97.png,../prepare_data_source/revised_clusters/multi/chan11_0203p_02032021_309b_13_RBC_multiple_CD61+_97.png,wbc platelet
../prepare_data_source/revised_clusters/multi/chan2_0203p_02032021_309b_13_RBC_multiple_CD61+_98.png,../prepare_data_source/revised_clusters/multi/chan3_0203p_02032021_309b_13_RBC_multiple_CD61+_98.png,../prepare_data_source/revised_clusters/multi/chan7_0203p_02032021_309b_13_RBC_multiple_CD61+_98.png,../prepare_data_source/revised_clusters/multi/chan11_0203p_02032021_309b_13_RBC_multiple_CD61+_98.png,wbc
../prepare_data_source/revised_clusters/multi/chan2_0203p_02032021_309b_13_RBC_multiple_CD61+_99.png,../prepare_data_source/revised_clusters/multi/chan3_0203p_02032021_309b_13_RBC_multiple_CD61+_99.png,../prepare_data_source/revised_clusters/multi/chan7_0203p_02032021_309b_13_RBC_multiple_CD61+_99.png,../prepare_data_source/revised_clusters/multi/chan11_0203p_02032021_309b_13_RBC_multiple_CD61+_99.png,wbc platelet
../prepare_data_source/revised_clusters/multi/chan2_0203p_02032021_315b_6_RBS_multiples_1.png,../prepare_data_source/revised_clusters/multi/chan3_0203p_02032021_315b_6_RBS_multiples_1.png,../prepare_data_source/revised_clusters/multi/chan7_0203p_02032021_315b_6_RBS_multiples_1.png,../prepare_data_source/revised_clusters/multi/chan11_0203p_02032021_315b_6_RBS_multiples_1.png,platelet
../prepare_data_source/revised_clusters/multi/chan2_0203p_02032021_315b_6_RBS_multiples_10.png,../prepare_data_source/revised_clusters/multi/chan3_0203p_02032021_315b_6_RBS_multiples_10.png,../prepare_data_source/revised_clusters/multi/chan7_0203p_02032021_315b_6_RBS_multiples_10.png,../prepare_data_source/revised_clusters/multi/chan11_0203p_02032021_315b_6_RBS_multiples_10.png,rbc
../prepare_data_source/revised_clusters/multi/chan2_0203p_02032021_315b_6_RBS_multiples_100.png,../prepare_data_source/revised_clusters/multi/chan3_0203p_02032021_315b_6_RBS_multiples_100.png,../prepare_data_source/revised_clusters/multi/chan7_0203p_02032021_315b_6_RBS_multiples_100.png,../prepare_data_source/revised_clusters/multi/chan11_0203p_02032021_315b_6_RBS_multiples_100.png,rbc
../prepare_data_source/revised_clusters/multi/chan2_0203p_02032021_315b_6_RBS_multiples_101.png,../prepare_data_source/revised_clusters/multi/chan3_0203p_02032021_315b_6_RBS_multiples_101.png,../prepare_data_source/revised_clusters/multi/chan7_0203p_02032021_315b_6_RBS_multiples_101.png,../prepare_data_source/revised_clusters/multi/chan11_0203p_02032021_315b_6_RBS_multiples_101.png,platelet
../prepare_data_source/revised_clusters/multi/chan2_0203p_02032021_315b_6_RBS_multiples_102.png,../prepare_data_source/revised_clusters/multi/chan3_0203p_02032021_315b_6_RBS_multiples_102.png,../prepare_data_source/revised_clusters/multi/chan7_0203p_02032021_315b_6_RBS_multiples_102.png,../prepare_data_source/revised_clusters/multi/chan11_0203p_02032021_315b_6_RBS_multiples_102.png,rbc
../prepare_data_source/revised_clusters/multi/chan2_0203p_02032021_315b_6_RBS_multiples_103.png,../prepare_data_source/revised_clusters/multi/chan3_0203p_02032021_315b_6_RBS_multiples_103.png,../prepare_data_source/revised_clusters/multi/chan7_0203p_02032021_315b_6_RBS_multiples_103.png,../prepare_data_source/revised_clusters/multi/chan11_0203p_02032021_315b_6_RBS_multiples_103.png,wbc
../prepare_data_source/revised_clusters/multi/chan2_0203p_02032021_315b_6_RBS_multiples_104.png,../prepare_data_source/revised_clusters/multi/chan3_0203p_02032021_315b_6_RBS_multiples_104.png,../prepare_data_source/revised_clusters/multi/chan7_0203p_02032021_315b_6_RBS_multiples_104.png,../prepare_data_source/revised_clusters/multi/chan11_0203p_02032021_315b_6_RBS_multiples_104.png,rbc
../prepare_data_source/revised_clusters/multi/chan2_0203p_02032021_315b_6_RBS_multiples_105.png,../prepare_data_source/revised_clusters/multi/chan3_0203p_02032021_315b_6_RBS_multiples_105.png,../prepare_data_source/revised_clusters/multi/chan7_0203p_02032021_315b_6_RBS_multiples_105.png,../prepare_data_source/revised_clusters/multi/chan11_0203p_02032021_315b_6_RBS_multiples_105.png,wbc
../prepare_data_source/revised_clusters/multi/chan2_0203p_02032021_315b_6_RBS_multiples_106.png,../prepare_data_source/revised_clusters/multi/chan3_0203p_02032021_315b_6_RBS_multiples_106.png,../prepare_data_source/revised_clusters/multi/chan7_0203p_02032021_315b_6_RBS_multiples_106.png,../prepare_data_source/revised_clusters/multi/chan11_0203p_02032021_315b_6_RBS_multiples_106.png,wbc
../prepare_data_source/revised_clusters/multi/chan2_0203p_02032021_315b_6_RBS_multiples_107.png,../prepare_data_source/revised_clusters/multi/chan3_0203p_02032021_315b_6_RBS_multiples_107.png,../prepare_data_source/revised_clusters/multi/chan7_0203p_02032021_315b_6_RBS_multiples_107.png,../prepare_data_source/revised_clusters/multi/chan11_0203p_02032021_315b_6_RBS_multiples_107.png,platelet
../prepare_data_source/revised_clusters/multi/chan2_0203p_02032021_315b_6_RBS_multiples_108.png,../prepare_data_source/revised_clusters/multi/chan3_0203p_02032021_315b_6_RBS_multiples_108.png,../prepare_data_source/revised_clusters/multi/chan7_0203p_02032021_315b_6_RBS_multiples_108.png,../prepare_data_source/revised_clusters/multi/chan11_0203p_02032021_315b_6_RBS_multiples_108.png,rbc
../prepare_data_source/revised_clusters/multi/chan2_0203p_02032021_315b_6_RBS_multiples_109.png,../prepare_data_source/revised_clusters/multi/chan3_0203p_02032021_315b_6_RBS_multiples_109.png,../prepare_data_source/revised_clusters/multi/chan7_0203p_02032021_315b_6_RBS_multiples_109.png,../prepare_data_source/revised_clusters/multi/chan11_0203p_02032021_315b_6_RBS_multiples_109.png,wbc
../prepare_data_source/revised_clusters/multi/chan2_0203p_02032021_315b_6_RBS_multiples_11.png,../prepare_data_source/revised_clusters/multi/chan3_0203p_02032021_315b_6_RBS_multiples_11.png,../prepare_data_source/revised_clusters/multi/chan7_0203p_02032021_315b_6_RBS_multiples_11.png,../prepare_data_source/revised_clusters/multi/chan11_0203p_02032021_315b_6_RBS_multiples_11.png,rbc
../prepare_data_source/revised_clusters/multi/chan2_0203p_02032021_315b_6_RBS_multiples_110.png,../prepare_data_source/revised_clusters/multi/chan3_0203p_02032021_315b_6_RBS_multiples_110.png,../prepare_data_source/revised_clusters/multi/chan7_0203p_02032021_315b_6_RBS_multiples_110.png,../prepare_data_source/revised_clusters/multi/chan11_0203p_02032021_315b_6_RBS_multiples_110.png,rbc
../prepare_data_source/revised_clusters/multi/chan2_0203p_02032021_315b_6_RBS_multiples_111.png,../prepare_data_source/revised_clusters/multi/chan3_0203p_02032021_315b_6_RBS_multiples_111.png,../prepare_data_source/revised_clusters/multi/chan7_0203p_02032021_315b_6_RBS_multiples_111.png,../prepare_data_source/revised_clusters/multi/chan11_0203p_02032021_315b_6_RBS_multiples_111.png,rbc
../prepare_data_source/revised_clusters/multi/chan2_0203p_02032021_315b_6_RBS_multiples_112.png,../prepare_data_source/revised_clusters/multi/chan3_0203p_02032021_315b_6_RBS_multiples_112.png,../prepare_data_source/revised_clusters/multi/chan7_0203p_02032021_315b_6_RBS_multiples_112.png,../prepare_data_source/revised_clusters/multi/chan11_0203p_02032021_315b_6_RBS_multiples_112.png,wbc
../prepare_data_source/revised_clusters/multi/chan2_0203p_02032021_315b_6_RBS_multiples_113.png,../prepare_data_source/revised_clusters/multi/chan3_0203p_02032021_315b_6_RBS_multiples_113.png,../prepare_data_source/revised_clusters/multi/chan7_0203p_02032021_315b_6_RBS_multiples_113.png,../prepare_data_source/revised_clusters/multi/chan11_0203p_02032021_315b_6_RBS_multiples_113.png,rbc
../prepare_data_source/revised_clusters/multi/chan2_0203p_02032021_315b_6_RBS_multiples_114.png,../prepare_data_source/revised_clusters/multi/chan3_0203p_02032021_315b_6_RBS_multiples_114.png,../prepare_data_source/revised_clusters/multi/chan7_0203p_02032021_315b_6_RBS_multiples_114.png,../prepare_data_source/revised_clusters/multi/chan11_0203p_02032021_315b_6_RBS_multiples_114.png,rbc
../prepare_data_source/revised_clusters/multi/chan2_0203p_02032021_315b_6_RBS_multiples_115.png,../prepare_data_source/revised_clusters/multi/chan3_0203p_02032021_315b_6_RBS_multiples_115.png,../prepare_data_source/revised_clusters/multi/chan7_0203p_02032021_315b_6_RBS_multiples_115.png,../prepare_data_source/revised_clusters/multi/chan11_0203p_02032021_315b_6_RBS_multiples_115.png,platelet
../prepare_data_source/revised_clusters/multi/chan2_0203p_02032021_315b_6_RBS_multiples_116.png,../prepare_data_source/revised_clusters/multi/chan3_0203p_02032021_315b_6_RBS_multiples_116.png,../prepare_data_source/revised_clusters/multi/chan7_0203p_02032021_315b_6_RBS_multiples_116.png,../prepare_data_source/revised_clusters/multi/chan11_0203p_02032021_315b_6_RBS_multiples_116.png,rbc
../prepare_data_source/revised_clusters/multi/chan2_0203p_02032021_315b_6_RBS_multiples_117.png,../prepare_data_source/revised_clusters/multi/chan3_0203p_02032021_315b_6_RBS_multiples_117.png,../prepare_data_source/revised_clusters/multi/chan7_0203p_02032021_315b_6_RBS_multiples_117.png,../prepare_data_source/revised_clusters/multi/chan11_0203p_02032021_315b_6_RBS_multiples_117.png,wbc platelet
../prepare_data_source/revised_clusters/multi/chan2_0203p_02032021_315b_6_RBS_multiples_118.png,../prepare_data_source/revised_clusters/multi/chan3_0203p_02032021_315b_6_RBS_multiples_118.png,../prepare_data_source/revised_clusters/multi/chan7_0203p_02032021_315b_6_RBS_multiples_118.png,../prepare_data_source/revised_clusters/multi/chan11_0203p_02032021_315b_6_RBS_multiples_118.png,rbc
../prepare_data_source/revised_clusters/multi/chan2_0203p_02032021_315b_6_RBS_multiples_119.png,../prepare_data_source/revised_clusters/multi/chan3_0203p_02032021_315b_6_RBS_multiples_119.png,../prepare_data_source/revised_clusters/multi/chan7_0203p_02032021_315b_6_RBS_multiples_119.png,../prepare_data_source/revised_clusters/multi/chan11_0203p_02032021_315b_6_RBS_multiples_119.png,rbc
../prepare_data_source/revised_clusters/multi/chan2_0203p_02032021_315b_6_RBS_multiples_12.png,../prepare_data_source/revised_clusters/multi/chan3_0203p_02032021_315b_6_RBS_multiples_12.png,../prepare_data_source/revised_clusters/multi/chan7_0203p_02032021_315b_6_RBS_multiples_12.png,../prepare_data_source/revised_clusters/multi/chan11_0203p_02032021_315b_6_RBS_multiples_12.png,wbc
../prepare_data_source/revised_clusters/multi/chan2_0203p_02032021_315b_6_RBS_multiples_120.png,../prepare_data_source/revised_clusters/multi/chan3_0203p_02032021_315b_6_RBS_multiples_120.png,../prepare_data_source/revised_clusters/multi/chan7_0203p_02032021_315b_6_RBS_multiples_120.png,../prepare_data_source/revised_clusters/multi/chan11_0203p_02032021_315b_6_RBS_multiples_120.png,rbc
../prepare_data_source/revised_clusters/multi/chan2_0203p_02032021_315b_6_RBS_multiples_121.png,../prepare_data_source/revised_clusters/multi/chan3_0203p_02032021_315b_6_RBS_multiples_121.png,../prepare_data_source/revised_clusters/multi/chan7_0203p_02032021_315b_6_RBS_multiples_121.png,../prepare_data_source/revised_clusters/multi/chan11_0203p_02032021_315b_6_RBS_multiples_121.png,rbc
../prepare_data_source/revised_clusters/multi/chan2_0203p_02032021_315b_6_RBS_multiples_122.png,../prepare_data_source/revised_clusters/multi/chan3_0203p_02032021_315b_6_RBS_multiples_122.png,../prepare_data_source/revised_clusters/multi/chan7_0203p_02032021_315b_6_RBS_multiples_122.png,../prepare_data_source/revised_clusters/multi/chan11_0203p_02032021_315b_6_RBS_multiples_122.png,wbc platelet
../prepare_data_source/revised_clusters/multi/chan2_0203p_02032021_315b_6_RBS_multiples_123.png,../prepare_data_source/revised_clusters/multi/chan3_0203p_02032021_315b_6_RBS_multiples_123.png,../prepare_data_source/revised_clusters/multi/chan7_0203p_02032021_315b_6_RBS_multiples_123.png,../prepare_data_source/revised_clusters/multi/chan11_0203p_02032021_315b_6_RBS_multiples_123.png,wbc
../prepare_data_source/revised_clusters/multi/chan2_0203p_02032021_315b_6_RBS_multiples_124.png,../prepare_data_source/revised_clusters/multi/chan3_0203p_02032021_315b_6_RBS_multiples_124.png,../prepare_data_source/revised_clusters/multi/chan7_0203p_02032021_315b_6_RBS_multiples_124.png,../prepare_data_source/revised_clusters/multi/chan11_0203p_02032021_315b_6_RBS_multiples_124.png,rbc
../prepare_data_source/revised_clusters/multi/chan2_0203p_02032021_315b_6_RBS_multiples_125.png,../prepare_data_source/revised_clusters/multi/chan3_0203p_02032021_315b_6_RBS_multiples_125.png,../prepare_data_source/revised_clusters/multi/chan7_0203p_02032021_315b_6_RBS_multiples_125.png,../prepare_data_source/revised_clusters/multi/chan11_0203p_02032021_315b_6_RBS_multiples_125.png,rbc
../prepare_data_source/revised_clusters/multi/chan2_0203p_02032021_315b_6_RBS_multiples_126.png,../prepare_data_source/revised_clusters/multi/chan3_0203p_02032021_315b_6_RBS_multiples_126.png,../prepare_data_source/revised_clusters/multi/chan7_0203p_02032021_315b_6_RBS_multiples_126.png,../prepare_data_source/revised_clusters/multi/chan11_0203p_02032021_315b_6_RBS_multiples_126.png,wbc platelet
../prepare_data_source/revised_clusters/multi/chan2_0203p_02032021_315b_6_RBS_multiples_127.png,../prepare_data_source/revised_clusters/multi/chan3_0203p_02032021_315b_6_RBS_multiples_127.png,../prepare_data_source/revised_clusters/multi/chan7_0203p_02032021_315b_6_RBS_multiples_127.png,../prepare_data_source/revised_clusters/multi/chan11_0203p_02032021_315b_6_RBS_multiples_127.png,wbc platelet
../prepare_data_source/revised_clusters/multi/chan2_0203p_02032021_315b_6_RBS_multiples_128.png,../prepare_data_source/revised_clusters/multi/chan3_0203p_02032021_315b_6_RBS_multiples_128.png,../prepare_data_source/revised_clusters/multi/chan7_0203p_02032021_315b_6_RBS_multiples_128.png,../prepare_data_source/revised_clusters/multi/chan11_0203p_02032021_315b_6_RBS_multiples_128.png,wbc
../prepare_data_source/revised_clusters/multi/chan2_0203p_02032021_315b_6_RBS_multiples_129.png,../prepare_data_source/revised_clusters/multi/chan3_0203p_02032021_315b_6_RBS_multiples_129.png,../prepare_data_source/revised_clusters/multi/chan7_0203p_02032021_315b_6_RBS_multiples_129.png,../prepare_data_source/revised_clusters/multi/chan11_0203p_02032021_315b_6_RBS_multiples_129.png,rbc
../prepare_data_source/revised_clusters/multi/chan2_0203p_02032021_315b_6_RBS_multiples_13.png,../prepare_data_source/revised_clusters/multi/chan3_0203p_02032021_315b_6_RBS_multiples_13.png,../prepare_data_source/revised_clusters/multi/chan7_0203p_02032021_315b_6_RBS_multiples_13.png,../prepare_data_source/revised_clusters/multi/chan11_0203p_02032021_315b_6_RBS_multiples_13.png,rbc
../prepare_data_source/revised_clusters/multi/chan2_0203p_02032021_315b_6_RBS_multiples_130.png,../prepare_data_source/revised_clusters/multi/chan3_0203p_02032021_315b_6_RBS_multiples_130.png,../prepare_data_source/revised_clusters/multi/chan7_0203p_02032021_315b_6_RBS_multiples_130.png,../prepare_data_source/revised_clusters/multi/chan11_0203p_02032021_315b_6_RBS_multiples_130.png,wbc platelet
../prepare_data_source/revised_clusters/multi/chan2_0203p_02032021_315b_6_RBS_multiples_14.png,../prepare_data_source/revised_clusters/multi/chan3_0203p_02032021_315b_6_RBS_multiples_14.png,../prepare_data_source/revised_clusters/multi/chan7_0203p_02032021_315b_6_RBS_multiples_14.png,../prepare_data_source/revised_clusters/multi/chan11_0203p_02032021_315b_6_RBS_multiples_14.png,rbc
../prepare_data_source/revised_clusters/multi/chan2_0203p_02032021_315b_6_RBS_multiples_15.png,../prepare_data_source/revised_clusters/multi/chan3_0203p_02032021_315b_6_RBS_multiples_15.png,../prepare_data_source/revised_clusters/multi/chan7_0203p_02032021_315b_6_RBS_multiples_15.png,../prepare_data_source/revised_clusters/multi/chan11_0203p_02032021_315b_6_RBS_multiples_15.png,rbc
../prepare_data_source/revised_clusters/multi/chan2_0203p_02032021_315b_6_RBS_multiples_16.png,../prepare_data_source/revised_clusters/multi/chan3_0203p_02032021_315b_6_RBS_multiples_16.png,../prepare_data_source/revised_clusters/multi/chan7_0203p_02032021_315b_6_RBS_multiples_16.png,../prepare_data_source/revised_clusters/multi/chan11_0203p_02032021_315b_6_RBS_multiples_16.png,rbc
../prepare_data_source/revised_clusters/multi/chan2_0203p_02032021_315b_6_RBS_multiples_17.png,../prepare_data_source/revised_clusters/multi/chan3_0203p_02032021_315b_6_RBS_multiples_17.png,../prepare_data_source/revised_clusters/multi/chan7_0203p_02032021_315b_6_RBS_multiples_17.png,../prepare_data_source/revised_clusters/multi/chan11_0203p_02032021_315b_6_RBS_multiples_17.png,platelet
../prepare_data_source/revised_clusters/multi/chan2_0203p_02032021_315b_6_RBS_multiples_18.png,../prepare_data_source/revised_clusters/multi/chan3_0203p_02032021_315b_6_RBS_multiples_18.png,../prepare_data_source/revised_clusters/multi/chan7_0203p_02032021_315b_6_RBS_multiples_18.png,../prepare_data_source/revised_clusters/multi/chan11_0203p_02032021_315b_6_RBS_multiples_18.png,rbc
../prepare_data_source/revised_clusters/multi/chan2_0203p_02032021_315b_6_RBS_multiples_19.png,../prepare_data_source/revised_clusters/multi/chan3_0203p_02032021_315b_6_RBS_multiples_19.png,../prepare_data_source/revised_clusters/multi/chan7_0203p_02032021_315b_6_RBS_multiples_19.png,../prepare_data_source/revised_clusters/multi/chan11_0203p_02032021_315b_6_RBS_multiples_19.png,rbc
../prepare_data_source/revised_clusters/multi/chan2_0203p_02032021_315b_6_RBS_multiples_2.png,../prepare_data_source/revised_clusters/multi/chan3_0203p_02032021_315b_6_RBS_multiples_2.png,../prepare_data_source/revised_clusters/multi/chan7_0203p_02032021_315b_6_RBS_multiples_2.png,../prepare_data_source/revised_clusters/multi/chan11_0203p_02032021_315b_6_RBS_multiples_2.png,rbc
../prepare_data_source/revised_clusters/multi/chan2_0203p_02032021_315b_6_RBS_multiples_20.png,../prepare_data_source/revised_clusters/multi/chan3_0203p_02032021_315b_6_RBS_multiples_20.png,../prepare_data_source/revised_clusters/multi/chan7_0203p_02032021_315b_6_RBS_multiples_20.png,../prepare_data_source/revised_clusters/multi/chan11_0203p_02032021_315b_6_RBS_multiples_20.png,wbc
../prepare_data_source/revised_clusters/multi/chan2_0203p_02032021_315b_6_RBS_multiples_21.png,../prepare_data_source/revised_clusters/multi/chan3_0203p_02032021_315b_6_RBS_multiples_21.png,../prepare_data_source/revised_clusters/multi/chan7_0203p_02032021_315b_6_RBS_multiples_21.png,../prepare_data_source/revised_clusters/multi/chan11_0203p_02032021_315b_6_RBS_multiples_21.png,rbc
../prepare_data_source/revised_clusters/multi/chan2_0203p_02032021_315b_6_RBS_multiples_22.png,../prepare_data_source/revised_clusters/multi/chan3_0203p_02032021_315b_6_RBS_multiples_22.png,../prepare_data_source/revised_clusters/multi/chan7_0203p_02032021_315b_6_RBS_multiples_22.png,../prepare_data_source/revised_clusters/multi/chan11_0203p_02032021_315b_6_RBS_multiples_22.png,wbc platelet
../prepare_data_source/revised_clusters/multi/chan2_0203p_02032021_315b_6_RBS_multiples_23.png,../prepare_data_source/revised_clusters/multi/chan3_0203p_02032021_315b_6_RBS_multiples_23.png,../prepare_data_source/revised_clusters/multi/chan7_0203p_02032021_315b_6_RBS_multiples_23.png,../prepare_data_source/revised_clusters/multi/chan11_0203p_02032021_315b_6_RBS_multiples_23.png,wbc
../prepare_data_source/revised_clusters/multi/chan2_0203p_02032021_315b_6_RBS_multiples_24.png,../prepare_data_source/revised_clusters/multi/chan3_0203p_02032021_315b_6_RBS_multiples_24.png,../prepare_data_source/revised_clusters/multi/chan7_0203p_02032021_315b_6_RBS_multiples_24.png,../prepare_data_source/revised_clusters/multi/chan11_0203p_02032021_315b_6_RBS_multiples_24.png,wbc platelet
../prepare_data_source/revised_clusters/multi/chan2_0203p_02032021_315b_6_RBS_multiples_25.png,../prepare_data_source/revised_clusters/multi/chan3_0203p_02032021_315b_6_RBS_multiples_25.png,../prepare_data_source/revised_clusters/multi/chan7_0203p_02032021_315b_6_RBS_multiples_25.png,../prepare_data_source/revised_clusters/multi/chan11_0203p_02032021_315b_6_RBS_multiples_25.png,rbc
../prepare_data_source/revised_clusters/multi/chan2_0203p_02032021_315b_6_RBS_multiples_26.png,../prepare_data_source/revised_clusters/multi/chan3_0203p_02032021_315b_6_RBS_multiples_26.png,../prepare_data_source/revised_clusters/multi/chan7_0203p_02032021_315b_6_RBS_multiples_26.png,../prepare_data_source/revised_clusters/multi/chan11_0203p_02032021_315b_6_RBS_multiples_26.png,wbc
../prepare_data_source/revised_clusters/multi/chan2_0203p_02032021_315b_6_RBS_multiples_27.png,../prepare_data_source/revised_clusters/multi/chan3_0203p_02032021_315b_6_RBS_multiples_27.png,../prepare_data_source/revised_clusters/multi/chan7_0203p_02032021_315b_6_RBS_multiples_27.png,../prepare_data_source/revised_clusters/multi/chan11_0203p_02032021_315b_6_RBS_multiples_27.png,platelet
../prepare_data_source/revised_clusters/multi/chan2_0203p_02032021_315b_6_RBS_multiples_28.png,../prepare_data_source/revised_clusters/multi/chan3_0203p_02032021_315b_6_RBS_multiples_28.png,../prepare_data_source/revised_clusters/multi/chan7_0203p_02032021_315b_6_RBS_multiples_28.png,../prepare_data_source/revised_clusters/multi/chan11_0203p_02032021_315b_6_RBS_multiples_28.png,wbc platelet
../prepare_data_source/revised_clusters/multi/chan2_0203p_02032021_315b_6_RBS_multiples_29.png,../prepare_data_source/revised_clusters/multi/chan3_0203p_02032021_315b_6_RBS_multiples_29.png,../prepare_data_source/revised_clusters/multi/chan7_0203p_02032021_315b_6_RBS_multiples_29.png,../prepare_data_source/revised_clusters/multi/chan11_0203p_02032021_315b_6_RBS_multiples_29.png,rbc
../prepare_data_source/revised_clusters/multi/chan2_0203p_02032021_315b_6_RBS_multiples_3.png,../prepare_data_source/revised_clusters/multi/chan3_0203p_02032021_315b_6_RBS_multiples_3.png,../prepare_data_source/revised_clusters/multi/chan7_0203p_02032021_315b_6_RBS_multiples_3.png,../prepare_data_source/revised_clusters/multi/chan11_0203p_02032021_315b_6_RBS_multiples_3.png,platelet
../prepare_data_source/revised_clusters/multi/chan2_0203p_02032021_315b_6_RBS_multiples_30.png,../prepare_data_source/revised_clusters/multi/chan3_0203p_02032021_315b_6_RBS_multiples_30.png,../prepare_data_source/revised_clusters/multi/chan7_0203p_02032021_315b_6_RBS_multiples_30.png,../prepare_data_source/revised_clusters/multi/chan11_0203p_02032021_315b_6_RBS_multiples_30.png,wbc
../prepare_data_source/revised_clusters/multi/chan2_0203p_02032021_315b_6_RBS_multiples_31.png,../prepare_data_source/revised_clusters/multi/chan3_0203p_02032021_315b_6_RBS_multiples_31.png,../prepare_data_source/revised_clusters/multi/chan7_0203p_02032021_315b_6_RBS_multiples_31.png,../prepare_data_source/revised_clusters/multi/chan11_0203p_02032021_315b_6_RBS_multiples_31.png,rbc
../prepare_data_source/revised_clusters/multi/chan2_0203p_02032021_315b_6_RBS_multiples_32.png,../prepare_data_source/revised_clusters/multi/chan3_0203p_02032021_315b_6_RBS_multiples_32.png,../prepare_data_source/revised_clusters/multi/chan7_0203p_02032021_315b_6_RBS_multiples_32.png,../prepare_data_source/revised_clusters/multi/chan11_0203p_02032021_315b_6_RBS_multiples_32.png,rbc
../prepare_data_source/revised_clusters/multi/chan2_0203p_02032021_315b_6_RBS_multiples_33.png,../prepare_data_source/revised_clusters/multi/chan3_0203p_02032021_315b_6_RBS_multiples_33.png,../prepare_data_source/revised_clusters/multi/chan7_0203p_02032021_315b_6_RBS_multiples_33.png,../prepare_data_source/revised_clusters/multi/chan11_0203p_02032021_315b_6_RBS_multiples_33.png,rbc
../prepare_data_source/revised_clusters/multi/chan2_0203p_02032021_315b_6_RBS_multiples_34.png,../prepare_data_source/revised_clusters/multi/chan3_0203p_02032021_315b_6_RBS_multiples_34.png,../prepare_data_source/revised_clusters/multi/chan7_0203p_02032021_315b_6_RBS_multiples_34.png,../prepare_data_source/revised_clusters/multi/chan11_0203p_02032021_315b_6_RBS_multiples_34.png,wbc platelet
../prepare_data_source/revised_clusters/multi/chan2_0203p_02032021_315b_6_RBS_multiples_35.png,../prepare_data_source/revised_clusters/multi/chan3_0203p_02032021_315b_6_RBS_multiples_35.png,../prepare_data_source/revised_clusters/multi/chan7_0203p_02032021_315b_6_RBS_multiples_35.png,../prepare_data_source/revised_clusters/multi/chan11_0203p_02032021_315b_6_RBS_multiples_35.png,wbc
../prepare_data_source/revised_clusters/multi/chan2_0203p_02032021_315b_6_RBS_multiples_36.png,../prepare_data_source/revised_clusters/multi/chan3_0203p_02032021_315b_6_RBS_multiples_36.png,../prepare_data_source/revised_clusters/multi/chan7_0203p_02032021_315b_6_RBS_multiples_36.png,../prepare_data_source/revised_clusters/multi/chan11_0203p_02032021_315b_6_RBS_multiples_36.png,rbc
../prepare_data_source/revised_clusters/multi/chan2_0203p_02032021_315b_6_RBS_multiples_37.png,../prepare_data_source/revised_clusters/multi/chan3_0203p_02032021_315b_6_RBS_multiples_37.png,../prepare_data_source/revised_clusters/multi/chan7_0203p_02032021_315b_6_RBS_multiples_37.png,../prepare_data_source/revised_clusters/multi/chan11_0203p_02032021_315b_6_RBS_multiples_37.png,wbc
../prepare_data_source/revised_clusters/multi/chan2_0203p_02032021_315b_6_RBS_multiples_38.png,../prepare_data_source/revised_clusters/multi/chan3_0203p_02032021_315b_6_RBS_multiples_38.png,../prepare_data_source/revised_clusters/multi/chan7_0203p_02032021_315b_6_RBS_multiples_38.png,../prepare_data_source/revised_clusters/multi/chan11_0203p_02032021_315b_6_RBS_multiples_38.png,wbc
../prepare_data_source/revised_clusters/multi/chan2_0203p_02032021_315b_6_RBS_multiples_39.png,../prepare_data_source/revised_clusters/multi/chan3_0203p_02032021_315b_6_RBS_multiples_39.png,../prepare_data_source/revised_clusters/multi/chan7_0203p_02032021_315b_6_RBS_multiples_39.png,../prepare_data_source/revised_clusters/multi/chan11_0203p_02032021_315b_6_RBS_multiples_39.png,rbc
../prepare_data_source/revised_clusters/multi/chan2_0203p_02032021_315b_6_RBS_multiples_4.png,../prepare_data_source/revised_clusters/multi/chan3_0203p_02032021_315b_6_RBS_multiples_4.png,../prepare_data_source/revised_clusters/multi/chan7_0203p_02032021_315b_6_RBS_multiples_4.png,../prepare_data_source/revised_clusters/multi/chan11_0203p_02032021_315b_6_RBS_multiples_4.png,rbc
../prepare_data_source/revised_clusters/multi/chan2_0203p_02032021_315b_6_RBS_multiples_40.png,../prepare_data_source/revised_clusters/multi/chan3_0203p_02032021_315b_6_RBS_multiples_40.png,../prepare_data_source/revised_clusters/multi/chan7_0203p_02032021_315b_6_RBS_multiples_40.png,../prepare_data_source/revised_clusters/multi/chan11_0203p_02032021_315b_6_RBS_multiples_40.png,rbc
../prepare_data_source/revised_clusters/multi/chan2_0203p_02032021_315b_6_RBS_multiples_41.png,../prepare_data_source/revised_clusters/multi/chan3_0203p_02032021_315b_6_RBS_multiples_41.png,../prepare_data_source/revised_clusters/multi/chan7_0203p_02032021_315b_6_RBS_multiples_41.png,../prepare_data_source/revised_clusters/multi/chan11_0203p_02032021_315b_6_RBS_multiples_41.png,wbc platelet
../prepare_data_source/revised_clusters/multi/chan2_0203p_02032021_315b_6_RBS_multiples_42.png,../prepare_data_source/revised_clusters/multi/chan3_0203p_02032021_315b_6_RBS_multiples_42.png,../prepare_data_source/revised_clusters/multi/chan7_0203p_02032021_315b_6_RBS_multiples_42.png,../prepare_data_source/revised_clusters/multi/chan11_0203p_02032021_315b_6_RBS_multiples_42.png,rbc
../prepare_data_source/revised_clusters/multi/chan2_0203p_02032021_315b_6_RBS_multiples_43.png,../prepare_data_source/revised_clusters/multi/chan3_0203p_02032021_315b_6_RBS_multiples_43.png,../prepare_data_source/revised_clusters/multi/chan7_0203p_02032021_315b_6_RBS_multiples_43.png,../prepare_data_source/revised_clusters/multi/chan11_0203p_02032021_315b_6_RBS_multiples_43.png,rbc
../prepare_data_source/revised_clusters/multi/chan2_0203p_02032021_315b_6_RBS_multiples_44.png,../prepare_data_source/revised_clusters/multi/chan3_0203p_02032021_315b_6_RBS_multiples_44.png,../prepare_data_source/revised_clusters/multi/chan7_0203p_02032021_315b_6_RBS_multiples_44.png,../prepare_data_source/revised_clusters/multi/chan11_0203p_02032021_315b_6_RBS_multiples_44.png,rbc
../prepare_data_source/revised_clusters/multi/chan2_0203p_02032021_315b_6_RBS_multiples_45.png,../prepare_data_source/revised_clusters/multi/chan3_0203p_02032021_315b_6_RBS_multiples_45.png,../prepare_data_source/revised_clusters/multi/chan7_0203p_02032021_315b_6_RBS_multiples_45.png,../prepare_data_source/revised_clusters/multi/chan11_0203p_02032021_315b_6_RBS_multiples_45.png,rbc
../prepare_data_source/revised_clusters/multi/chan2_0203p_02032021_315b_6_RBS_multiples_46.png,../prepare_data_source/revised_clusters/multi/chan3_0203p_02032021_315b_6_RBS_multiples_46.png,../prepare_data_source/revised_clusters/multi/chan7_0203p_02032021_315b_6_RBS_multiples_46.png,../prepare_data_source/revised_clusters/multi/chan11_0203p_02032021_315b_6_RBS_multiples_46.png,platelet
../prepare_data_source/revised_clusters/multi/chan2_0203p_02032021_315b_6_RBS_multiples_47.png,../prepare_data_source/revised_clusters/multi/chan3_0203p_02032021_315b_6_RBS_multiples_47.png,../prepare_data_source/revised_clusters/multi/chan7_0203p_02032021_315b_6_RBS_multiples_47.png,../prepare_data_source/revised_clusters/multi/chan11_0203p_02032021_315b_6_RBS_multiples_47.png,rbc
../prepare_data_source/revised_clusters/multi/chan2_0203p_02032021_315b_6_RBS_multiples_48.png,../prepare_data_source/revised_clusters/multi/chan3_0203p_02032021_315b_6_RBS_multiples_48.png,../prepare_data_source/revised_clusters/multi/chan7_0203p_02032021_315b_6_RBS_multiples_48.png,../prepare_data_source/revised_clusters/multi/chan11_0203p_02032021_315b_6_RBS_multiples_48.png,rbc
../prepare_data_source/revised_clusters/multi/chan2_0203p_02032021_315b_6_RBS_multiples_49.png,../prepare_data_source/revised_clusters/multi/chan3_0203p_02032021_315b_6_RBS_multiples_49.png,../prepare_data_source/revised_clusters/multi/chan7_0203p_02032021_315b_6_RBS_multiples_49.png,../prepare_data_source/revised_clusters/multi/chan11_0203p_02032021_315b_6_RBS_multiples_49.png,platelet
../prepare_data_source/revised_clusters/multi/chan2_0203p_02032021_315b_6_RBS_multiples_5.png,../prepare_data_source/revised_clusters/multi/chan3_0203p_02032021_315b_6_RBS_multiples_5.png,../prepare_data_source/revised_clusters/multi/chan7_0203p_02032021_315b_6_RBS_multiples_5.png,../prepare_data_source/revised_clusters/multi/chan11_0203p_02032021_315b_6_RBS_multiples_5.png,wbc
../prepare_data_source/revised_clusters/multi/chan2_0203p_02032021_315b_6_RBS_multiples_50.png,../prepare_data_source/revised_clusters/multi/chan3_0203p_02032021_315b_6_RBS_multiples_50.png,../prepare_data_source/revised_clusters/multi/chan7_0203p_02032021_315b_6_RBS_multiples_50.png,../prepare_data_source/revised_clusters/multi/chan11_0203p_02032021_315b_6_RBS_multiples_50.png,platelet
../prepare_data_source/revised_clusters/multi/chan2_0203p_02032021_315b_6_RBS_multiples_51.png,../prepare_data_source/revised_clusters/multi/chan3_0203p_02032021_315b_6_RBS_multiples_51.png,../prepare_data_source/revised_clusters/multi/chan7_0203p_02032021_315b_6_RBS_multiples_51.png,../prepare_data_source/revised_clusters/multi/chan11_0203p_02032021_315b_6_RBS_multiples_51.png,rbc
../prepare_data_source/revised_clusters/multi/chan2_0203p_02032021_315b_6_RBS_multiples_52.png,../prepare_data_source/revised_clusters/multi/chan3_0203p_02032021_315b_6_RBS_multiples_52.png,../prepare_data_source/revised_clusters/multi/chan7_0203p_02032021_315b_6_RBS_multiples_52.png,../prepare_data_source/revised_clusters/multi/chan11_0203p_02032021_315b_6_RBS_multiples_52.png,rbc
../prepare_data_source/revised_clusters/multi/chan2_0203p_02032021_315b_6_RBS_multiples_53.png,../prepare_data_source/revised_clusters/multi/chan3_0203p_02032021_315b_6_RBS_multiples_53.png,../prepare_data_source/revised_clusters/multi/chan7_0203p_02032021_315b_6_RBS_multiples_53.png,../prepare_data_source/revised_clusters/multi/chan11_0203p_02032021_315b_6_RBS_multiples_53.png,rbc
../prepare_data_source/revised_clusters/multi/chan2_0203p_02032021_315b_6_RBS_multiples_54.png,../prepare_data_source/revised_clusters/multi/chan3_0203p_02032021_315b_6_RBS_multiples_54.png,../prepare_data_source/revised_clusters/multi/chan7_0203p_02032021_315b_6_RBS_multiples_54.png,../prepare_data_source/revised_clusters/multi/chan11_0203p_02032021_315b_6_RBS_multiples_54.png,rbc
../prepare_data_source/revised_clusters/multi/chan2_0203p_02032021_315b_6_RBS_multiples_55.png,../prepare_data_source/revised_clusters/multi/chan3_0203p_02032021_315b_6_RBS_multiples_55.png,../prepare_data_source/revised_clusters/multi/chan7_0203p_02032021_315b_6_RBS_multiples_55.png,../prepare_data_source/revised_clusters/multi/chan11_0203p_02032021_315b_6_RBS_multiples_55.png,rbc
../prepare_data_source/revised_clusters/multi/chan2_0203p_02032021_315b_6_RBS_multiples_56.png,../prepare_data_source/revised_clusters/multi/chan3_0203p_02032021_315b_6_RBS_multiples_56.png,../prepare_data_source/revised_clusters/multi/chan7_0203p_02032021_315b_6_RBS_multiples_56.png,../prepare_data_source/revised_clusters/multi/chan11_0203p_02032021_315b_6_RBS_multiples_56.png,rbc
../prepare_data_source/revised_clusters/multi/chan2_0203p_02032021_315b_6_RBS_multiples_57.png,../prepare_data_source/revised_clusters/multi/chan3_0203p_02032021_315b_6_RBS_multiples_57.png,../prepare_data_source/revised_clusters/multi/chan7_0203p_02032021_315b_6_RBS_multiples_57.png,../prepare_data_source/revised_clusters/multi/chan11_0203p_02032021_315b_6_RBS_multiples_57.png,wbc
../prepare_data_source/revised_clusters/multi/chan2_0203p_02032021_315b_6_RBS_multiples_58.png,../prepare_data_source/revised_clusters/multi/chan3_0203p_02032021_315b_6_RBS_multiples_58.png,../prepare_data_source/revised_clusters/multi/chan7_0203p_02032021_315b_6_RBS_multiples_58.png,../prepare_data_source/revised_clusters/multi/chan11_0203p_02032021_315b_6_RBS_multiples_58.png,rbc
../prepare_data_source/revised_clusters/multi/chan2_0203p_02032021_315b_6_RBS_multiples_59.png,../prepare_data_source/revised_clusters/multi/chan3_0203p_02032021_315b_6_RBS_multiples_59.png,../prepare_data_source/revised_clusters/multi/chan7_0203p_02032021_315b_6_RBS_multiples_59.png,../prepare_data_source/revised_clusters/multi/chan11_0203p_02032021_315b_6_RBS_multiples_59.png,platelet
../prepare_data_source/revised_clusters/multi/chan2_0203p_02032021_315b_6_RBS_multiples_6.png,../prepare_data_source/revised_clusters/multi/chan3_0203p_02032021_315b_6_RBS_multiples_6.png,../prepare_data_source/revised_clusters/multi/chan7_0203p_02032021_315b_6_RBS_multiples_6.png,../prepare_data_source/revised_clusters/multi/chan11_0203p_02032021_315b_6_RBS_multiples_6.png,wbc
../prepare_data_source/revised_clusters/multi/chan2_0203p_02032021_315b_6_RBS_multiples_60.png,../prepare_data_source/revised_clusters/multi/chan3_0203p_02032021_315b_6_RBS_multiples_60.png,../prepare_data_source/revised_clusters/multi/chan7_0203p_02032021_315b_6_RBS_multiples_60.png,../prepare_data_source/revised_clusters/multi/chan11_0203p_02032021_315b_6_RBS_multiples_60.png,wbc
../prepare_data_source/revised_clusters/multi/chan2_0203p_02032021_315b_6_RBS_multiples_61.png,../prepare_data_source/revised_clusters/multi/chan3_0203p_02032021_315b_6_RBS_multiples_61.png,../prepare_data_source/revised_clusters/multi/chan7_0203p_02032021_315b_6_RBS_multiples_61.png,../prepare_data_source/revised_clusters/multi/chan11_0203p_02032021_315b_6_RBS_multiples_61.png,platelet
../prepare_data_source/revised_clusters/multi/chan2_0203p_02032021_315b_6_RBS_multiples_62.png,../prepare_data_source/revised_clusters/multi/chan3_0203p_02032021_315b_6_RBS_multiples_62.png,../prepare_data_source/revised_clusters/multi/chan7_0203p_02032021_315b_6_RBS_multiples_62.png,../prepare_data_source/revised_clusters/multi/chan11_0203p_02032021_315b_6_RBS_multiples_62.png,rbc
../prepare_data_source/revised_clusters/multi/chan2_0203p_02032021_315b_6_RBS_multiples_63.png,../prepare_data_source/revised_clusters/multi/chan3_0203p_02032021_315b_6_RBS_multiples_63.png,../prepare_data_source/revised_clusters/multi/chan7_0203p_02032021_315b_6_RBS_multiples_63.png,../prepare_data_source/revised_clusters/multi/chan11_0203p_02032021_315b_6_RBS_multiples_63.png,wbc
../prepare_data_source/revised_clusters/multi/chan2_0203p_02032021_315b_6_RBS_multiples_64.png,../prepare_data_source/revised_clusters/multi/chan3_0203p_02032021_315b_6_RBS_multiples_64.png,../prepare_data_source/revised_clusters/multi/chan7_0203p_02032021_315b_6_RBS_multiples_64.png,../prepare_data_source/revised_clusters/multi/chan11_0203p_02032021_315b_6_RBS_multiples_64.png,platelet
../prepare_data_source/revised_clusters/multi/chan2_0203p_02032021_315b_6_RBS_multiples_65.png,../prepare_data_source/revised_clusters/multi/chan3_0203p_02032021_315b_6_RBS_multiples_65.png,../prepare_data_source/revised_clusters/multi/chan7_0203p_02032021_315b_6_RBS_multiples_65.png,../prepare_data_source/revised_clusters/multi/chan11_0203p_02032021_315b_6_RBS_multiples_65.png,platelet
../prepare_data_source/revised_clusters/multi/chan2_0203p_02032021_315b_6_RBS_multiples_66.png,../prepare_data_source/revised_clusters/multi/chan3_0203p_02032021_315b_6_RBS_multiples_66.png,../prepare_data_source/revised_clusters/multi/chan7_0203p_02032021_315b_6_RBS_multiples_66.png,../prepare_data_source/revised_clusters/multi/chan11_0203p_02032021_315b_6_RBS_multiples_66.png,wbc platelet
../prepare_data_source/revised_clusters/multi/chan2_0203p_02032021_315b_6_RBS_multiples_67.png,../prepare_data_source/revised_clusters/multi/chan3_0203p_02032021_315b_6_RBS_multiples_67.png,../prepare_data_source/revised_clusters/multi/chan7_0203p_02032021_315b_6_RBS_multiples_67.png,../prepare_data_source/revised_clusters/multi/chan11_0203p_02032021_315b_6_RBS_multiples_67.png,rbc
../prepare_data_source/revised_clusters/multi/chan2_0203p_02032021_315b_6_RBS_multiples_68.png,../prepare_data_source/revised_clusters/multi/chan3_0203p_02032021_315b_6_RBS_multiples_68.png,../prepare_data_source/revised_clusters/multi/chan7_0203p_02032021_315b_6_RBS_multiples_68.png,../prepare_data_source/revised_clusters/multi/chan11_0203p_02032021_315b_6_RBS_multiples_68.png,wbc
../prepare_data_source/revised_clusters/multi/chan2_0203p_02032021_315b_6_RBS_multiples_69.png,../prepare_data_source/revised_clusters/multi/chan3_0203p_02032021_315b_6_RBS_multiples_69.png,../prepare_data_source/revised_clusters/multi/chan7_0203p_02032021_315b_6_RBS_multiples_69.png,../prepare_data_source/revised_clusters/multi/chan11_0203p_02032021_315b_6_RBS_multiples_69.png,rbc
../prepare_data_source/revised_clusters/multi/chan2_0203p_02032021_315b_6_RBS_multiples_7.png,../prepare_data_source/revised_clusters/multi/chan3_0203p_02032021_315b_6_RBS_multiples_7.png,../prepare_data_source/revised_clusters/multi/chan7_0203p_02032021_315b_6_RBS_multiples_7.png,../prepare_data_source/revised_clusters/multi/chan11_0203p_02032021_315b_6_RBS_multiples_7.png,rbc
../prepare_data_source/revised_clusters/multi/chan2_0203p_02032021_315b_6_RBS_multiples_70.png,../prepare_data_source/revised_clusters/multi/chan3_0203p_02032021_315b_6_RBS_multiples_70.png,../prepare_data_source/revised_clusters/multi/chan7_0203p_02032021_315b_6_RBS_multiples_70.png,../prepare_data_source/revised_clusters/multi/chan11_0203p_02032021_315b_6_RBS_multiples_70.png,rbc
../prepare_data_source/revised_clusters/multi/chan2_0203p_02032021_315b_6_RBS_multiples_71.png,../prepare_data_source/revised_clusters/multi/chan3_0203p_02032021_315b_6_RBS_multiples_71.png,../prepare_data_source/revised_clusters/multi/chan7_0203p_02032021_315b_6_RBS_multiples_71.png,../prepare_data_source/revised_clusters/multi/chan11_0203p_02032021_315b_6_RBS_multiples_71.png,platelet
../prepare_data_source/revised_clusters/multi/chan2_0203p_02032021_315b_6_RBS_multiples_72.png,../prepare_data_source/revised_clusters/multi/chan3_0203p_02032021_315b_6_RBS_multiples_72.png,../prepare_data_source/revised_clusters/multi/chan7_0203p_02032021_315b_6_RBS_multiples_72.png,../prepare_data_source/revised_clusters/multi/chan11_0203p_02032021_315b_6_RBS_multiples_72.png,wbc
../prepare_data_source/revised_clusters/multi/chan2_0203p_02032021_315b_6_RBS_multiples_73.png,../prepare_data_source/revised_clusters/multi/chan3_0203p_02032021_315b_6_RBS_multiples_73.png,../prepare_data_source/revised_clusters/multi/chan7_0203p_02032021_315b_6_RBS_multiples_73.png,../prepare_data_source/revised_clusters/multi/chan11_0203p_02032021_315b_6_RBS_multiples_73.png,wbc platelet
../prepare_data_source/revised_clusters/multi/chan2_0203p_02032021_315b_6_RBS_multiples_74.png,../prepare_data_source/revised_clusters/multi/chan3_0203p_02032021_315b_6_RBS_multiples_74.png,../prepare_data_source/revised_clusters/multi/chan7_0203p_02032021_315b_6_RBS_multiples_74.png,../prepare_data_source/revised_clusters/multi/chan11_0203p_02032021_315b_6_RBS_multiples_74.png,rbc
../prepare_data_source/revised_clusters/multi/chan2_0203p_02032021_315b_6_RBS_multiples_75.png,../prepare_data_source/revised_clusters/multi/chan3_0203p_02032021_315b_6_RBS_multiples_75.png,../prepare_data_source/revised_clusters/multi/chan7_0203p_02032021_315b_6_RBS_multiples_75.png,../prepare_data_source/revised_clusters/multi/chan11_0203p_02032021_315b_6_RBS_multiples_75.png,rbc
../prepare_data_source/revised_clusters/multi/chan2_0203p_02032021_315b_6_RBS_multiples_76.png,../prepare_data_source/revised_clusters/multi/chan3_0203p_02032021_315b_6_RBS_multiples_76.png,../prepare_data_source/revised_clusters/multi/chan7_0203p_02032021_315b_6_RBS_multiples_76.png,../prepare_data_source/revised_clusters/multi/chan11_0203p_02032021_315b_6_RBS_multiples_76.png,rbc
../prepare_data_source/revised_clusters/multi/chan2_0203p_02032021_315b_6_RBS_multiples_77.png,../prepare_data_source/revised_clusters/multi/chan3_0203p_02032021_315b_6_RBS_multiples_77.png,../prepare_data_source/revised_clusters/multi/chan7_0203p_02032021_315b_6_RBS_multiples_77.png,../prepare_data_source/revised_clusters/multi/chan11_0203p_02032021_315b_6_RBS_multiples_77.png,wbc platelet
../prepare_data_source/revised_clusters/multi/chan2_0203p_02032021_315b_6_RBS_multiples_78.png,../prepare_data_source/revised_clusters/multi/chan3_0203p_02032021_315b_6_RBS_multiples_78.png,../prepare_data_source/revised_clusters/multi/chan7_0203p_02032021_315b_6_RBS_multiples_78.png,../prepare_data_source/revised_clusters/multi/chan11_0203p_02032021_315b_6_RBS_multiples_78.png,platelet
../prepare_data_source/revised_clusters/multi/chan2_0203p_02032021_315b_6_RBS_multiples_79.png,../prepare_data_source/revised_clusters/multi/chan3_0203p_02032021_315b_6_RBS_multiples_79.png,../prepare_data_source/revised_clusters/multi/chan7_0203p_02032021_315b_6_RBS_multiples_79.png,../prepare_data_source/revised_clusters/multi/chan11_0203p_02032021_315b_6_RBS_multiples_79.png,wbc
../prepare_data_source/revised_clusters/multi/chan2_0203p_02032021_315b_6_RBS_multiples_8.png,../prepare_data_source/revised_clusters/multi/chan3_0203p_02032021_315b_6_RBS_multiples_8.png,../prepare_data_source/revised_clusters/multi/chan7_0203p_02032021_315b_6_RBS_multiples_8.png,../prepare_data_source/revised_clusters/multi/chan11_0203p_02032021_315b_6_RBS_multiples_8.png,rbc
../prepare_data_source/revised_clusters/multi/chan2_0203p_02032021_315b_6_RBS_multiples_80.png,../prepare_data_source/revised_clusters/multi/chan3_0203p_02032021_315b_6_RBS_multiples_80.png,../prepare_data_source/revised_clusters/multi/chan7_0203p_02032021_315b_6_RBS_multiples_80.png,../prepare_data_source/revised_clusters/multi/chan11_0203p_02032021_315b_6_RBS_multiples_80.png,rbc
../prepare_data_source/revised_clusters/multi/chan2_0203p_02032021_315b_6_RBS_multiples_81.png,../prepare_data_source/revised_clusters/multi/chan3_0203p_02032021_315b_6_RBS_multiples_81.png,../prepare_data_source/revised_clusters/multi/chan7_0203p_02032021_315b_6_RBS_multiples_81.png,../prepare_data_source/revised_clusters/multi/chan11_0203p_02032021_315b_6_RBS_multiples_81.png,wbc
../prepare_data_source/revised_clusters/multi/chan2_0203p_02032021_315b_6_RBS_multiples_82.png,../prepare_data_source/revised_clusters/multi/chan3_0203p_02032021_315b_6_RBS_multiples_82.png,../prepare_data_source/revised_clusters/multi/chan7_0203p_02032021_315b_6_RBS_multiples_82.png,../prepare_data_source/revised_clusters/multi/chan11_0203p_02032021_315b_6_RBS_multiples_82.png,wbc
../prepare_data_source/revised_clusters/multi/chan2_0203p_02032021_315b_6_RBS_multiples_83.png,../prepare_data_source/revised_clusters/multi/chan3_0203p_02032021_315b_6_RBS_multiples_83.png,../prepare_data_source/revised_clusters/multi/chan7_0203p_02032021_315b_6_RBS_multiples_83.png,../prepare_data_source/revised_clusters/multi/chan11_0203p_02032021_315b_6_RBS_multiples_83.png,rbc
../prepare_data_source/revised_clusters/multi/chan2_0203p_02032021_315b_6_RBS_multiples_84.png,../prepare_data_source/revised_clusters/multi/chan3_0203p_02032021_315b_6_RBS_multiples_84.png,../prepare_data_source/revised_clusters/multi/chan7_0203p_02032021_315b_6_RBS_multiples_84.png,../prepare_data_source/revised_clusters/multi/chan11_0203p_02032021_315b_6_RBS_multiples_84.png,platelet
../prepare_data_source/revised_clusters/multi/chan2_0203p_02032021_315b_6_RBS_multiples_85.png,../prepare_data_source/revised_clusters/multi/chan3_0203p_02032021_315b_6_RBS_multiples_85.png,../prepare_data_source/revised_clusters/multi/chan7_0203p_02032021_315b_6_RBS_multiples_85.png,../prepare_data_source/revised_clusters/multi/chan11_0203p_02032021_315b_6_RBS_multiples_85.png,rbc
../prepare_data_source/revised_clusters/multi/chan2_0203p_02032021_315b_6_RBS_multiples_86.png,../prepare_data_source/revised_clusters/multi/chan3_0203p_02032021_315b_6_RBS_multiples_86.png,../prepare_data_source/revised_clusters/multi/chan7_0203p_02032021_315b_6_RBS_multiples_86.png,../prepare_data_source/revised_clusters/multi/chan11_0203p_02032021_315b_6_RBS_multiples_86.png,rbc
../prepare_data_source/revised_clusters/multi/chan2_0203p_02032021_315b_6_RBS_multiples_87.png,../prepare_data_source/revised_clusters/multi/chan3_0203p_02032021_315b_6_RBS_multiples_87.png,../prepare_data_source/revised_clusters/multi/chan7_0203p_02032021_315b_6_RBS_multiples_87.png,../prepare_data_source/revised_clusters/multi/chan11_0203p_02032021_315b_6_RBS_multiples_87.png,platelet
../prepare_data_source/revised_clusters/multi/chan2_0203p_02032021_315b_6_RBS_multiples_88.png,../prepare_data_source/revised_clusters/multi/chan3_0203p_02032021_315b_6_RBS_multiples_88.png,../prepare_data_source/revised_clusters/multi/chan7_0203p_02032021_315b_6_RBS_multiples_88.png,../prepare_data_source/revised_clusters/multi/chan11_0203p_02032021_315b_6_RBS_multiples_88.png,rbc
../prepare_data_source/revised_clusters/multi/chan2_0203p_02032021_315b_6_RBS_multiples_89.png,../prepare_data_source/revised_clusters/multi/chan3_0203p_02032021_315b_6_RBS_multiples_89.png,../prepare_data_source/revised_clusters/multi/chan7_0203p_02032021_315b_6_RBS_multiples_89.png,../prepare_data_source/revised_clusters/multi/chan11_0203p_02032021_315b_6_RBS_multiples_89.png,rbc
../prepare_data_source/revised_clusters/multi/chan2_0203p_02032021_315b_6_RBS_multiples_9.png,../prepare_data_source/revised_clusters/multi/chan3_0203p_02032021_315b_6_RBS_multiples_9.png,../prepare_data_source/revised_clusters/multi/chan7_0203p_02032021_315b_6_RBS_multiples_9.png,../prepare_data_source/revised_clusters/multi/chan11_0203p_02032021_315b_6_RBS_multiples_9.png,wbc
../prepare_data_source/revised_clusters/multi/chan2_0203p_02032021_315b_6_RBS_multiples_90.png,../prepare_data_source/revised_clusters/multi/chan3_0203p_02032021_315b_6_RBS_multiples_90.png,../prepare_data_source/revised_clusters/multi/chan7_0203p_02032021_315b_6_RBS_multiples_90.png,../prepare_data_source/revised_clusters/multi/chan11_0203p_02032021_315b_6_RBS_multiples_90.png,wbc
../prepare_data_source/revised_clusters/multi/chan2_0203p_02032021_315b_6_RBS_multiples_91.png,../prepare_data_source/revised_clusters/multi/chan3_0203p_02032021_315b_6_RBS_multiples_91.png,../prepare_data_source/revised_clusters/multi/chan7_0203p_02032021_315b_6_RBS_multiples_91.png,../prepare_data_source/revised_clusters/multi/chan11_0203p_02032021_315b_6_RBS_multiples_91.png,rbc
../prepare_data_source/revised_clusters/multi/chan2_0203p_02032021_315b_6_RBS_multiples_92.png,../prepare_data_source/revised_clusters/multi/chan3_0203p_02032021_315b_6_RBS_multiples_92.png,../prepare_data_source/revised_clusters/multi/chan7_0203p_02032021_315b_6_RBS_multiples_92.png,../prepare_data_source/revised_clusters/multi/chan11_0203p_02032021_315b_6_RBS_multiples_92.png,rbc
../prepare_data_source/revised_clusters/multi/chan2_0203p_02032021_315b_6_RBS_multiples_93.png,../prepare_data_source/revised_clusters/multi/chan3_0203p_02032021_315b_6_RBS_multiples_93.png,../prepare_data_source/revised_clusters/multi/chan7_0203p_02032021_315b_6_RBS_multiples_93.png,../prepare_data_source/revised_clusters/multi/chan11_0203p_02032021_315b_6_RBS_multiples_93.png,rbc
../prepare_data_source/revised_clusters/multi/chan2_0203p_02032021_315b_6_RBS_multiples_94.png,../prepare_data_source/revised_clusters/multi/chan3_0203p_02032021_315b_6_RBS_multiples_94.png,../prepare_data_source/revised_clusters/multi/chan7_0203p_02032021_315b_6_RBS_multiples_94.png,../prepare_data_source/revised_clusters/multi/chan11_0203p_02032021_315b_6_RBS_multiples_94.png,wbc
../prepare_data_source/revised_clusters/multi/chan2_0203p_02032021_315b_6_RBS_multiples_95.png,../prepare_data_source/revised_clusters/multi/chan3_0203p_02032021_315b_6_RBS_multiples_95.png,../prepare_data_source/revised_clusters/multi/chan7_0203p_02032021_315b_6_RBS_multiples_95.png,../prepare_data_source/revised_clusters/multi/chan11_0203p_02032021_315b_6_RBS_multiples_95.png,wbc platelet
../prepare_data_source/revised_clusters/multi/chan2_0203p_02032021_315b_6_RBS_multiples_96.png,../prepare_data_source/revised_clusters/multi/chan3_0203p_02032021_315b_6_RBS_multiples_96.png,../prepare_data_source/revised_clusters/multi/chan7_0203p_02032021_315b_6_RBS_multiples_96.png,../prepare_data_source/revised_clusters/multi/chan11_0203p_02032021_315b_6_RBS_multiples_96.png,platelet
../prepare_data_source/revised_clusters/multi/chan2_0203p_02032021_315b_6_RBS_multiples_97.png,../prepare_data_source/revised_clusters/multi/chan3_0203p_02032021_315b_6_RBS_multiples_97.png,../prepare_data_source/revised_clusters/multi/chan7_0203p_02032021_315b_6_RBS_multiples_97.png,../prepare_data_source/revised_clusters/multi/chan11_0203p_02032021_315b_6_RBS_multiples_97.png,wbc
../prepare_data_source/revised_clusters/multi/chan2_0203p_02032021_315b_6_RBS_multiples_98.png,../prepare_data_source/revised_clusters/multi/chan3_0203p_02032021_315b_6_RBS_multiples_98.png,../prepare_data_source/revised_clusters/multi/chan7_0203p_02032021_315b_6_RBS_multiples_98.png,../prepare_data_source/revised_clusters/multi/chan11_0203p_02032021_315b_6_RBS_multiples_98.png,rbc
../prepare_data_source/revised_clusters/multi/chan2_0203p_02032021_315b_6_RBS_multiples_99.png,../prepare_data_source/revised_clusters/multi/chan3_0203p_02032021_315b_6_RBS_multiples_99.png,../prepare_data_source/revised_clusters/multi/chan7_0203p_02032021_315b_6_RBS_multiples_99.png,../prepare_data_source/revised_clusters/multi/chan11_0203p_02032021_315b_6_RBS_multiples_99.png,platelet
../prepare_data_source/revised_clusters/multi/chan2_0203p_02032021_60537b_15_DAPI+cells_1.png,../prepare_data_source/revised_clusters/multi/chan3_0203p_02032021_60537b_15_DAPI+cells_1.png,../prepare_data_source/revised_clusters/multi/chan7_0203p_02032021_60537b_15_DAPI+cells_1.png,../prepare_data_source/revised_clusters/multi/chan11_0203p_02032021_60537b_15_DAPI+cells_1.png,wbc platelet
../prepare_data_source/revised_clusters/multi/chan2_0203p_02032021_60537b_15_DAPI+cells_10.png,../prepare_data_source/revised_clusters/multi/chan3_0203p_02032021_60537b_15_DAPI+cells_10.png,../prepare_data_source/revised_clusters/multi/chan7_0203p_02032021_60537b_15_DAPI+cells_10.png,../prepare_data_source/revised_clusters/multi/chan11_0203p_02032021_60537b_15_DAPI+cells_10.png,wbc platelet
../prepare_data_source/revised_clusters/multi/chan2_0203p_02032021_60537b_15_DAPI+cells_11.png,../prepare_data_source/revised_clusters/multi/chan3_0203p_02032021_60537b_15_DAPI+cells_11.png,../prepare_data_source/revised_clusters/multi/chan7_0203p_02032021_60537b_15_DAPI+cells_11.png,../prepare_data_source/revised_clusters/multi/chan11_0203p_02032021_60537b_15_DAPI+cells_11.png,wbc platelet
../prepare_data_source/revised_clusters/multi/chan2_0203p_02032021_60537b_15_DAPI+cells_12.png,../prepare_data_source/revised_clusters/multi/chan3_0203p_02032021_60537b_15_DAPI+cells_12.png,../prepare_data_source/revised_clusters/multi/chan7_0203p_02032021_60537b_15_DAPI+cells_12.png,../prepare_data_source/revised_clusters/multi/chan11_0203p_02032021_60537b_15_DAPI+cells_12.png,wbc platelet
../prepare_data_source/revised_clusters/multi/chan2_0203p_02032021_60537b_15_DAPI+cells_13.png,../prepare_data_source/revised_clusters/multi/chan3_0203p_02032021_60537b_15_DAPI+cells_13.png,../prepare_data_source/revised_clusters/multi/chan7_0203p_02032021_60537b_15_DAPI+cells_13.png,../prepare_data_source/revised_clusters/multi/chan11_0203p_02032021_60537b_15_DAPI+cells_13.png,wbc platelet
../prepare_data_source/revised_clusters/multi/chan2_0203p_02032021_60537b_15_DAPI+cells_14.png,../prepare_data_source/revised_clusters/multi/chan3_0203p_02032021_60537b_15_DAPI+cells_14.png,../prepare_data_source/revised_clusters/multi/chan7_0203p_02032021_60537b_15_DAPI+cells_14.png,../prepare_data_source/revised_clusters/multi/chan11_0203p_02032021_60537b_15_DAPI+cells_14.png,platelet
../prepare_data_source/revised_clusters/multi/chan2_0203p_02032021_60537b_15_DAPI+cells_15.png,../prepare_data_source/revised_clusters/multi/chan3_0203p_02032021_60537b_15_DAPI+cells_15.png,../prepare_data_source/revised_clusters/multi/chan7_0203p_02032021_60537b_15_DAPI+cells_15.png,../prepare_data_source/revised_clusters/multi/chan11_0203p_02032021_60537b_15_DAPI+cells_15.png,wbc platelet
../prepare_data_source/revised_clusters/multi/chan2_0203p_02032021_60537b_15_DAPI+cells_16.png,../prepare_data_source/revised_clusters/multi/chan3_0203p_02032021_60537b_15_DAPI+cells_16.png,../prepare_data_source/revised_clusters/multi/chan7_0203p_02032021_60537b_15_DAPI+cells_16.png,../prepare_data_source/revised_clusters/multi/chan11_0203p_02032021_60537b_15_DAPI+cells_16.png,wbc platelet
../prepare_data_source/revised_clusters/multi/chan2_0203p_02032021_60537b_15_DAPI+cells_17.png,../prepare_data_source/revised_clusters/multi/chan3_0203p_02032021_60537b_15_DAPI+cells_17.png,../prepare_data_source/revised_clusters/multi/chan7_0203p_02032021_60537b_15_DAPI+cells_17.png,../prepare_data_source/revised_clusters/multi/chan11_0203p_02032021_60537b_15_DAPI+cells_17.png,wbc platelet
../prepare_data_source/revised_clusters/multi/chan2_0203p_02032021_60537b_15_DAPI+cells_18.png,../prepare_data_source/revised_clusters/multi/chan3_0203p_02032021_60537b_15_DAPI+cells_18.png,../prepare_data_source/revised_clusters/multi/chan7_0203p_02032021_60537b_15_DAPI+cells_18.png,../prepare_data_source/revised_clusters/multi/chan11_0203p_02032021_60537b_15_DAPI+cells_18.png,wbc platelet
../prepare_data_source/revised_clusters/multi/chan2_0203p_02032021_60537b_15_DAPI+cells_19.png,../prepare_data_source/revised_clusters/multi/chan3_0203p_02032021_60537b_15_DAPI+cells_19.png,../prepare_data_source/revised_clusters/multi/chan7_0203p_02032021_60537b_15_DAPI+cells_19.png,../prepare_data_source/revised_clusters/multi/chan11_0203p_02032021_60537b_15_DAPI+cells_19.png,wbc platelet
../prepare_data_source/revised_clusters/multi/chan2_0203p_02032021_60537b_15_DAPI+cells_2.png,../prepare_data_source/revised_clusters/multi/chan3_0203p_02032021_60537b_15_DAPI+cells_2.png,../prepare_data_source/revised_clusters/multi/chan7_0203p_02032021_60537b_15_DAPI+cells_2.png,../prepare_data_source/revised_clusters/multi/chan11_0203p_02032021_60537b_15_DAPI+cells_2.png,wbc platelet
../prepare_data_source/revised_clusters/multi/chan2_0203p_02032021_60537b_15_DAPI+cells_20.png,../prepare_data_source/revised_clusters/multi/chan3_0203p_02032021_60537b_15_DAPI+cells_20.png,../prepare_data_source/revised_clusters/multi/chan7_0203p_02032021_60537b_15_DAPI+cells_20.png,../prepare_data_source/revised_clusters/multi/chan11_0203p_02032021_60537b_15_DAPI+cells_20.png,wbc platelet
../prepare_data_source/revised_clusters/multi/chan2_0203p_02032021_60537b_15_DAPI+cells_21.png,../prepare_data_source/revised_clusters/multi/chan3_0203p_02032021_60537b_15_DAPI+cells_21.png,../prepare_data_source/revised_clusters/multi/chan7_0203p_02032021_60537b_15_DAPI+cells_21.png,../prepare_data_source/revised_clusters/multi/chan11_0203p_02032021_60537b_15_DAPI+cells_21.png,wbc platelet
../prepare_data_source/revised_clusters/multi/chan2_0203p_02032021_60537b_15_DAPI+cells_22.png,../prepare_data_source/revised_clusters/multi/chan3_0203p_02032021_60537b_15_DAPI+cells_22.png,../prepare_data_source/revised_clusters/multi/chan7_0203p_02032021_60537b_15_DAPI+cells_22.png,../prepare_data_source/revised_clusters/multi/chan11_0203p_02032021_60537b_15_DAPI+cells_22.png,wbc platelet
../prepare_data_source/revised_clusters/multi/chan2_0203p_02032021_60537b_15_DAPI+cells_23.png,../prepare_data_source/revised_clusters/multi/chan3_0203p_02032021_60537b_15_DAPI+cells_23.png,../prepare_data_source/revised_clusters/multi/chan7_0203p_02032021_60537b_15_DAPI+cells_23.png,../prepare_data_source/revised_clusters/multi/chan11_0203p_02032021_60537b_15_DAPI+cells_23.png,wbc platelet
../prepare_data_source/revised_clusters/multi/chan2_0203p_02032021_60537b_15_DAPI+cells_24.png,../prepare_data_source/revised_clusters/multi/chan3_0203p_02032021_60537b_15_DAPI+cells_24.png,../prepare_data_source/revised_clusters/multi/chan7_0203p_02032021_60537b_15_DAPI+cells_24.png,../prepare_data_source/revised_clusters/multi/chan11_0203p_02032021_60537b_15_DAPI+cells_24.png,wbc platelet
../prepare_data_source/revised_clusters/multi/chan2_0203p_02032021_60537b_15_DAPI+cells_25.png,../prepare_data_source/revised_clusters/multi/chan3_0203p_02032021_60537b_15_DAPI+cells_25.png,../prepare_data_source/revised_clusters/multi/chan7_0203p_02032021_60537b_15_DAPI+cells_25.png,../prepare_data_source/revised_clusters/multi/chan11_0203p_02032021_60537b_15_DAPI+cells_25.png,wbc platelet
../prepare_data_source/revised_clusters/multi/chan2_0203p_02032021_60537b_15_DAPI+cells_26.png,../prepare_data_source/revised_clusters/multi/chan3_0203p_02032021_60537b_15_DAPI+cells_26.png,../prepare_data_source/revised_clusters/multi/chan7_0203p_02032021_60537b_15_DAPI+cells_26.png,../prepare_data_source/revised_clusters/multi/chan11_0203p_02032021_60537b_15_DAPI+cells_26.png,wbc platelet
../prepare_data_source/revised_clusters/multi/chan2_0203p_02032021_60537b_15_DAPI+cells_27.png,../prepare_data_source/revised_clusters/multi/chan3_0203p_02032021_60537b_15_DAPI+cells_27.png,../prepare_data_source/revised_clusters/multi/chan7_0203p_02032021_60537b_15_DAPI+cells_27.png,../prepare_data_source/revised_clusters/multi/chan11_0203p_02032021_60537b_15_DAPI+cells_27.png,wbc platelet
../prepare_data_source/revised_clusters/multi/chan2_0203p_02032021_60537b_15_DAPI+cells_28.png,../prepare_data_source/revised_clusters/multi/chan3_0203p_02032021_60537b_15_DAPI+cells_28.png,../prepare_data_source/revised_clusters/multi/chan7_0203p_02032021_60537b_15_DAPI+cells_28.png,../prepare_data_source/revised_clusters/multi/chan11_0203p_02032021_60537b_15_DAPI+cells_28.png,wbc platelet
../prepare_data_source/revised_clusters/multi/chan2_0203p_02032021_60537b_15_DAPI+cells_29.png,../prepare_data_source/revised_clusters/multi/chan3_0203p_02032021_60537b_15_DAPI+cells_29.png,../prepare_data_source/revised_clusters/multi/chan7_0203p_02032021_60537b_15_DAPI+cells_29.png,../prepare_data_source/revised_clusters/multi/chan11_0203p_02032021_60537b_15_DAPI+cells_29.png,wbc platelet
../prepare_data_source/revised_clusters/multi/chan2_0203p_02032021_60537b_15_DAPI+cells_3.png,../prepare_data_source/revised_clusters/multi/chan3_0203p_02032021_60537b_15_DAPI+cells_3.png,../prepare_data_source/revised_clusters/multi/chan7_0203p_02032021_60537b_15_DAPI+cells_3.png,../prepare_data_source/revised_clusters/multi/chan11_0203p_02032021_60537b_15_DAPI+cells_3.png,wbc platelet
../prepare_data_source/revised_clusters/multi/chan2_0203p_02032021_60537b_15_DAPI+cells_30.png,../prepare_data_source/revised_clusters/multi/chan3_0203p_02032021_60537b_15_DAPI+cells_30.png,../prepare_data_source/revised_clusters/multi/chan7_0203p_02032021_60537b_15_DAPI+cells_30.png,../prepare_data_source/revised_clusters/multi/chan11_0203p_02032021_60537b_15_DAPI+cells_30.png,wbc platelet
../prepare_data_source/revised_clusters/multi/chan2_0203p_02032021_60537b_15_DAPI+cells_31.png,../prepare_data_source/revised_clusters/multi/chan3_0203p_02032021_60537b_15_DAPI+cells_31.png,../prepare_data_source/revised_clusters/multi/chan7_0203p_02032021_60537b_15_DAPI+cells_31.png,../prepare_data_source/revised_clusters/multi/chan11_0203p_02032021_60537b_15_DAPI+cells_31.png,wbc platelet
../prepare_data_source/revised_clusters/multi/chan2_0203p_02032021_60537b_15_DAPI+cells_32.png,../prepare_data_source/revised_clusters/multi/chan3_0203p_02032021_60537b_15_DAPI+cells_32.png,../prepare_data_source/revised_clusters/multi/chan7_0203p_02032021_60537b_15_DAPI+cells_32.png,../prepare_data_source/revised_clusters/multi/chan11_0203p_02032021_60537b_15_DAPI+cells_32.png,wbc platelet
../prepare_data_source/revised_clusters/multi/chan2_0203p_02032021_60537b_15_DAPI+cells_33.png,../prepare_data_source/revised_clusters/multi/chan3_0203p_02032021_60537b_15_DAPI+cells_33.png,../prepare_data_source/revised_clusters/multi/chan7_0203p_02032021_60537b_15_DAPI+cells_33.png,../prepare_data_source/revised_clusters/multi/chan11_0203p_02032021_60537b_15_DAPI+cells_33.png,wbc platelet
../prepare_data_source/revised_clusters/multi/chan2_0203p_02032021_60537b_15_DAPI+cells_34.png,../prepare_data_source/revised_clusters/multi/chan3_0203p_02032021_60537b_15_DAPI+cells_34.png,../prepare_data_source/revised_clusters/multi/chan7_0203p_02032021_60537b_15_DAPI+cells_34.png,../prepare_data_source/revised_clusters/multi/chan11_0203p_02032021_60537b_15_DAPI+cells_34.png,wbc platelet
../prepare_data_source/revised_clusters/multi/chan2_0203p_02032021_60537b_15_DAPI+cells_35.png,../prepare_data_source/revised_clusters/multi/chan3_0203p_02032021_60537b_15_DAPI+cells_35.png,../prepare_data_source/revised_clusters/multi/chan7_0203p_02032021_60537b_15_DAPI+cells_35.png,../prepare_data_source/revised_clusters/multi/chan11_0203p_02032021_60537b_15_DAPI+cells_35.png,wbc platelet
../prepare_data_source/revised_clusters/multi/chan2_0203p_02032021_60537b_15_DAPI+cells_36.png,../prepare_data_source/revised_clusters/multi/chan3_0203p_02032021_60537b_15_DAPI+cells_36.png,../prepare_data_source/revised_clusters/multi/chan7_0203p_02032021_60537b_15_DAPI+cells_36.png,../prepare_data_source/revised_clusters/multi/chan11_0203p_02032021_60537b_15_DAPI+cells_36.png,wbc platelet
../prepare_data_source/revised_clusters/multi/chan2_0203p_02032021_60537b_15_DAPI+cells_37.png,../prepare_data_source/revised_clusters/multi/chan3_0203p_02032021_60537b_15_DAPI+cells_37.png,../prepare_data_source/revised_clusters/multi/chan7_0203p_02032021_60537b_15_DAPI+cells_37.png,../prepare_data_source/revised_clusters/multi/chan11_0203p_02032021_60537b_15_DAPI+cells_37.png,wbc platelet
../prepare_data_source/revised_clusters/multi/chan2_0203p_02032021_60537b_15_DAPI+cells_38.png,../prepare_data_source/revised_clusters/multi/chan3_0203p_02032021_60537b_15_DAPI+cells_38.png,../prepare_data_source/revised_clusters/multi/chan7_0203p_02032021_60537b_15_DAPI+cells_38.png,../prepare_data_source/revised_clusters/multi/chan11_0203p_02032021_60537b_15_DAPI+cells_38.png,wbc platelet
../prepare_data_source/revised_clusters/multi/chan2_0203p_02032021_60537b_15_DAPI+cells_39.png,../prepare_data_source/revised_clusters/multi/chan3_0203p_02032021_60537b_15_DAPI+cells_39.png,../prepare_data_source/revised_clusters/multi/chan7_0203p_02032021_60537b_15_DAPI+cells_39.png,../prepare_data_source/revised_clusters/multi/chan11_0203p_02032021_60537b_15_DAPI+cells_39.png,wbc platelet
../prepare_data_source/revised_clusters/multi/chan2_0203p_02032021_60537b_15_DAPI+cells_4.png,../prepare_data_source/revised_clusters/multi/chan3_0203p_02032021_60537b_15_DAPI+cells_4.png,../prepare_data_source/revised_clusters/multi/chan7_0203p_02032021_60537b_15_DAPI+cells_4.png,../prepare_data_source/revised_clusters/multi/chan11_0203p_02032021_60537b_15_DAPI+cells_4.png,wbc platelet
../prepare_data_source/revised_clusters/multi/chan2_0203p_02032021_60537b_15_DAPI+cells_40.png,../prepare_data_source/revised_clusters/multi/chan3_0203p_02032021_60537b_15_DAPI+cells_40.png,../prepare_data_source/revised_clusters/multi/chan7_0203p_02032021_60537b_15_DAPI+cells_40.png,../prepare_data_source/revised_clusters/multi/chan11_0203p_02032021_60537b_15_DAPI+cells_40.png,wbc platelet
../prepare_data_source/revised_clusters/multi/chan2_0203p_02032021_60537b_15_DAPI+cells_41.png,../prepare_data_source/revised_clusters/multi/chan3_0203p_02032021_60537b_15_DAPI+cells_41.png,../prepare_data_source/revised_clusters/multi/chan7_0203p_02032021_60537b_15_DAPI+cells_41.png,../prepare_data_source/revised_clusters/multi/chan11_0203p_02032021_60537b_15_DAPI+cells_41.png,wbc platelet
../prepare_data_source/revised_clusters/multi/chan2_0203p_02032021_60537b_15_DAPI+cells_42.png,../prepare_data_source/revised_clusters/multi/chan3_0203p_02032021_60537b_15_DAPI+cells_42.png,../prepare_data_source/revised_clusters/multi/chan7_0203p_02032021_60537b_15_DAPI+cells_42.png,../prepare_data_source/revised_clusters/multi/chan11_0203p_02032021_60537b_15_DAPI+cells_42.png,wbc platelet
../prepare_data_source/revised_clusters/multi/chan2_0203p_02032021_60537b_15_DAPI+cells_43.png,../prepare_data_source/revised_clusters/multi/chan3_0203p_02032021_60537b_15_DAPI+cells_43.png,../prepare_data_source/revised_clusters/multi/chan7_0203p_02032021_60537b_15_DAPI+cells_43.png,../prepare_data_source/revised_clusters/multi/chan11_0203p_02032021_60537b_15_DAPI+cells_43.png,wbc platelet
../prepare_data_source/revised_clusters/multi/chan2_0203p_02032021_60537b_15_DAPI+cells_44.png,../prepare_data_source/revised_clusters/multi/chan3_0203p_02032021_60537b_15_DAPI+cells_44.png,../prepare_data_source/revised_clusters/multi/chan7_0203p_02032021_60537b_15_DAPI+cells_44.png,../prepare_data_source/revised_clusters/multi/chan11_0203p_02032021_60537b_15_DAPI+cells_44.png,wbc platelet
../prepare_data_source/revised_clusters/multi/chan2_0203p_02032021_60537b_15_DAPI+cells_45.png,../prepare_data_source/revised_clusters/multi/chan3_0203p_02032021_60537b_15_DAPI+cells_45.png,../prepare_data_source/revised_clusters/multi/chan7_0203p_02032021_60537b_15_DAPI+cells_45.png,../prepare_data_source/revised_clusters/multi/chan11_0203p_02032021_60537b_15_DAPI+cells_45.png,wbc platelet
../prepare_data_source/revised_clusters/multi/chan2_0203p_02032021_60537b_15_DAPI+cells_46.png,../prepare_data_source/revised_clusters/multi/chan3_0203p_02032021_60537b_15_DAPI+cells_46.png,../prepare_data_source/revised_clusters/multi/chan7_0203p_02032021_60537b_15_DAPI+cells_46.png,../prepare_data_source/revised_clusters/multi/chan11_0203p_02032021_60537b_15_DAPI+cells_46.png,wbc platelet
../prepare_data_source/revised_clusters/multi/chan2_0203p_02032021_60537b_15_DAPI+cells_47.png,../prepare_data_source/revised_clusters/multi/chan3_0203p_02032021_60537b_15_DAPI+cells_47.png,../prepare_data_source/revised_clusters/multi/chan7_0203p_02032021_60537b_15_DAPI+cells_47.png,../prepare_data_source/revised_clusters/multi/chan11_0203p_02032021_60537b_15_DAPI+cells_47.png,wbc platelet
../prepare_data_source/revised_clusters/multi/chan2_0203p_02032021_60537b_15_DAPI+cells_48.png,../prepare_data_source/revised_clusters/multi/chan3_0203p_02032021_60537b_15_DAPI+cells_48.png,../prepare_data_source/revised_clusters/multi/chan7_0203p_02032021_60537b_15_DAPI+cells_48.png,../prepare_data_source/revised_clusters/multi/chan11_0203p_02032021_60537b_15_DAPI+cells_48.png,wbc platelet
../prepare_data_source/revised_clusters/multi/chan2_0203p_02032021_60537b_15_DAPI+cells_49.png,../prepare_data_source/revised_clusters/multi/chan3_0203p_02032021_60537b_15_DAPI+cells_49.png,../prepare_data_source/revised_clusters/multi/chan7_0203p_02032021_60537b_15_DAPI+cells_49.png,../prepare_data_source/revised_clusters/multi/chan11_0203p_02032021_60537b_15_DAPI+cells_49.png,wbc platelet
../prepare_data_source/revised_clusters/multi/chan2_0203p_02032021_60537b_15_DAPI+cells_5.png,../prepare_data_source/revised_clusters/multi/chan3_0203p_02032021_60537b_15_DAPI+cells_5.png,../prepare_data_source/revised_clusters/multi/chan7_0203p_02032021_60537b_15_DAPI+cells_5.png,../prepare_data_source/revised_clusters/multi/chan11_0203p_02032021_60537b_15_DAPI+cells_5.png,wbc platelet
../prepare_data_source/revised_clusters/multi/chan2_0203p_02032021_60537b_15_DAPI+cells_50.png,../prepare_data_source/revised_clusters/multi/chan3_0203p_02032021_60537b_15_DAPI+cells_50.png,../prepare_data_source/revised_clusters/multi/chan7_0203p_02032021_60537b_15_DAPI+cells_50.png,../prepare_data_source/revised_clusters/multi/chan11_0203p_02032021_60537b_15_DAPI+cells_50.png,wbc platelet
../prepare_data_source/revised_clusters/multi/chan2_0203p_02032021_60537b_15_DAPI+cells_51.png,../prepare_data_source/revised_clusters/multi/chan3_0203p_02032021_60537b_15_DAPI+cells_51.png,../prepare_data_source/revised_clusters/multi/chan7_0203p_02032021_60537b_15_DAPI+cells_51.png,../prepare_data_source/revised_clusters/multi/chan11_0203p_02032021_60537b_15_DAPI+cells_51.png,wbc platelet
../prepare_data_source/revised_clusters/multi/chan2_0203p_02032021_60537b_15_DAPI+cells_52.png,../prepare_data_source/revised_clusters/multi/chan3_0203p_02032021_60537b_15_DAPI+cells_52.png,../prepare_data_source/revised_clusters/multi/chan7_0203p_02032021_60537b_15_DAPI+cells_52.png,../prepare_data_source/revised_clusters/multi/chan11_0203p_02032021_60537b_15_DAPI+cells_52.png,wbc platelet
../prepare_data_source/revised_clusters/multi/chan2_0203p_02032021_60537b_15_DAPI+cells_53.png,../prepare_data_source/revised_clusters/multi/chan3_0203p_02032021_60537b_15_DAPI+cells_53.png,../prepare_data_source/revised_clusters/multi/chan7_0203p_02032021_60537b_15_DAPI+cells_53.png,../prepare_data_source/revised_clusters/multi/chan11_0203p_02032021_60537b_15_DAPI+cells_53.png,wbc platelet
../prepare_data_source/revised_clusters/multi/chan2_0203p_02032021_60537b_15_DAPI+cells_54.png,../prepare_data_source/revised_clusters/multi/chan3_0203p_02032021_60537b_15_DAPI+cells_54.png,../prepare_data_source/revised_clusters/multi/chan7_0203p_02032021_60537b_15_DAPI+cells_54.png,../prepare_data_source/revised_clusters/multi/chan11_0203p_02032021_60537b_15_DAPI+cells_54.png,wbc platelet
../prepare_data_source/revised_clusters/multi/chan2_0203p_02032021_60537b_15_DAPI+cells_55.png,../prepare_data_source/revised_clusters/multi/chan3_0203p_02032021_60537b_15_DAPI+cells_55.png,../prepare_data_source/revised_clusters/multi/chan7_0203p_02032021_60537b_15_DAPI+cells_55.png,../prepare_data_source/revised_clusters/multi/chan11_0203p_02032021_60537b_15_DAPI+cells_55.png,wbc platelet
../prepare_data_source/revised_clusters/multi/chan2_0203p_02032021_60537b_15_DAPI+cells_56.png,../prepare_data_source/revised_clusters/multi/chan3_0203p_02032021_60537b_15_DAPI+cells_56.png,../prepare_data_source/revised_clusters/multi/chan7_0203p_02032021_60537b_15_DAPI+cells_56.png,../prepare_data_source/revised_clusters/multi/chan11_0203p_02032021_60537b_15_DAPI+cells_56.png,wbc platelet
../prepare_data_source/revised_clusters/multi/chan2_0203p_02032021_60537b_15_DAPI+cells_57.png,../prepare_data_source/revised_clusters/multi/chan3_0203p_02032021_60537b_15_DAPI+cells_57.png,../prepare_data_source/revised_clusters/multi/chan7_0203p_02032021_60537b_15_DAPI+cells_57.png,../prepare_data_source/revised_clusters/multi/chan11_0203p_02032021_60537b_15_DAPI+cells_57.png,wbc platelet
../prepare_data_source/revised_clusters/multi/chan2_0203p_02032021_60537b_15_DAPI+cells_58.png,../prepare_data_source/revised_clusters/multi/chan3_0203p_02032021_60537b_15_DAPI+cells_58.png,../prepare_data_source/revised_clusters/multi/chan7_0203p_02032021_60537b_15_DAPI+cells_58.png,../prepare_data_source/revised_clusters/multi/chan11_0203p_02032021_60537b_15_DAPI+cells_58.png,wbc platelet
../prepare_data_source/revised_clusters/multi/chan2_0203p_02032021_60537b_15_DAPI+cells_59.png,../prepare_data_source/revised_clusters/multi/chan3_0203p_02032021_60537b_15_DAPI+cells_59.png,../prepare_data_source/revised_clusters/multi/chan7_0203p_02032021_60537b_15_DAPI+cells_59.png,../prepare_data_source/revised_clusters/multi/chan11_0203p_02032021_60537b_15_DAPI+cells_59.png,wbc platelet
../prepare_data_source/revised_clusters/multi/chan2_0203p_02032021_60537b_15_DAPI+cells_6.png,../prepare_data_source/revised_clusters/multi/chan3_0203p_02032021_60537b_15_DAPI+cells_6.png,../prepare_data_source/revised_clusters/multi/chan7_0203p_02032021_60537b_15_DAPI+cells_6.png,../prepare_data_source/revised_clusters/multi/chan11_0203p_02032021_60537b_15_DAPI+cells_6.png,wbc platelet
../prepare_data_source/revised_clusters/multi/chan2_0203p_02032021_60537b_15_DAPI+cells_60.png,../prepare_data_source/revised_clusters/multi/chan3_0203p_02032021_60537b_15_DAPI+cells_60.png,../prepare_data_source/revised_clusters/multi/chan7_0203p_02032021_60537b_15_DAPI+cells_60.png,../prepare_data_source/revised_clusters/multi/chan11_0203p_02032021_60537b_15_DAPI+cells_60.png,wbc platelet
../prepare_data_source/revised_clusters/multi/chan2_0203p_02032021_60537b_15_DAPI+cells_61.png,../prepare_data_source/revised_clusters/multi/chan3_0203p_02032021_60537b_15_DAPI+cells_61.png,../prepare_data_source/revised_clusters/multi/chan7_0203p_02032021_60537b_15_DAPI+cells_61.png,../prepare_data_source/revised_clusters/multi/chan11_0203p_02032021_60537b_15_DAPI+cells_61.png,wbc platelet
../prepare_data_source/revised_clusters/multi/chan2_0203p_02032021_60537b_15_DAPI+cells_62.png,../prepare_data_source/revised_clusters/multi/chan3_0203p_02032021_60537b_15_DAPI+cells_62.png,../prepare_data_source/revised_clusters/multi/chan7_0203p_02032021_60537b_15_DAPI+cells_62.png,../prepare_data_source/revised_clusters/multi/chan11_0203p_02032021_60537b_15_DAPI+cells_62.png,wbc platelet
../prepare_data_source/revised_clusters/multi/chan2_0203p_02032021_60537b_15_DAPI+cells_63.png,../prepare_data_source/revised_clusters/multi/chan3_0203p_02032021_60537b_15_DAPI+cells_63.png,../prepare_data_source/revised_clusters/multi/chan7_0203p_02032021_60537b_15_DAPI+cells_63.png,../prepare_data_source/revised_clusters/multi/chan11_0203p_02032021_60537b_15_DAPI+cells_63.png,wbc platelet
../prepare_data_source/revised_clusters/multi/chan2_0203p_02032021_60537b_15_DAPI+cells_64.png,../prepare_data_source/revised_clusters/multi/chan3_0203p_02032021_60537b_15_DAPI+cells_64.png,../prepare_data_source/revised_clusters/multi/chan7_0203p_02032021_60537b_15_DAPI+cells_64.png,../prepare_data_source/revised_clusters/multi/chan11_0203p_02032021_60537b_15_DAPI+cells_64.png,wbc platelet
../prepare_data_source/revised_clusters/multi/chan2_0203p_02032021_60537b_15_DAPI+cells_65.png,../prepare_data_source/revised_clusters/multi/chan3_0203p_02032021_60537b_15_DAPI+cells_65.png,../prepare_data_source/revised_clusters/multi/chan7_0203p_02032021_60537b_15_DAPI+cells_65.png,../prepare_data_source/revised_clusters/multi/chan11_0203p_02032021_60537b_15_DAPI+cells_65.png,wbc platelet
../prepare_data_source/revised_clusters/multi/chan2_0203p_02032021_60537b_15_DAPI+cells_66.png,../prepare_data_source/revised_clusters/multi/chan3_0203p_02032021_60537b_15_DAPI+cells_66.png,../prepare_data_source/revised_clusters/multi/chan7_0203p_02032021_60537b_15_DAPI+cells_66.png,../prepare_data_source/revised_clusters/multi/chan11_0203p_02032021_60537b_15_DAPI+cells_66.png,wbc platelet
../prepare_data_source/revised_clusters/multi/chan2_0203p_02032021_60537b_15_DAPI+cells_67.png,../prepare_data_source/revised_clusters/multi/chan3_0203p_02032021_60537b_15_DAPI+cells_67.png,../prepare_data_source/revised_clusters/multi/chan7_0203p_02032021_60537b_15_DAPI+cells_67.png,../prepare_data_source/revised_clusters/multi/chan11_0203p_02032021_60537b_15_DAPI+cells_67.png,wbc platelet
../prepare_data_source/revised_clusters/multi/chan2_0203p_02032021_60537b_15_DAPI+cells_68.png,../prepare_data_source/revised_clusters/multi/chan3_0203p_02032021_60537b_15_DAPI+cells_68.png,../prepare_data_source/revised_clusters/multi/chan7_0203p_02032021_60537b_15_DAPI+cells_68.png,../prepare_data_source/revised_clusters/multi/chan11_0203p_02032021_60537b_15_DAPI+cells_68.png,wbc platelet
../prepare_data_source/revised_clusters/multi/chan2_0203p_02032021_60537b_15_DAPI+cells_69.png,../prepare_data_source/revised_clusters/multi/chan3_0203p_02032021_60537b_15_DAPI+cells_69.png,../prepare_data_source/revised_clusters/multi/chan7_0203p_02032021_60537b_15_DAPI+cells_69.png,../prepare_data_source/revised_clusters/multi/chan11_0203p_02032021_60537b_15_DAPI+cells_69.png,wbc platelet
../prepare_data_source/revised_clusters/multi/chan2_0203p_02032021_60537b_15_DAPI+cells_7.png,../prepare_data_source/revised_clusters/multi/chan3_0203p_02032021_60537b_15_DAPI+cells_7.png,../prepare_data_source/revised_clusters/multi/chan7_0203p_02032021_60537b_15_DAPI+cells_7.png,../prepare_data_source/revised_clusters/multi/chan11_0203p_02032021_60537b_15_DAPI+cells_7.png,wbc platelet
../prepare_data_source/revised_clusters/multi/chan2_0203p_02032021_60537b_15_DAPI+cells_70.png,../prepare_data_source/revised_clusters/multi/chan3_0203p_02032021_60537b_15_DAPI+cells_70.png,../prepare_data_source/revised_clusters/multi/chan7_0203p_02032021_60537b_15_DAPI+cells_70.png,../prepare_data_source/revised_clusters/multi/chan11_0203p_02032021_60537b_15_DAPI+cells_70.png,wbc platelet
../prepare_data_source/revised_clusters/multi/chan2_0203p_02032021_60537b_15_DAPI+cells_71.png,../prepare_data_source/revised_clusters/multi/chan3_0203p_02032021_60537b_15_DAPI+cells_71.png,../prepare_data_source/revised_clusters/multi/chan7_0203p_02032021_60537b_15_DAPI+cells_71.png,../prepare_data_source/revised_clusters/multi/chan11_0203p_02032021_60537b_15_DAPI+cells_71.png,wbc platelet
../prepare_data_source/revised_clusters/multi/chan2_0203p_02032021_60537b_15_DAPI+cells_72.png,../prepare_data_source/revised_clusters/multi/chan3_0203p_02032021_60537b_15_DAPI+cells_72.png,../prepare_data_source/revised_clusters/multi/chan7_0203p_02032021_60537b_15_DAPI+cells_72.png,../prepare_data_source/revised_clusters/multi/chan11_0203p_02032021_60537b_15_DAPI+cells_72.png,wbc platelet
../prepare_data_source/revised_clusters/multi/chan2_0203p_02032021_60537b_15_DAPI+cells_73.png,../prepare_data_source/revised_clusters/multi/chan3_0203p_02032021_60537b_15_DAPI+cells_73.png,../prepare_data_source/revised_clusters/multi/chan7_0203p_02032021_60537b_15_DAPI+cells_73.png,../prepare_data_source/revised_clusters/multi/chan11_0203p_02032021_60537b_15_DAPI+cells_73.png,wbc platelet
../prepare_data_source/revised_clusters/multi/chan2_0203p_02032021_60537b_15_DAPI+cells_74.png,../prepare_data_source/revised_clusters/multi/chan3_0203p_02032021_60537b_15_DAPI+cells_74.png,../prepare_data_source/revised_clusters/multi/chan7_0203p_02032021_60537b_15_DAPI+cells_74.png,../prepare_data_source/revised_clusters/multi/chan11_0203p_02032021_60537b_15_DAPI+cells_74.png,wbc platelet
../prepare_data_source/revised_clusters/multi/chan2_0203p_02032021_60537b_15_DAPI+cells_75.png,../prepare_data_source/revised_clusters/multi/chan3_0203p_02032021_60537b_15_DAPI+cells_75.png,../prepare_data_source/revised_clusters/multi/chan7_0203p_02032021_60537b_15_DAPI+cells_75.png,../prepare_data_source/revised_clusters/multi/chan11_0203p_02032021_60537b_15_DAPI+cells_75.png,wbc platelet
../prepare_data_source/revised_clusters/multi/chan2_0203p_02032021_60537b_15_DAPI+cells_76.png,../prepare_data_source/revised_clusters/multi/chan3_0203p_02032021_60537b_15_DAPI+cells_76.png,../prepare_data_source/revised_clusters/multi/chan7_0203p_02032021_60537b_15_DAPI+cells_76.png,../prepare_data_source/revised_clusters/multi/chan11_0203p_02032021_60537b_15_DAPI+cells_76.png,wbc platelet
../prepare_data_source/revised_clusters/multi/chan2_0203p_02032021_60537b_15_DAPI+cells_77.png,../prepare_data_source/revised_clusters/multi/chan3_0203p_02032021_60537b_15_DAPI+cells_77.png,../prepare_data_source/revised_clusters/multi/chan7_0203p_02032021_60537b_15_DAPI+cells_77.png,../prepare_data_source/revised_clusters/multi/chan11_0203p_02032021_60537b_15_DAPI+cells_77.png,wbc platelet
../prepare_data_source/revised_clusters/multi/chan2_0203p_02032021_60537b_15_DAPI+cells_78.png,../prepare_data_source/revised_clusters/multi/chan3_0203p_02032021_60537b_15_DAPI+cells_78.png,../prepare_data_source/revised_clusters/multi/chan7_0203p_02032021_60537b_15_DAPI+cells_78.png,../prepare_data_source/revised_clusters/multi/chan11_0203p_02032021_60537b_15_DAPI+cells_78.png,wbc platelet
../prepare_data_source/revised_clusters/multi/chan2_0203p_02032021_60537b_15_DAPI+cells_8.png,../prepare_data_source/revised_clusters/multi/chan3_0203p_02032021_60537b_15_DAPI+cells_8.png,../prepare_data_source/revised_clusters/multi/chan7_0203p_02032021_60537b_15_DAPI+cells_8.png,../prepare_data_source/revised_clusters/multi/chan11_0203p_02032021_60537b_15_DAPI+cells_8.png,wbc platelet
../prepare_data_source/revised_clusters/multi/chan2_0203p_02032021_60537b_15_DAPI+cells_9.png,../prepare_data_source/revised_clusters/multi/chan3_0203p_02032021_60537b_15_DAPI+cells_9.png,../prepare_data_source/revised_clusters/multi/chan7_0203p_02032021_60537b_15_DAPI+cells_9.png,../prepare_data_source/revised_clusters/multi/chan11_0203p_02032021_60537b_15_DAPI+cells_9.png,wbc platelet
../prepare_data_source/revised_clusters/multi/chan2_0210p_02102021_122b_1_RBC_multiple_CD61+_1.png,../prepare_data_source/revised_clusters/multi/chan3_0210p_02102021_122b_1_RBC_multiple_CD61+_1.png,../prepare_data_source/revised_clusters/multi/chan7_0210p_02102021_122b_1_RBC_multiple_CD61+_1.png,../prepare_data_source/revised_clusters/multi/chan11_0210p_02102021_122b_1_RBC_multiple_CD61+_1.png,rbc
../prepare_data_source/revised_clusters/multi/chan2_0210p_02102021_122b_1_RBC_multiple_CD61+_10.png,../prepare_data_source/revised_clusters/multi/chan3_0210p_02102021_122b_1_RBC_multiple_CD61+_10.png,../prepare_data_source/revised_clusters/multi/chan7_0210p_02102021_122b_1_RBC_multiple_CD61+_10.png,../prepare_data_source/revised_clusters/multi/chan11_0210p_02102021_122b_1_RBC_multiple_CD61+_10.png,wbc platelet
../prepare_data_source/revised_clusters/multi/chan2_0210p_02102021_122b_1_RBC_multiple_CD61+_100.png,../prepare_data_source/revised_clusters/multi/chan3_0210p_02102021_122b_1_RBC_multiple_CD61+_100.png,../prepare_data_source/revised_clusters/multi/chan7_0210p_02102021_122b_1_RBC_multiple_CD61+_100.png,../prepare_data_source/revised_clusters/multi/chan11_0210p_02102021_122b_1_RBC_multiple_CD61+_100.png,wbc platelet
../prepare_data_source/revised_clusters/multi/chan2_0210p_02102021_122b_1_RBC_multiple_CD61+_101.png,../prepare_data_source/revised_clusters/multi/chan3_0210p_02102021_122b_1_RBC_multiple_CD61+_101.png,../prepare_data_source/revised_clusters/multi/chan7_0210p_02102021_122b_1_RBC_multiple_CD61+_101.png,../prepare_data_source/revised_clusters/multi/chan11_0210p_02102021_122b_1_RBC_multiple_CD61+_101.png,wbc platelet
../prepare_data_source/revised_clusters/multi/chan2_0210p_02102021_122b_1_RBC_multiple_CD61+_102.png,../prepare_data_source/revised_clusters/multi/chan3_0210p_02102021_122b_1_RBC_multiple_CD61+_102.png,../prepare_data_source/revised_clusters/multi/chan7_0210p_02102021_122b_1_RBC_multiple_CD61+_102.png,../prepare_data_source/revised_clusters/multi/chan11_0210p_02102021_122b_1_RBC_multiple_CD61+_102.png,wbc platelet
../prepare_data_source/revised_clusters/multi/chan2_0210p_02102021_122b_1_RBC_multiple_CD61+_103.png,../prepare_data_source/revised_clusters/multi/chan3_0210p_02102021_122b_1_RBC_multiple_CD61+_103.png,../prepare_data_source/revised_clusters/multi/chan7_0210p_02102021_122b_1_RBC_multiple_CD61+_103.png,../prepare_data_source/revised_clusters/multi/chan11_0210p_02102021_122b_1_RBC_multiple_CD61+_103.png,wbc platelet
../prepare_data_source/revised_clusters/multi/chan2_0210p_02102021_122b_1_RBC_multiple_CD61+_104.png,../prepare_data_source/revised_clusters/multi/chan3_0210p_02102021_122b_1_RBC_multiple_CD61+_104.png,../prepare_data_source/revised_clusters/multi/chan7_0210p_02102021_122b_1_RBC_multiple_CD61+_104.png,../prepare_data_source/revised_clusters/multi/chan11_0210p_02102021_122b_1_RBC_multiple_CD61+_104.png,wbc platelet
../prepare_data_source/revised_clusters/multi/chan2_0210p_02102021_122b_1_RBC_multiple_CD61+_105.png,../prepare_data_source/revised_clusters/multi/chan3_0210p_02102021_122b_1_RBC_multiple_CD61+_105.png,../prepare_data_source/revised_clusters/multi/chan7_0210p_02102021_122b_1_RBC_multiple_CD61+_105.png,../prepare_data_source/revised_clusters/multi/chan11_0210p_02102021_122b_1_RBC_multiple_CD61+_105.png,platelet
../prepare_data_source/revised_clusters/multi/chan2_0210p_02102021_122b_1_RBC_multiple_CD61+_106.png,../prepare_data_source/revised_clusters/multi/chan3_0210p_02102021_122b_1_RBC_multiple_CD61+_106.png,../prepare_data_source/revised_clusters/multi/chan7_0210p_02102021_122b_1_RBC_multiple_CD61+_106.png,../prepare_data_source/revised_clusters/multi/chan11_0210p_02102021_122b_1_RBC_multiple_CD61+_106.png,wbc platelet
../prepare_data_source/revised_clusters/multi/chan2_0210p_02102021_122b_1_RBC_multiple_CD61+_107.png,../prepare_data_source/revised_clusters/multi/chan3_0210p_02102021_122b_1_RBC_multiple_CD61+_107.png,../prepare_data_source/revised_clusters/multi/chan7_0210p_02102021_122b_1_RBC_multiple_CD61+_107.png,../prepare_data_source/revised_clusters/multi/chan11_0210p_02102021_122b_1_RBC_multiple_CD61+_107.png,platelet
../prepare_data_source/revised_clusters/multi/chan2_0210p_02102021_122b_1_RBC_multiple_CD61+_108.png,../prepare_data_source/revised_clusters/multi/chan3_0210p_02102021_122b_1_RBC_multiple_CD61+_108.png,../prepare_data_source/revised_clusters/multi/chan7_0210p_02102021_122b_1_RBC_multiple_CD61+_108.png,../prepare_data_source/revised_clusters/multi/chan11_0210p_02102021_122b_1_RBC_multiple_CD61+_108.png,wbc platelet
../prepare_data_source/revised_clusters/multi/chan2_0210p_02102021_122b_1_RBC_multiple_CD61+_109.png,../prepare_data_source/revised_clusters/multi/chan3_0210p_02102021_122b_1_RBC_multiple_CD61+_109.png,../prepare_data_source/revised_clusters/multi/chan7_0210p_02102021_122b_1_RBC_multiple_CD61+_109.png,../prepare_data_source/revised_clusters/multi/chan11_0210p_02102021_122b_1_RBC_multiple_CD61+_109.png,wbc platelet
../prepare_data_source/revised_clusters/multi/chan2_0210p_02102021_122b_1_RBC_multiple_CD61+_11.png,../prepare_data_source/revised_clusters/multi/chan3_0210p_02102021_122b_1_RBC_multiple_CD61+_11.png,../prepare_data_source/revised_clusters/multi/chan7_0210p_02102021_122b_1_RBC_multiple_CD61+_11.png,../prepare_data_source/revised_clusters/multi/chan11_0210p_02102021_122b_1_RBC_multiple_CD61+_11.png,wbc platelet
../prepare_data_source/revised_clusters/multi/chan2_0210p_02102021_122b_1_RBC_multiple_CD61+_110.png,../prepare_data_source/revised_clusters/multi/chan3_0210p_02102021_122b_1_RBC_multiple_CD61+_110.png,../prepare_data_source/revised_clusters/multi/chan7_0210p_02102021_122b_1_RBC_multiple_CD61+_110.png,../prepare_data_source/revised_clusters/multi/chan11_0210p_02102021_122b_1_RBC_multiple_CD61+_110.png,wbc platelet
../prepare_data_source/revised_clusters/multi/chan2_0210p_02102021_122b_1_RBC_multiple_CD61+_111.png,../prepare_data_source/revised_clusters/multi/chan3_0210p_02102021_122b_1_RBC_multiple_CD61+_111.png,../prepare_data_source/revised_clusters/multi/chan7_0210p_02102021_122b_1_RBC_multiple_CD61+_111.png,../prepare_data_source/revised_clusters/multi/chan11_0210p_02102021_122b_1_RBC_multiple_CD61+_111.png,platelet
../prepare_data_source/revised_clusters/multi/chan2_0210p_02102021_122b_1_RBC_multiple_CD61+_112.png,../prepare_data_source/revised_clusters/multi/chan3_0210p_02102021_122b_1_RBC_multiple_CD61+_112.png,../prepare_data_source/revised_clusters/multi/chan7_0210p_02102021_122b_1_RBC_multiple_CD61+_112.png,../prepare_data_source/revised_clusters/multi/chan11_0210p_02102021_122b_1_RBC_multiple_CD61+_112.png,wbc platelet
../prepare_data_source/revised_clusters/multi/chan2_0210p_02102021_122b_1_RBC_multiple_CD61+_113.png,../prepare_data_source/revised_clusters/multi/chan3_0210p_02102021_122b_1_RBC_multiple_CD61+_113.png,../prepare_data_source/revised_clusters/multi/chan7_0210p_02102021_122b_1_RBC_multiple_CD61+_113.png,../prepare_data_source/revised_clusters/multi/chan11_0210p_02102021_122b_1_RBC_multiple_CD61+_113.png,wbc platelet
../prepare_data_source/revised_clusters/multi/chan2_0210p_02102021_122b_1_RBC_multiple_CD61+_114.png,../prepare_data_source/revised_clusters/multi/chan3_0210p_02102021_122b_1_RBC_multiple_CD61+_114.png,../prepare_data_source/revised_clusters/multi/chan7_0210p_02102021_122b_1_RBC_multiple_CD61+_114.png,../prepare_data_source/revised_clusters/multi/chan11_0210p_02102021_122b_1_RBC_multiple_CD61+_114.png,wbc platelet
../prepare_data_source/revised_clusters/multi/chan2_0210p_02102021_122b_1_RBC_multiple_CD61+_115.png,../prepare_data_source/revised_clusters/multi/chan3_0210p_02102021_122b_1_RBC_multiple_CD61+_115.png,../prepare_data_source/revised_clusters/multi/chan7_0210p_02102021_122b_1_RBC_multiple_CD61+_115.png,../prepare_data_source/revised_clusters/multi/chan11_0210p_02102021_122b_1_RBC_multiple_CD61+_115.png,wbc platelet
../prepare_data_source/revised_clusters/multi/chan2_0210p_02102021_122b_1_RBC_multiple_CD61+_116.png,../prepare_data_source/revised_clusters/multi/chan3_0210p_02102021_122b_1_RBC_multiple_CD61+_116.png,../prepare_data_source/revised_clusters/multi/chan7_0210p_02102021_122b_1_RBC_multiple_CD61+_116.png,../prepare_data_source/revised_clusters/multi/chan11_0210p_02102021_122b_1_RBC_multiple_CD61+_116.png,wbc platelet
../prepare_data_source/revised_clusters/multi/chan2_0210p_02102021_122b_1_RBC_multiple_CD61+_12.png,../prepare_data_source/revised_clusters/multi/chan3_0210p_02102021_122b_1_RBC_multiple_CD61+_12.png,../prepare_data_source/revised_clusters/multi/chan7_0210p_02102021_122b_1_RBC_multiple_CD61+_12.png,../prepare_data_source/revised_clusters/multi/chan11_0210p_02102021_122b_1_RBC_multiple_CD61+_12.png,platelet
../prepare_data_source/revised_clusters/multi/chan2_0210p_02102021_122b_1_RBC_multiple_CD61+_13.png,../prepare_data_source/revised_clusters/multi/chan3_0210p_02102021_122b_1_RBC_multiple_CD61+_13.png,../prepare_data_source/revised_clusters/multi/chan7_0210p_02102021_122b_1_RBC_multiple_CD61+_13.png,../prepare_data_source/revised_clusters/multi/chan11_0210p_02102021_122b_1_RBC_multiple_CD61+_13.png,wbc platelet
../prepare_data_source/revised_clusters/multi/chan2_0210p_02102021_122b_1_RBC_multiple_CD61+_14.png,../prepare_data_source/revised_clusters/multi/chan3_0210p_02102021_122b_1_RBC_multiple_CD61+_14.png,../prepare_data_source/revised_clusters/multi/chan7_0210p_02102021_122b_1_RBC_multiple_CD61+_14.png,../prepare_data_source/revised_clusters/multi/chan11_0210p_02102021_122b_1_RBC_multiple_CD61+_14.png,wbc
../prepare_data_source/revised_clusters/multi/chan2_0210p_02102021_122b_1_RBC_multiple_CD61+_15.png,../prepare_data_source/revised_clusters/multi/chan3_0210p_02102021_122b_1_RBC_multiple_CD61+_15.png,../prepare_data_source/revised_clusters/multi/chan7_0210p_02102021_122b_1_RBC_multiple_CD61+_15.png,../prepare_data_source/revised_clusters/multi/chan11_0210p_02102021_122b_1_RBC_multiple_CD61+_15.png,wbc platelet
../prepare_data_source/revised_clusters/multi/chan2_0210p_02102021_122b_1_RBC_multiple_CD61+_16.png,../prepare_data_source/revised_clusters/multi/chan3_0210p_02102021_122b_1_RBC_multiple_CD61+_16.png,../prepare_data_source/revised_clusters/multi/chan7_0210p_02102021_122b_1_RBC_multiple_CD61+_16.png,../prepare_data_source/revised_clusters/multi/chan11_0210p_02102021_122b_1_RBC_multiple_CD61+_16.png,wbc platelet
../prepare_data_source/revised_clusters/multi/chan2_0210p_02102021_122b_1_RBC_multiple_CD61+_17.png,../prepare_data_source/revised_clusters/multi/chan3_0210p_02102021_122b_1_RBC_multiple_CD61+_17.png,../prepare_data_source/revised_clusters/multi/chan7_0210p_02102021_122b_1_RBC_multiple_CD61+_17.png,../prepare_data_source/revised_clusters/multi/chan11_0210p_02102021_122b_1_RBC_multiple_CD61+_17.png,wbc
../prepare_data_source/revised_clusters/multi/chan2_0210p_02102021_122b_1_RBC_multiple_CD61+_18.png,../prepare_data_source/revised_clusters/multi/chan3_0210p_02102021_122b_1_RBC_multiple_CD61+_18.png,../prepare_data_source/revised_clusters/multi/chan7_0210p_02102021_122b_1_RBC_multiple_CD61+_18.png,../prepare_data_source/revised_clusters/multi/chan11_0210p_02102021_122b_1_RBC_multiple_CD61+_18.png,wbc platelet
../prepare_data_source/revised_clusters/multi/chan2_0210p_02102021_122b_1_RBC_multiple_CD61+_19.png,../prepare_data_source/revised_clusters/multi/chan3_0210p_02102021_122b_1_RBC_multiple_CD61+_19.png,../prepare_data_source/revised_clusters/multi/chan7_0210p_02102021_122b_1_RBC_multiple_CD61+_19.png,../prepare_data_source/revised_clusters/multi/chan11_0210p_02102021_122b_1_RBC_multiple_CD61+_19.png,wbc platelet
../prepare_data_source/revised_clusters/multi/chan2_0210p_02102021_122b_1_RBC_multiple_CD61+_2.png,../prepare_data_source/revised_clusters/multi/chan3_0210p_02102021_122b_1_RBC_multiple_CD61+_2.png,../prepare_data_source/revised_clusters/multi/chan7_0210p_02102021_122b_1_RBC_multiple_CD61+_2.png,../prepare_data_source/revised_clusters/multi/chan11_0210p_02102021_122b_1_RBC_multiple_CD61+_2.png,wbc platelet
../prepare_data_source/revised_clusters/multi/chan2_0210p_02102021_122b_1_RBC_multiple_CD61+_20.png,../prepare_data_source/revised_clusters/multi/chan3_0210p_02102021_122b_1_RBC_multiple_CD61+_20.png,../prepare_data_source/revised_clusters/multi/chan7_0210p_02102021_122b_1_RBC_multiple_CD61+_20.png,../prepare_data_source/revised_clusters/multi/chan11_0210p_02102021_122b_1_RBC_multiple_CD61+_20.png,wbc platelet
../prepare_data_source/revised_clusters/multi/chan2_0210p_02102021_122b_1_RBC_multiple_CD61+_21.png,../prepare_data_source/revised_clusters/multi/chan3_0210p_02102021_122b_1_RBC_multiple_CD61+_21.png,../prepare_data_source/revised_clusters/multi/chan7_0210p_02102021_122b_1_RBC_multiple_CD61+_21.png,../prepare_data_source/revised_clusters/multi/chan11_0210p_02102021_122b_1_RBC_multiple_CD61+_21.png,wbc platelet
../prepare_data_source/revised_clusters/multi/chan2_0210p_02102021_122b_1_RBC_multiple_CD61+_22.png,../prepare_data_source/revised_clusters/multi/chan3_0210p_02102021_122b_1_RBC_multiple_CD61+_22.png,../prepare_data_source/revised_clusters/multi/chan7_0210p_02102021_122b_1_RBC_multiple_CD61+_22.png,../prepare_data_source/revised_clusters/multi/chan11_0210p_02102021_122b_1_RBC_multiple_CD61+_22.png,wbc platelet
../prepare_data_source/revised_clusters/multi/chan2_0210p_02102021_122b_1_RBC_multiple_CD61+_23.png,../prepare_data_source/revised_clusters/multi/chan3_0210p_02102021_122b_1_RBC_multiple_CD61+_23.png,../prepare_data_source/revised_clusters/multi/chan7_0210p_02102021_122b_1_RBC_multiple_CD61+_23.png,../prepare_data_source/revised_clusters/multi/chan11_0210p_02102021_122b_1_RBC_multiple_CD61+_23.png,wbc platelet
../prepare_data_source/revised_clusters/multi/chan2_0210p_02102021_122b_1_RBC_multiple_CD61+_24.png,../prepare_data_source/revised_clusters/multi/chan3_0210p_02102021_122b_1_RBC_multiple_CD61+_24.png,../prepare_data_source/revised_clusters/multi/chan7_0210p_02102021_122b_1_RBC_multiple_CD61+_24.png,../prepare_data_source/revised_clusters/multi/chan11_0210p_02102021_122b_1_RBC_multiple_CD61+_24.png,wbc platelet
../prepare_data_source/revised_clusters/multi/chan2_0210p_02102021_122b_1_RBC_multiple_CD61+_25.png,../prepare_data_source/revised_clusters/multi/chan3_0210p_02102021_122b_1_RBC_multiple_CD61+_25.png,../prepare_data_source/revised_clusters/multi/chan7_0210p_02102021_122b_1_RBC_multiple_CD61+_25.png,../prepare_data_source/revised_clusters/multi/chan11_0210p_02102021_122b_1_RBC_multiple_CD61+_25.png,wbc platelet
../prepare_data_source/revised_clusters/multi/chan2_0210p_02102021_122b_1_RBC_multiple_CD61+_26.png,../prepare_data_source/revised_clusters/multi/chan3_0210p_02102021_122b_1_RBC_multiple_CD61+_26.png,../prepare_data_source/revised_clusters/multi/chan7_0210p_02102021_122b_1_RBC_multiple_CD61+_26.png,../prepare_data_source/revised_clusters/multi/chan11_0210p_02102021_122b_1_RBC_multiple_CD61+_26.png,platelet
../prepare_data_source/revised_clusters/multi/chan2_0210p_02102021_122b_1_RBC_multiple_CD61+_27.png,../prepare_data_source/revised_clusters/multi/chan3_0210p_02102021_122b_1_RBC_multiple_CD61+_27.png,../prepare_data_source/revised_clusters/multi/chan7_0210p_02102021_122b_1_RBC_multiple_CD61+_27.png,../prepare_data_source/revised_clusters/multi/chan11_0210p_02102021_122b_1_RBC_multiple_CD61+_27.png,wbc platelet
../prepare_data_source/revised_clusters/multi/chan2_0210p_02102021_122b_1_RBC_multiple_CD61+_28.png,../prepare_data_source/revised_clusters/multi/chan3_0210p_02102021_122b_1_RBC_multiple_CD61+_28.png,../prepare_data_source/revised_clusters/multi/chan7_0210p_02102021_122b_1_RBC_multiple_CD61+_28.png,../prepare_data_source/revised_clusters/multi/chan11_0210p_02102021_122b_1_RBC_multiple_CD61+_28.png,wbc platelet
../prepare_data_source/revised_clusters/multi/chan2_0210p_02102021_122b_1_RBC_multiple_CD61+_29.png,../prepare_data_source/revised_clusters/multi/chan3_0210p_02102021_122b_1_RBC_multiple_CD61+_29.png,../prepare_data_source/revised_clusters/multi/chan7_0210p_02102021_122b_1_RBC_multiple_CD61+_29.png,../prepare_data_source/revised_clusters/multi/chan11_0210p_02102021_122b_1_RBC_multiple_CD61+_29.png,platelet
../prepare_data_source/revised_clusters/multi/chan2_0210p_02102021_122b_1_RBC_multiple_CD61+_3.png,../prepare_data_source/revised_clusters/multi/chan3_0210p_02102021_122b_1_RBC_multiple_CD61+_3.png,../prepare_data_source/revised_clusters/multi/chan7_0210p_02102021_122b_1_RBC_multiple_CD61+_3.png,../prepare_data_source/revised_clusters/multi/chan11_0210p_02102021_122b_1_RBC_multiple_CD61+_3.png,wbc
../prepare_data_source/revised_clusters/multi/chan2_0210p_02102021_122b_1_RBC_multiple_CD61+_30.png,../prepare_data_source/revised_clusters/multi/chan3_0210p_02102021_122b_1_RBC_multiple_CD61+_30.png,../prepare_data_source/revised_clusters/multi/chan7_0210p_02102021_122b_1_RBC_multiple_CD61+_30.png,../prepare_data_source/revised_clusters/multi/chan11_0210p_02102021_122b_1_RBC_multiple_CD61+_30.png,wbc platelet
../prepare_data_source/revised_clusters/multi/chan2_0210p_02102021_122b_1_RBC_multiple_CD61+_31.png,../prepare_data_source/revised_clusters/multi/chan3_0210p_02102021_122b_1_RBC_multiple_CD61+_31.png,../prepare_data_source/revised_clusters/multi/chan7_0210p_02102021_122b_1_RBC_multiple_CD61+_31.png,../prepare_data_source/revised_clusters/multi/chan11_0210p_02102021_122b_1_RBC_multiple_CD61+_31.png,wbc platelet
../prepare_data_source/revised_clusters/multi/chan2_0210p_02102021_122b_1_RBC_multiple_CD61+_32.png,../prepare_data_source/revised_clusters/multi/chan3_0210p_02102021_122b_1_RBC_multiple_CD61+_32.png,../prepare_data_source/revised_clusters/multi/chan7_0210p_02102021_122b_1_RBC_multiple_CD61+_32.png,../prepare_data_source/revised_clusters/multi/chan11_0210p_02102021_122b_1_RBC_multiple_CD61+_32.png,wbc platelet
../prepare_data_source/revised_clusters/multi/chan2_0210p_02102021_122b_1_RBC_multiple_CD61+_33.png,../prepare_data_source/revised_clusters/multi/chan3_0210p_02102021_122b_1_RBC_multiple_CD61+_33.png,../prepare_data_source/revised_clusters/multi/chan7_0210p_02102021_122b_1_RBC_multiple_CD61+_33.png,../prepare_data_source/revised_clusters/multi/chan11_0210p_02102021_122b_1_RBC_multiple_CD61+_33.png,wbc platelet
../prepare_data_source/revised_clusters/multi/chan2_0210p_02102021_122b_1_RBC_multiple_CD61+_34.png,../prepare_data_source/revised_clusters/multi/chan3_0210p_02102021_122b_1_RBC_multiple_CD61+_34.png,../prepare_data_source/revised_clusters/multi/chan7_0210p_02102021_122b_1_RBC_multiple_CD61+_34.png,../prepare_data_source/revised_clusters/multi/chan11_0210p_02102021_122b_1_RBC_multiple_CD61+_34.png,wbc platelet
../prepare_data_source/revised_clusters/multi/chan2_0210p_02102021_122b_1_RBC_multiple_CD61+_35.png,../prepare_data_source/revised_clusters/multi/chan3_0210p_02102021_122b_1_RBC_multiple_CD61+_35.png,../prepare_data_source/revised_clusters/multi/chan7_0210p_02102021_122b_1_RBC_multiple_CD61+_35.png,../prepare_data_source/revised_clusters/multi/chan11_0210p_02102021_122b_1_RBC_multiple_CD61+_35.png,wbc platelet
../prepare_data_source/revised_clusters/multi/chan2_0210p_02102021_122b_1_RBC_multiple_CD61+_36.png,../prepare_data_source/revised_clusters/multi/chan3_0210p_02102021_122b_1_RBC_multiple_CD61+_36.png,../prepare_data_source/revised_clusters/multi/chan7_0210p_02102021_122b_1_RBC_multiple_CD61+_36.png,../prepare_data_source/revised_clusters/multi/chan11_0210p_02102021_122b_1_RBC_multiple_CD61+_36.png,platelet
../prepare_data_source/revised_clusters/multi/chan2_0210p_02102021_122b_1_RBC_multiple_CD61+_37.png,../prepare_data_source/revised_clusters/multi/chan3_0210p_02102021_122b_1_RBC_multiple_CD61+_37.png,../prepare_data_source/revised_clusters/multi/chan7_0210p_02102021_122b_1_RBC_multiple_CD61+_37.png,../prepare_data_source/revised_clusters/multi/chan11_0210p_02102021_122b_1_RBC_multiple_CD61+_37.png,wbc platelet
../prepare_data_source/revised_clusters/multi/chan2_0210p_02102021_122b_1_RBC_multiple_CD61+_38.png,../prepare_data_source/revised_clusters/multi/chan3_0210p_02102021_122b_1_RBC_multiple_CD61+_38.png,../prepare_data_source/revised_clusters/multi/chan7_0210p_02102021_122b_1_RBC_multiple_CD61+_38.png,../prepare_data_source/revised_clusters/multi/chan11_0210p_02102021_122b_1_RBC_multiple_CD61+_38.png,wbc platelet
../prepare_data_source/revised_clusters/multi/chan2_0210p_02102021_122b_1_RBC_multiple_CD61+_39.png,../prepare_data_source/revised_clusters/multi/chan3_0210p_02102021_122b_1_RBC_multiple_CD61+_39.png,../prepare_data_source/revised_clusters/multi/chan7_0210p_02102021_122b_1_RBC_multiple_CD61+_39.png,../prepare_data_source/revised_clusters/multi/chan11_0210p_02102021_122b_1_RBC_multiple_CD61+_39.png,wbc platelet
../prepare_data_source/revised_clusters/multi/chan2_0210p_02102021_122b_1_RBC_multiple_CD61+_4.png,../prepare_data_source/revised_clusters/multi/chan3_0210p_02102021_122b_1_RBC_multiple_CD61+_4.png,../prepare_data_source/revised_clusters/multi/chan7_0210p_02102021_122b_1_RBC_multiple_CD61+_4.png,../prepare_data_source/revised_clusters/multi/chan11_0210p_02102021_122b_1_RBC_multiple_CD61+_4.png,wbc
../prepare_data_source/revised_clusters/multi/chan2_0210p_02102021_122b_1_RBC_multiple_CD61+_40.png,../prepare_data_source/revised_clusters/multi/chan3_0210p_02102021_122b_1_RBC_multiple_CD61+_40.png,../prepare_data_source/revised_clusters/multi/chan7_0210p_02102021_122b_1_RBC_multiple_CD61+_40.png,../prepare_data_source/revised_clusters/multi/chan11_0210p_02102021_122b_1_RBC_multiple_CD61+_40.png,wbc platelet
../prepare_data_source/revised_clusters/multi/chan2_0210p_02102021_122b_1_RBC_multiple_CD61+_41.png,../prepare_data_source/revised_clusters/multi/chan3_0210p_02102021_122b_1_RBC_multiple_CD61+_41.png,../prepare_data_source/revised_clusters/multi/chan7_0210p_02102021_122b_1_RBC_multiple_CD61+_41.png,../prepare_data_source/revised_clusters/multi/chan11_0210p_02102021_122b_1_RBC_multiple_CD61+_41.png,platelet
../prepare_data_source/revised_clusters/multi/chan2_0210p_02102021_122b_1_RBC_multiple_CD61+_42.png,../prepare_data_source/revised_clusters/multi/chan3_0210p_02102021_122b_1_RBC_multiple_CD61+_42.png,../prepare_data_source/revised_clusters/multi/chan7_0210p_02102021_122b_1_RBC_multiple_CD61+_42.png,../prepare_data_source/revised_clusters/multi/chan11_0210p_02102021_122b_1_RBC_multiple_CD61+_42.png,wbc platelet
../prepare_data_source/revised_clusters/multi/chan2_0210p_02102021_122b_1_RBC_multiple_CD61+_43.png,../prepare_data_source/revised_clusters/multi/chan3_0210p_02102021_122b_1_RBC_multiple_CD61+_43.png,../prepare_data_source/revised_clusters/multi/chan7_0210p_02102021_122b_1_RBC_multiple_CD61+_43.png,../prepare_data_source/revised_clusters/multi/chan11_0210p_02102021_122b_1_RBC_multiple_CD61+_43.png,wbc platelet
../prepare_data_source/revised_clusters/multi/chan2_0210p_02102021_122b_1_RBC_multiple_CD61+_44.png,../prepare_data_source/revised_clusters/multi/chan3_0210p_02102021_122b_1_RBC_multiple_CD61+_44.png,../prepare_data_source/revised_clusters/multi/chan7_0210p_02102021_122b_1_RBC_multiple_CD61+_44.png,../prepare_data_source/revised_clusters/multi/chan11_0210p_02102021_122b_1_RBC_multiple_CD61+_44.png,wbc platelet
../prepare_data_source/revised_clusters/multi/chan2_0210p_02102021_122b_1_RBC_multiple_CD61+_45.png,../prepare_data_source/revised_clusters/multi/chan3_0210p_02102021_122b_1_RBC_multiple_CD61+_45.png,../prepare_data_source/revised_clusters/multi/chan7_0210p_02102021_122b_1_RBC_multiple_CD61+_45.png,../prepare_data_source/revised_clusters/multi/chan11_0210p_02102021_122b_1_RBC_multiple_CD61+_45.png,wbc platelet
../prepare_data_source/revised_clusters/multi/chan2_0210p_02102021_122b_1_RBC_multiple_CD61+_46.png,../prepare_data_source/revised_clusters/multi/chan3_0210p_02102021_122b_1_RBC_multiple_CD61+_46.png,../prepare_data_source/revised_clusters/multi/chan7_0210p_02102021_122b_1_RBC_multiple_CD61+_46.png,../prepare_data_source/revised_clusters/multi/chan11_0210p_02102021_122b_1_RBC_multiple_CD61+_46.png,wbc platelet
../prepare_data_source/revised_clusters/multi/chan2_0210p_02102021_122b_1_RBC_multiple_CD61+_47.png,../prepare_data_source/revised_clusters/multi/chan3_0210p_02102021_122b_1_RBC_multiple_CD61+_47.png,../prepare_data_source/revised_clusters/multi/chan7_0210p_02102021_122b_1_RBC_multiple_CD61+_47.png,../prepare_data_source/revised_clusters/multi/chan11_0210p_02102021_122b_1_RBC_multiple_CD61+_47.png,wbc platelet
../prepare_data_source/revised_clusters/multi/chan2_0210p_02102021_122b_1_RBC_multiple_CD61+_48.png,../prepare_data_source/revised_clusters/multi/chan3_0210p_02102021_122b_1_RBC_multiple_CD61+_48.png,../prepare_data_source/revised_clusters/multi/chan7_0210p_02102021_122b_1_RBC_multiple_CD61+_48.png,../prepare_data_source/revised_clusters/multi/chan11_0210p_02102021_122b_1_RBC_multiple_CD61+_48.png,wbc platelet
../prepare_data_source/revised_clusters/multi/chan2_0210p_02102021_122b_1_RBC_multiple_CD61+_49.png,../prepare_data_source/revised_clusters/multi/chan3_0210p_02102021_122b_1_RBC_multiple_CD61+_49.png,../prepare_data_source/revised_clusters/multi/chan7_0210p_02102021_122b_1_RBC_multiple_CD61+_49.png,../prepare_data_source/revised_clusters/multi/chan11_0210p_02102021_122b_1_RBC_multiple_CD61+_49.png,wbc platelet
../prepare_data_source/revised_clusters/multi/chan2_0210p_02102021_122b_1_RBC_multiple_CD61+_5.png,../prepare_data_source/revised_clusters/multi/chan3_0210p_02102021_122b_1_RBC_multiple_CD61+_5.png,../prepare_data_source/revised_clusters/multi/chan7_0210p_02102021_122b_1_RBC_multiple_CD61+_5.png,../prepare_data_source/revised_clusters/multi/chan11_0210p_02102021_122b_1_RBC_multiple_CD61+_5.png,wbc platelet
../prepare_data_source/revised_clusters/multi/chan2_0210p_02102021_122b_1_RBC_multiple_CD61+_50.png,../prepare_data_source/revised_clusters/multi/chan3_0210p_02102021_122b_1_RBC_multiple_CD61+_50.png,../prepare_data_source/revised_clusters/multi/chan7_0210p_02102021_122b_1_RBC_multiple_CD61+_50.png,../prepare_data_source/revised_clusters/multi/chan11_0210p_02102021_122b_1_RBC_multiple_CD61+_50.png,wbc platelet
../prepare_data_source/revised_clusters/multi/chan2_0210p_02102021_122b_1_RBC_multiple_CD61+_51.png,../prepare_data_source/revised_clusters/multi/chan3_0210p_02102021_122b_1_RBC_multiple_CD61+_51.png,../prepare_data_source/revised_clusters/multi/chan7_0210p_02102021_122b_1_RBC_multiple_CD61+_51.png,../prepare_data_source/revised_clusters/multi/chan11_0210p_02102021_122b_1_RBC_multiple_CD61+_51.png,wbc platelet
../prepare_data_source/revised_clusters/multi/chan2_0210p_02102021_122b_1_RBC_multiple_CD61+_52.png,../prepare_data_source/revised_clusters/multi/chan3_0210p_02102021_122b_1_RBC_multiple_CD61+_52.png,../prepare_data_source/revised_clusters/multi/chan7_0210p_02102021_122b_1_RBC_multiple_CD61+_52.png,../prepare_data_source/revised_clusters/multi/chan11_0210p_02102021_122b_1_RBC_multiple_CD61+_52.png,wbc platelet
../prepare_data_source/revised_clusters/multi/chan2_0210p_02102021_122b_1_RBC_multiple_CD61+_53.png,../prepare_data_source/revised_clusters/multi/chan3_0210p_02102021_122b_1_RBC_multiple_CD61+_53.png,../prepare_data_source/revised_clusters/multi/chan7_0210p_02102021_122b_1_RBC_multiple_CD61+_53.png,../prepare_data_source/revised_clusters/multi/chan11_0210p_02102021_122b_1_RBC_multiple_CD61+_53.png,wbc platelet
../prepare_data_source/revised_clusters/multi/chan2_0210p_02102021_122b_1_RBC_multiple_CD61+_54.png,../prepare_data_source/revised_clusters/multi/chan3_0210p_02102021_122b_1_RBC_multiple_CD61+_54.png,../prepare_data_source/revised_clusters/multi/chan7_0210p_02102021_122b_1_RBC_multiple_CD61+_54.png,../prepare_data_source/revised_clusters/multi/chan11_0210p_02102021_122b_1_RBC_multiple_CD61+_54.png,wbc platelet
../prepare_data_source/revised_clusters/multi/chan2_0210p_02102021_122b_1_RBC_multiple_CD61+_55.png,../prepare_data_source/revised_clusters/multi/chan3_0210p_02102021_122b_1_RBC_multiple_CD61+_55.png,../prepare_data_source/revised_clusters/multi/chan7_0210p_02102021_122b_1_RBC_multiple_CD61+_55.png,../prepare_data_source/revised_clusters/multi/chan11_0210p_02102021_122b_1_RBC_multiple_CD61+_55.png,wbc platelet
../prepare_data_source/revised_clusters/multi/chan2_0210p_02102021_122b_1_RBC_multiple_CD61+_56.png,../prepare_data_source/revised_clusters/multi/chan3_0210p_02102021_122b_1_RBC_multiple_CD61+_56.png,../prepare_data_source/revised_clusters/multi/chan7_0210p_02102021_122b_1_RBC_multiple_CD61+_56.png,../prepare_data_source/revised_clusters/multi/chan11_0210p_02102021_122b_1_RBC_multiple_CD61+_56.png,wbc platelet
../prepare_data_source/revised_clusters/multi/chan2_0210p_02102021_122b_1_RBC_multiple_CD61+_57.png,../prepare_data_source/revised_clusters/multi/chan3_0210p_02102021_122b_1_RBC_multiple_CD61+_57.png,../prepare_data_source/revised_clusters/multi/chan7_0210p_02102021_122b_1_RBC_multiple_CD61+_57.png,../prepare_data_source/revised_clusters/multi/chan11_0210p_02102021_122b_1_RBC_multiple_CD61+_57.png,wbc platelet
../prepare_data_source/revised_clusters/multi/chan2_0210p_02102021_122b_1_RBC_multiple_CD61+_58.png,../prepare_data_source/revised_clusters/multi/chan3_0210p_02102021_122b_1_RBC_multiple_CD61+_58.png,../prepare_data_source/revised_clusters/multi/chan7_0210p_02102021_122b_1_RBC_multiple_CD61+_58.png,../prepare_data_source/revised_clusters/multi/chan11_0210p_02102021_122b_1_RBC_multiple_CD61+_58.png,wbc platelet
../prepare_data_source/revised_clusters/multi/chan2_0210p_02102021_122b_1_RBC_multiple_CD61+_59.png,../prepare_data_source/revised_clusters/multi/chan3_0210p_02102021_122b_1_RBC_multiple_CD61+_59.png,../prepare_data_source/revised_clusters/multi/chan7_0210p_02102021_122b_1_RBC_multiple_CD61+_59.png,../prepare_data_source/revised_clusters/multi/chan11_0210p_02102021_122b_1_RBC_multiple_CD61+_59.png,wbc platelet
../prepare_data_source/revised_clusters/multi/chan2_0210p_02102021_122b_1_RBC_multiple_CD61+_6.png,../prepare_data_source/revised_clusters/multi/chan3_0210p_02102021_122b_1_RBC_multiple_CD61+_6.png,../prepare_data_source/revised_clusters/multi/chan7_0210p_02102021_122b_1_RBC_multiple_CD61+_6.png,../prepare_data_source/revised_clusters/multi/chan11_0210p_02102021_122b_1_RBC_multiple_CD61+_6.png,rbc
../prepare_data_source/revised_clusters/multi/chan2_0210p_02102021_122b_1_RBC_multiple_CD61+_60.png,../prepare_data_source/revised_clusters/multi/chan3_0210p_02102021_122b_1_RBC_multiple_CD61+_60.png,../prepare_data_source/revised_clusters/multi/chan7_0210p_02102021_122b_1_RBC_multiple_CD61+_60.png,../prepare_data_source/revised_clusters/multi/chan11_0210p_02102021_122b_1_RBC_multiple_CD61+_60.png,wbc platelet
../prepare_data_source/revised_clusters/multi/chan2_0210p_02102021_122b_1_RBC_multiple_CD61+_61.png,../prepare_data_source/revised_clusters/multi/chan3_0210p_02102021_122b_1_RBC_multiple_CD61+_61.png,../prepare_data_source/revised_clusters/multi/chan7_0210p_02102021_122b_1_RBC_multiple_CD61+_61.png,../prepare_data_source/revised_clusters/multi/chan11_0210p_02102021_122b_1_RBC_multiple_CD61+_61.png,platelet
../prepare_data_source/revised_clusters/multi/chan2_0210p_02102021_122b_1_RBC_multiple_CD61+_62.png,../prepare_data_source/revised_clusters/multi/chan3_0210p_02102021_122b_1_RBC_multiple_CD61+_62.png,../prepare_data_source/revised_clusters/multi/chan7_0210p_02102021_122b_1_RBC_multiple_CD61+_62.png,../prepare_data_source/revised_clusters/multi/chan11_0210p_02102021_122b_1_RBC_multiple_CD61+_62.png,wbc platelet
../prepare_data_source/revised_clusters/multi/chan2_0210p_02102021_122b_1_RBC_multiple_CD61+_63.png,../prepare_data_source/revised_clusters/multi/chan3_0210p_02102021_122b_1_RBC_multiple_CD61+_63.png,../prepare_data_source/revised_clusters/multi/chan7_0210p_02102021_122b_1_RBC_multiple_CD61+_63.png,../prepare_data_source/revised_clusters/multi/chan11_0210p_02102021_122b_1_RBC_multiple_CD61+_63.png,wbc platelet
../prepare_data_source/revised_clusters/multi/chan2_0210p_02102021_122b_1_RBC_multiple_CD61+_64.png,../prepare_data_source/revised_clusters/multi/chan3_0210p_02102021_122b_1_RBC_multiple_CD61+_64.png,../prepare_data_source/revised_clusters/multi/chan7_0210p_02102021_122b_1_RBC_multiple_CD61+_64.png,../prepare_data_source/revised_clusters/multi/chan11_0210p_02102021_122b_1_RBC_multiple_CD61+_64.png,wbc platelet
../prepare_data_source/revised_clusters/multi/chan2_0210p_02102021_122b_1_RBC_multiple_CD61+_65.png,../prepare_data_source/revised_clusters/multi/chan3_0210p_02102021_122b_1_RBC_multiple_CD61+_65.png,../prepare_data_source/revised_clusters/multi/chan7_0210p_02102021_122b_1_RBC_multiple_CD61+_65.png,../prepare_data_source/revised_clusters/multi/chan11_0210p_02102021_122b_1_RBC_multiple_CD61+_65.png,wbc platelet
../prepare_data_source/revised_clusters/multi/chan2_0210p_02102021_122b_1_RBC_multiple_CD61+_66.png,../prepare_data_source/revised_clusters/multi/chan3_0210p_02102021_122b_1_RBC_multiple_CD61+_66.png,../prepare_data_source/revised_clusters/multi/chan7_0210p_02102021_122b_1_RBC_multiple_CD61+_66.png,../prepare_data_source/revised_clusters/multi/chan11_0210p_02102021_122b_1_RBC_multiple_CD61+_66.png,platelet
../prepare_data_source/revised_clusters/multi/chan2_0210p_02102021_122b_1_RBC_multiple_CD61+_67.png,../prepare_data_source/revised_clusters/multi/chan3_0210p_02102021_122b_1_RBC_multiple_CD61+_67.png,../prepare_data_source/revised_clusters/multi/chan7_0210p_02102021_122b_1_RBC_multiple_CD61+_67.png,../prepare_data_source/revised_clusters/multi/chan11_0210p_02102021_122b_1_RBC_multiple_CD61+_67.png,wbc platelet
../prepare_data_source/revised_clusters/multi/chan2_0210p_02102021_122b_1_RBC_multiple_CD61+_68.png,../prepare_data_source/revised_clusters/multi/chan3_0210p_02102021_122b_1_RBC_multiple_CD61+_68.png,../prepare_data_source/revised_clusters/multi/chan7_0210p_02102021_122b_1_RBC_multiple_CD61+_68.png,../prepare_data_source/revised_clusters/multi/chan11_0210p_02102021_122b_1_RBC_multiple_CD61+_68.png,wbc platelet
../prepare_data_source/revised_clusters/multi/chan2_0210p_02102021_122b_1_RBC_multiple_CD61+_69.png,../prepare_data_source/revised_clusters/multi/chan3_0210p_02102021_122b_1_RBC_multiple_CD61+_69.png,../prepare_data_source/revised_clusters/multi/chan7_0210p_02102021_122b_1_RBC_multiple_CD61+_69.png,../prepare_data_source/revised_clusters/multi/chan11_0210p_02102021_122b_1_RBC_multiple_CD61+_69.png,wbc platelet
../prepare_data_source/revised_clusters/multi/chan2_0210p_02102021_122b_1_RBC_multiple_CD61+_7.png,../prepare_data_source/revised_clusters/multi/chan3_0210p_02102021_122b_1_RBC_multiple_CD61+_7.png,../prepare_data_source/revised_clusters/multi/chan7_0210p_02102021_122b_1_RBC_multiple_CD61+_7.png,../prepare_data_source/revised_clusters/multi/chan11_0210p_02102021_122b_1_RBC_multiple_CD61+_7.png,wbc
../prepare_data_source/revised_clusters/multi/chan2_0210p_02102021_122b_1_RBC_multiple_CD61+_70.png,../prepare_data_source/revised_clusters/multi/chan3_0210p_02102021_122b_1_RBC_multiple_CD61+_70.png,../prepare_data_source/revised_clusters/multi/chan7_0210p_02102021_122b_1_RBC_multiple_CD61+_70.png,../prepare_data_source/revised_clusters/multi/chan11_0210p_02102021_122b_1_RBC_multiple_CD61+_70.png,rbc
../prepare_data_source/revised_clusters/multi/chan2_0210p_02102021_122b_1_RBC_multiple_CD61+_71.png,../prepare_data_source/revised_clusters/multi/chan3_0210p_02102021_122b_1_RBC_multiple_CD61+_71.png,../prepare_data_source/revised_clusters/multi/chan7_0210p_02102021_122b_1_RBC_multiple_CD61+_71.png,../prepare_data_source/revised_clusters/multi/chan11_0210p_02102021_122b_1_RBC_multiple_CD61+_71.png,wbc platelet
../prepare_data_source/revised_clusters/multi/chan2_0210p_02102021_122b_1_RBC_multiple_CD61+_72.png,../prepare_data_source/revised_clusters/multi/chan3_0210p_02102021_122b_1_RBC_multiple_CD61+_72.png,../prepare_data_source/revised_clusters/multi/chan7_0210p_02102021_122b_1_RBC_multiple_CD61+_72.png,../prepare_data_source/revised_clusters/multi/chan11_0210p_02102021_122b_1_RBC_multiple_CD61+_72.png,wbc platelet
../prepare_data_source/revised_clusters/multi/chan2_0210p_02102021_122b_1_RBC_multiple_CD61+_73.png,../prepare_data_source/revised_clusters/multi/chan3_0210p_02102021_122b_1_RBC_multiple_CD61+_73.png,../prepare_data_source/revised_clusters/multi/chan7_0210p_02102021_122b_1_RBC_multiple_CD61+_73.png,../prepare_data_source/revised_clusters/multi/chan11_0210p_02102021_122b_1_RBC_multiple_CD61+_73.png,wbc platelet
../prepare_data_source/revised_clusters/multi/chan2_0210p_02102021_122b_1_RBC_multiple_CD61+_74.png,../prepare_data_source/revised_clusters/multi/chan3_0210p_02102021_122b_1_RBC_multiple_CD61+_74.png,../prepare_data_source/revised_clusters/multi/chan7_0210p_02102021_122b_1_RBC_multiple_CD61+_74.png,../prepare_data_source/revised_clusters/multi/chan11_0210p_02102021_122b_1_RBC_multiple_CD61+_74.png,wbc platelet
../prepare_data_source/revised_clusters/multi/chan2_0210p_02102021_122b_1_RBC_multiple_CD61+_75.png,../prepare_data_source/revised_clusters/multi/chan3_0210p_02102021_122b_1_RBC_multiple_CD61+_75.png,../prepare_data_source/revised_clusters/multi/chan7_0210p_02102021_122b_1_RBC_multiple_CD61+_75.png,../prepare_data_source/revised_clusters/multi/chan11_0210p_02102021_122b_1_RBC_multiple_CD61+_75.png,wbc platelet
../prepare_data_source/revised_clusters/multi/chan2_0210p_02102021_122b_1_RBC_multiple_CD61+_76.png,../prepare_data_source/revised_clusters/multi/chan3_0210p_02102021_122b_1_RBC_multiple_CD61+_76.png,../prepare_data_source/revised_clusters/multi/chan7_0210p_02102021_122b_1_RBC_multiple_CD61+_76.png,../prepare_data_source/revised_clusters/multi/chan11_0210p_02102021_122b_1_RBC_multiple_CD61+_76.png,wbc platelet
../prepare_data_source/revised_clusters/multi/chan2_0210p_02102021_122b_1_RBC_multiple_CD61+_77.png,../prepare_data_source/revised_clusters/multi/chan3_0210p_02102021_122b_1_RBC_multiple_CD61+_77.png,../prepare_data_source/revised_clusters/multi/chan7_0210p_02102021_122b_1_RBC_multiple_CD61+_77.png,../prepare_data_source/revised_clusters/multi/chan11_0210p_02102021_122b_1_RBC_multiple_CD61+_77.png,wbc platelet
../prepare_data_source/revised_clusters/multi/chan2_0210p_02102021_122b_1_RBC_multiple_CD61+_78.png,../prepare_data_source/revised_clusters/multi/chan3_0210p_02102021_122b_1_RBC_multiple_CD61+_78.png,../prepare_data_source/revised_clusters/multi/chan7_0210p_02102021_122b_1_RBC_multiple_CD61+_78.png,../prepare_data_source/revised_clusters/multi/chan11_0210p_02102021_122b_1_RBC_multiple_CD61+_78.png,wbc platelet
../prepare_data_source/revised_clusters/multi/chan2_0210p_02102021_122b_1_RBC_multiple_CD61+_79.png,../prepare_data_source/revised_clusters/multi/chan3_0210p_02102021_122b_1_RBC_multiple_CD61+_79.png,../prepare_data_source/revised_clusters/multi/chan7_0210p_02102021_122b_1_RBC_multiple_CD61+_79.png,../prepare_data_source/revised_clusters/multi/chan11_0210p_02102021_122b_1_RBC_multiple_CD61+_79.png,wbc platelet
../prepare_data_source/revised_clusters/multi/chan2_0210p_02102021_122b_1_RBC_multiple_CD61+_8.png,../prepare_data_source/revised_clusters/multi/chan3_0210p_02102021_122b_1_RBC_multiple_CD61+_8.png,../prepare_data_source/revised_clusters/multi/chan7_0210p_02102021_122b_1_RBC_multiple_CD61+_8.png,../prepare_data_source/revised_clusters/multi/chan11_0210p_02102021_122b_1_RBC_multiple_CD61+_8.png,wbc platelet
../prepare_data_source/revised_clusters/multi/chan2_0210p_02102021_122b_1_RBC_multiple_CD61+_80.png,../prepare_data_source/revised_clusters/multi/chan3_0210p_02102021_122b_1_RBC_multiple_CD61+_80.png,../prepare_data_source/revised_clusters/multi/chan7_0210p_02102021_122b_1_RBC_multiple_CD61+_80.png,../prepare_data_source/revised_clusters/multi/chan11_0210p_02102021_122b_1_RBC_multiple_CD61+_80.png,wbc platelet
../prepare_data_source/revised_clusters/multi/chan2_0210p_02102021_122b_1_RBC_multiple_CD61+_81.png,../prepare_data_source/revised_clusters/multi/chan3_0210p_02102021_122b_1_RBC_multiple_CD61+_81.png,../prepare_data_source/revised_clusters/multi/chan7_0210p_02102021_122b_1_RBC_multiple_CD61+_81.png,../prepare_data_source/revised_clusters/multi/chan11_0210p_02102021_122b_1_RBC_multiple_CD61+_81.png,wbc platelet
../prepare_data_source/revised_clusters/multi/chan2_0210p_02102021_122b_1_RBC_multiple_CD61+_82.png,../prepare_data_source/revised_clusters/multi/chan3_0210p_02102021_122b_1_RBC_multiple_CD61+_82.png,../prepare_data_source/revised_clusters/multi/chan7_0210p_02102021_122b_1_RBC_multiple_CD61+_82.png,../prepare_data_source/revised_clusters/multi/chan11_0210p_02102021_122b_1_RBC_multiple_CD61+_82.png,wbc platelet
../prepare_data_source/revised_clusters/multi/chan2_0210p_02102021_122b_1_RBC_multiple_CD61+_83.png,../prepare_data_source/revised_clusters/multi/chan3_0210p_02102021_122b_1_RBC_multiple_CD61+_83.png,../prepare_data_source/revised_clusters/multi/chan7_0210p_02102021_122b_1_RBC_multiple_CD61+_83.png,../prepare_data_source/revised_clusters/multi/chan11_0210p_02102021_122b_1_RBC_multiple_CD61+_83.png,platelet
../prepare_data_source/revised_clusters/multi/chan2_0210p_02102021_122b_1_RBC_multiple_CD61+_84.png,../prepare_data_source/revised_clusters/multi/chan3_0210p_02102021_122b_1_RBC_multiple_CD61+_84.png,../prepare_data_source/revised_clusters/multi/chan7_0210p_02102021_122b_1_RBC_multiple_CD61+_84.png,../prepare_data_source/revised_clusters/multi/chan11_0210p_02102021_122b_1_RBC_multiple_CD61+_84.png,wbc platelet
../prepare_data_source/revised_clusters/multi/chan2_0210p_02102021_122b_1_RBC_multiple_CD61+_85.png,../prepare_data_source/revised_clusters/multi/chan3_0210p_02102021_122b_1_RBC_multiple_CD61+_85.png,../prepare_data_source/revised_clusters/multi/chan7_0210p_02102021_122b_1_RBC_multiple_CD61+_85.png,../prepare_data_source/revised_clusters/multi/chan11_0210p_02102021_122b_1_RBC_multiple_CD61+_85.png,wbc platelet
../prepare_data_source/revised_clusters/multi/chan2_0210p_02102021_122b_1_RBC_multiple_CD61+_86.png,../prepare_data_source/revised_clusters/multi/chan3_0210p_02102021_122b_1_RBC_multiple_CD61+_86.png,../prepare_data_source/revised_clusters/multi/chan7_0210p_02102021_122b_1_RBC_multiple_CD61+_86.png,../prepare_data_source/revised_clusters/multi/chan11_0210p_02102021_122b_1_RBC_multiple_CD61+_86.png,wbc platelet
../prepare_data_source/revised_clusters/multi/chan2_0210p_02102021_122b_1_RBC_multiple_CD61+_87.png,../prepare_data_source/revised_clusters/multi/chan3_0210p_02102021_122b_1_RBC_multiple_CD61+_87.png,../prepare_data_source/revised_clusters/multi/chan7_0210p_02102021_122b_1_RBC_multiple_CD61+_87.png,../prepare_data_source/revised_clusters/multi/chan11_0210p_02102021_122b_1_RBC_multiple_CD61+_87.png,wbc platelet
../prepare_data_source/revised_clusters/multi/chan2_0210p_02102021_122b_1_RBC_multiple_CD61+_88.png,../prepare_data_source/revised_clusters/multi/chan3_0210p_02102021_122b_1_RBC_multiple_CD61+_88.png,../prepare_data_source/revised_clusters/multi/chan7_0210p_02102021_122b_1_RBC_multiple_CD61+_88.png,../prepare_data_source/revised_clusters/multi/chan11_0210p_02102021_122b_1_RBC_multiple_CD61+_88.png,wbc platelet
../prepare_data_source/revised_clusters/multi/chan2_0210p_02102021_122b_1_RBC_multiple_CD61+_89.png,../prepare_data_source/revised_clusters/multi/chan3_0210p_02102021_122b_1_RBC_multiple_CD61+_89.png,../prepare_data_source/revised_clusters/multi/chan7_0210p_02102021_122b_1_RBC_multiple_CD61+_89.png,../prepare_data_source/revised_clusters/multi/chan11_0210p_02102021_122b_1_RBC_multiple_CD61+_89.png,platelet
../prepare_data_source/revised_clusters/multi/chan2_0210p_02102021_122b_1_RBC_multiple_CD61+_9.png,../prepare_data_source/revised_clusters/multi/chan3_0210p_02102021_122b_1_RBC_multiple_CD61+_9.png,../prepare_data_source/revised_clusters/multi/chan7_0210p_02102021_122b_1_RBC_multiple_CD61+_9.png,../prepare_data_source/revised_clusters/multi/chan11_0210p_02102021_122b_1_RBC_multiple_CD61+_9.png,wbc
../prepare_data_source/revised_clusters/multi/chan2_0210p_02102021_122b_1_RBC_multiple_CD61+_90.png,../prepare_data_source/revised_clusters/multi/chan3_0210p_02102021_122b_1_RBC_multiple_CD61+_90.png,../prepare_data_source/revised_clusters/multi/chan7_0210p_02102021_122b_1_RBC_multiple_CD61+_90.png,../prepare_data_source/revised_clusters/multi/chan11_0210p_02102021_122b_1_RBC_multiple_CD61+_90.png,wbc platelet
../prepare_data_source/revised_clusters/multi/chan2_0210p_02102021_122b_1_RBC_multiple_CD61+_91.png,../prepare_data_source/revised_clusters/multi/chan3_0210p_02102021_122b_1_RBC_multiple_CD61+_91.png,../prepare_data_source/revised_clusters/multi/chan7_0210p_02102021_122b_1_RBC_multiple_CD61+_91.png,../prepare_data_source/revised_clusters/multi/chan11_0210p_02102021_122b_1_RBC_multiple_CD61+_91.png,wbc platelet
../prepare_data_source/revised_clusters/multi/chan2_0210p_02102021_122b_1_RBC_multiple_CD61+_92.png,../prepare_data_source/revised_clusters/multi/chan3_0210p_02102021_122b_1_RBC_multiple_CD61+_92.png,../prepare_data_source/revised_clusters/multi/chan7_0210p_02102021_122b_1_RBC_multiple_CD61+_92.png,../prepare_data_source/revised_clusters/multi/chan11_0210p_02102021_122b_1_RBC_multiple_CD61+_92.png,wbc platelet
../prepare_data_source/revised_clusters/multi/chan2_0210p_02102021_122b_1_RBC_multiple_CD61+_93.png,../prepare_data_source/revised_clusters/multi/chan3_0210p_02102021_122b_1_RBC_multiple_CD61+_93.png,../prepare_data_source/revised_clusters/multi/chan7_0210p_02102021_122b_1_RBC_multiple_CD61+_93.png,../prepare_data_source/revised_clusters/multi/chan11_0210p_02102021_122b_1_RBC_multiple_CD61+_93.png,wbc
../prepare_data_source/revised_clusters/multi/chan2_0210p_02102021_122b_1_RBC_multiple_CD61+_94.png,../prepare_data_source/revised_clusters/multi/chan3_0210p_02102021_122b_1_RBC_multiple_CD61+_94.png,../prepare_data_source/revised_clusters/multi/chan7_0210p_02102021_122b_1_RBC_multiple_CD61+_94.png,../prepare_data_source/revised_clusters/multi/chan11_0210p_02102021_122b_1_RBC_multiple_CD61+_94.png,platelet
../prepare_data_source/revised_clusters/multi/chan2_0210p_02102021_122b_1_RBC_multiple_CD61+_95.png,../prepare_data_source/revised_clusters/multi/chan3_0210p_02102021_122b_1_RBC_multiple_CD61+_95.png,../prepare_data_source/revised_clusters/multi/chan7_0210p_02102021_122b_1_RBC_multiple_CD61+_95.png,../prepare_data_source/revised_clusters/multi/chan11_0210p_02102021_122b_1_RBC_multiple_CD61+_95.png,wbc platelet
../prepare_data_source/revised_clusters/multi/chan2_0210p_02102021_122b_1_RBC_multiple_CD61+_96.png,../prepare_data_source/revised_clusters/multi/chan3_0210p_02102021_122b_1_RBC_multiple_CD61+_96.png,../prepare_data_source/revised_clusters/multi/chan7_0210p_02102021_122b_1_RBC_multiple_CD61+_96.png,../prepare_data_source/revised_clusters/multi/chan11_0210p_02102021_122b_1_RBC_multiple_CD61+_96.png,wbc platelet
../prepare_data_source/revised_clusters/multi/chan2_0210p_02102021_122b_1_RBC_multiple_CD61+_97.png,../prepare_data_source/revised_clusters/multi/chan3_0210p_02102021_122b_1_RBC_multiple_CD61+_97.png,../prepare_data_source/revised_clusters/multi/chan7_0210p_02102021_122b_1_RBC_multiple_CD61+_97.png,../prepare_data_source/revised_clusters/multi/chan11_0210p_02102021_122b_1_RBC_multiple_CD61+_97.png,wbc platelet
../prepare_data_source/revised_clusters/multi/chan2_0210p_02102021_122b_1_RBC_multiple_CD61+_98.png,../prepare_data_source/revised_clusters/multi/chan3_0210p_02102021_122b_1_RBC_multiple_CD61+_98.png,../prepare_data_source/revised_clusters/multi/chan7_0210p_02102021_122b_1_RBC_multiple_CD61+_98.png,../prepare_data_source/revised_clusters/multi/chan11_0210p_02102021_122b_1_RBC_multiple_CD61+_98.png,wbc platelet
../prepare_data_source/revised_clusters/multi/chan2_0210p_02102021_122b_1_RBC_multiple_CD61+_99.png,../prepare_data_source/revised_clusters/multi/chan3_0210p_02102021_122b_1_RBC_multiple_CD61+_99.png,../prepare_data_source/revised_clusters/multi/chan7_0210p_02102021_122b_1_RBC_multiple_CD61+_99.png,../prepare_data_source/revised_clusters/multi/chan11_0210p_02102021_122b_1_RBC_multiple_CD61+_99.png,wbc platelet
../prepare_data_source/revised_clusters/multi/chan2_0210p_02102021_128b_5_DAPI+cells_1.png,../prepare_data_source/revised_clusters/multi/chan3_0210p_02102021_128b_5_DAPI+cells_1.png,../prepare_data_source/revised_clusters/multi/chan7_0210p_02102021_128b_5_DAPI+cells_1.png,../prepare_data_source/revised_clusters/multi/chan11_0210p_02102021_128b_5_DAPI+cells_1.png,wbc platelet
../prepare_data_source/revised_clusters/multi/chan2_0210p_02102021_128b_5_DAPI+cells_38.png,../prepare_data_source/revised_clusters/multi/chan3_0210p_02102021_128b_5_DAPI+cells_38.png,../prepare_data_source/revised_clusters/multi/chan7_0210p_02102021_128b_5_DAPI+cells_38.png,../prepare_data_source/revised_clusters/multi/chan11_0210p_02102021_128b_5_DAPI+cells_38.png,wbc platelet
../prepare_data_source/revised_clusters/multi/chan2_0210p_02102021_128b_5_DAPI+cells_5.png,../prepare_data_source/revised_clusters/multi/chan3_0210p_02102021_128b_5_DAPI+cells_5.png,../prepare_data_source/revised_clusters/multi/chan7_0210p_02102021_128b_5_DAPI+cells_5.png,../prepare_data_source/revised_clusters/multi/chan11_0210p_02102021_128b_5_DAPI+cells_5.png,wbc platelet
../prepare_data_source/revised_clusters/multi/chan2_0210p_02102021_131b_8_RBC_multiple_CD61+_1.png,../prepare_data_source/revised_clusters/multi/chan3_0210p_02102021_131b_8_RBC_multiple_CD61+_1.png,../prepare_data_source/revised_clusters/multi/chan7_0210p_02102021_131b_8_RBC_multiple_CD61+_1.png,../prepare_data_source/revised_clusters/multi/chan11_0210p_02102021_131b_8_RBC_multiple_CD61+_1.png,wbc platelet
../prepare_data_source/revised_clusters/multi/chan2_0210p_02102021_131b_8_RBC_multiple_CD61+_10.png,../prepare_data_source/revised_clusters/multi/chan3_0210p_02102021_131b_8_RBC_multiple_CD61+_10.png,../prepare_data_source/revised_clusters/multi/chan7_0210p_02102021_131b_8_RBC_multiple_CD61+_10.png,../prepare_data_source/revised_clusters/multi/chan11_0210p_02102021_131b_8_RBC_multiple_CD61+_10.png,wbc platelet
../prepare_data_source/revised_clusters/multi/chan2_0210p_02102021_131b_8_RBC_multiple_CD61+_100.png,../prepare_data_source/revised_clusters/multi/chan3_0210p_02102021_131b_8_RBC_multiple_CD61+_100.png,../prepare_data_source/revised_clusters/multi/chan7_0210p_02102021_131b_8_RBC_multiple_CD61+_100.png,../prepare_data_source/revised_clusters/multi/chan11_0210p_02102021_131b_8_RBC_multiple_CD61+_100.png,wbc platelet
../prepare_data_source/revised_clusters/multi/chan2_0210p_02102021_131b_8_RBC_multiple_CD61+_101.png,../prepare_data_source/revised_clusters/multi/chan3_0210p_02102021_131b_8_RBC_multiple_CD61+_101.png,../prepare_data_source/revised_clusters/multi/chan7_0210p_02102021_131b_8_RBC_multiple_CD61+_101.png,../prepare_data_source/revised_clusters/multi/chan11_0210p_02102021_131b_8_RBC_multiple_CD61+_101.png,wbc platelet
../prepare_data_source/revised_clusters/multi/chan2_0210p_02102021_131b_8_RBC_multiple_CD61+_102.png,../prepare_data_source/revised_clusters/multi/chan3_0210p_02102021_131b_8_RBC_multiple_CD61+_102.png,../prepare_data_source/revised_clusters/multi/chan7_0210p_02102021_131b_8_RBC_multiple_CD61+_102.png,../prepare_data_source/revised_clusters/multi/chan11_0210p_02102021_131b_8_RBC_multiple_CD61+_102.png,wbc platelet
../prepare_data_source/revised_clusters/multi/chan2_0210p_02102021_131b_8_RBC_multiple_CD61+_103.png,../prepare_data_source/revised_clusters/multi/chan3_0210p_02102021_131b_8_RBC_multiple_CD61+_103.png,../prepare_data_source/revised_clusters/multi/chan7_0210p_02102021_131b_8_RBC_multiple_CD61+_103.png,../prepare_data_source/revised_clusters/multi/chan11_0210p_02102021_131b_8_RBC_multiple_CD61+_103.png,wbc platelet
../prepare_data_source/revised_clusters/multi/chan2_0210p_02102021_131b_8_RBC_multiple_CD61+_104.png,../prepare_data_source/revised_clusters/multi/chan3_0210p_02102021_131b_8_RBC_multiple_CD61+_104.png,../prepare_data_source/revised_clusters/multi/chan7_0210p_02102021_131b_8_RBC_multiple_CD61+_104.png,../prepare_data_source/revised_clusters/multi/chan11_0210p_02102021_131b_8_RBC_multiple_CD61+_104.png,wbc platelet
../prepare_data_source/revised_clusters/multi/chan2_0210p_02102021_131b_8_RBC_multiple_CD61+_11.png,../prepare_data_source/revised_clusters/multi/chan3_0210p_02102021_131b_8_RBC_multiple_CD61+_11.png,../prepare_data_source/revised_clusters/multi/chan7_0210p_02102021_131b_8_RBC_multiple_CD61+_11.png,../prepare_data_source/revised_clusters/multi/chan11_0210p_02102021_131b_8_RBC_multiple_CD61+_11.png,wbc platelet
../prepare_data_source/revised_clusters/multi/chan2_0210p_02102021_131b_8_RBC_multiple_CD61+_12.png,../prepare_data_source/revised_clusters/multi/chan3_0210p_02102021_131b_8_RBC_multiple_CD61+_12.png,../prepare_data_source/revised_clusters/multi/chan7_0210p_02102021_131b_8_RBC_multiple_CD61+_12.png,../prepare_data_source/revised_clusters/multi/chan11_0210p_02102021_131b_8_RBC_multiple_CD61+_12.png,wbc platelet
../prepare_data_source/revised_clusters/multi/chan2_0210p_02102021_131b_8_RBC_multiple_CD61+_13.png,../prepare_data_source/revised_clusters/multi/chan3_0210p_02102021_131b_8_RBC_multiple_CD61+_13.png,../prepare_data_source/revised_clusters/multi/chan7_0210p_02102021_131b_8_RBC_multiple_CD61+_13.png,../prepare_data_source/revised_clusters/multi/chan11_0210p_02102021_131b_8_RBC_multiple_CD61+_13.png,wbc platelet
../prepare_data_source/revised_clusters/multi/chan2_0210p_02102021_131b_8_RBC_multiple_CD61+_14.png,../prepare_data_source/revised_clusters/multi/chan3_0210p_02102021_131b_8_RBC_multiple_CD61+_14.png,../prepare_data_source/revised_clusters/multi/chan7_0210p_02102021_131b_8_RBC_multiple_CD61+_14.png,../prepare_data_source/revised_clusters/multi/chan11_0210p_02102021_131b_8_RBC_multiple_CD61+_14.png,wbc platelet
../prepare_data_source/revised_clusters/multi/chan2_0210p_02102021_131b_8_RBC_multiple_CD61+_15.png,../prepare_data_source/revised_clusters/multi/chan3_0210p_02102021_131b_8_RBC_multiple_CD61+_15.png,../prepare_data_source/revised_clusters/multi/chan7_0210p_02102021_131b_8_RBC_multiple_CD61+_15.png,../prepare_data_source/revised_clusters/multi/chan11_0210p_02102021_131b_8_RBC_multiple_CD61+_15.png,platelet
../prepare_data_source/revised_clusters/multi/chan2_0210p_02102021_131b_8_RBC_multiple_CD61+_16.png,../prepare_data_source/revised_clusters/multi/chan3_0210p_02102021_131b_8_RBC_multiple_CD61+_16.png,../prepare_data_source/revised_clusters/multi/chan7_0210p_02102021_131b_8_RBC_multiple_CD61+_16.png,../prepare_data_source/revised_clusters/multi/chan11_0210p_02102021_131b_8_RBC_multiple_CD61+_16.png,wbc platelet
../prepare_data_source/revised_clusters/multi/chan2_0210p_02102021_131b_8_RBC_multiple_CD61+_17.png,../prepare_data_source/revised_clusters/multi/chan3_0210p_02102021_131b_8_RBC_multiple_CD61+_17.png,../prepare_data_source/revised_clusters/multi/chan7_0210p_02102021_131b_8_RBC_multiple_CD61+_17.png,../prepare_data_source/revised_clusters/multi/chan11_0210p_02102021_131b_8_RBC_multiple_CD61+_17.png,wbc platelet
../prepare_data_source/revised_clusters/multi/chan2_0210p_02102021_131b_8_RBC_multiple_CD61+_18.png,../prepare_data_source/revised_clusters/multi/chan3_0210p_02102021_131b_8_RBC_multiple_CD61+_18.png,../prepare_data_source/revised_clusters/multi/chan7_0210p_02102021_131b_8_RBC_multiple_CD61+_18.png,../prepare_data_source/revised_clusters/multi/chan11_0210p_02102021_131b_8_RBC_multiple_CD61+_18.png,wbc platelet
../prepare_data_source/revised_clusters/multi/chan2_0210p_02102021_131b_8_RBC_multiple_CD61+_19.png,../prepare_data_source/revised_clusters/multi/chan3_0210p_02102021_131b_8_RBC_multiple_CD61+_19.png,../prepare_data_source/revised_clusters/multi/chan7_0210p_02102021_131b_8_RBC_multiple_CD61+_19.png,../prepare_data_source/revised_clusters/multi/chan11_0210p_02102021_131b_8_RBC_multiple_CD61+_19.png,wbc platelet
../prepare_data_source/revised_clusters/multi/chan2_0210p_02102021_131b_8_RBC_multiple_CD61+_2.png,../prepare_data_source/revised_clusters/multi/chan3_0210p_02102021_131b_8_RBC_multiple_CD61+_2.png,../prepare_data_source/revised_clusters/multi/chan7_0210p_02102021_131b_8_RBC_multiple_CD61+_2.png,../prepare_data_source/revised_clusters/multi/chan11_0210p_02102021_131b_8_RBC_multiple_CD61+_2.png,wbc platelet
../prepare_data_source/revised_clusters/multi/chan2_0210p_02102021_131b_8_RBC_multiple_CD61+_20.png,../prepare_data_source/revised_clusters/multi/chan3_0210p_02102021_131b_8_RBC_multiple_CD61+_20.png,../prepare_data_source/revised_clusters/multi/chan7_0210p_02102021_131b_8_RBC_multiple_CD61+_20.png,../prepare_data_source/revised_clusters/multi/chan11_0210p_02102021_131b_8_RBC_multiple_CD61+_20.png,wbc platelet
../prepare_data_source/revised_clusters/multi/chan2_0210p_02102021_131b_8_RBC_multiple_CD61+_21.png,../prepare_data_source/revised_clusters/multi/chan3_0210p_02102021_131b_8_RBC_multiple_CD61+_21.png,../prepare_data_source/revised_clusters/multi/chan7_0210p_02102021_131b_8_RBC_multiple_CD61+_21.png,../prepare_data_source/revised_clusters/multi/chan11_0210p_02102021_131b_8_RBC_multiple_CD61+_21.png,wbc platelet
../prepare_data_source/revised_clusters/multi/chan2_0210p_02102021_131b_8_RBC_multiple_CD61+_22.png,../prepare_data_source/revised_clusters/multi/chan3_0210p_02102021_131b_8_RBC_multiple_CD61+_22.png,../prepare_data_source/revised_clusters/multi/chan7_0210p_02102021_131b_8_RBC_multiple_CD61+_22.png,../prepare_data_source/revised_clusters/multi/chan11_0210p_02102021_131b_8_RBC_multiple_CD61+_22.png,wbc platelet
../prepare_data_source/revised_clusters/multi/chan2_0210p_02102021_131b_8_RBC_multiple_CD61+_23.png,../prepare_data_source/revised_clusters/multi/chan3_0210p_02102021_131b_8_RBC_multiple_CD61+_23.png,../prepare_data_source/revised_clusters/multi/chan7_0210p_02102021_131b_8_RBC_multiple_CD61+_23.png,../prepare_data_source/revised_clusters/multi/chan11_0210p_02102021_131b_8_RBC_multiple_CD61+_23.png,wbc platelet
../prepare_data_source/revised_clusters/multi/chan2_0210p_02102021_131b_8_RBC_multiple_CD61+_24.png,../prepare_data_source/revised_clusters/multi/chan3_0210p_02102021_131b_8_RBC_multiple_CD61+_24.png,../prepare_data_source/revised_clusters/multi/chan7_0210p_02102021_131b_8_RBC_multiple_CD61+_24.png,../prepare_data_source/revised_clusters/multi/chan11_0210p_02102021_131b_8_RBC_multiple_CD61+_24.png,wbc platelet
../prepare_data_source/revised_clusters/multi/chan2_0210p_02102021_131b_8_RBC_multiple_CD61+_25.png,../prepare_data_source/revised_clusters/multi/chan3_0210p_02102021_131b_8_RBC_multiple_CD61+_25.png,../prepare_data_source/revised_clusters/multi/chan7_0210p_02102021_131b_8_RBC_multiple_CD61+_25.png,../prepare_data_source/revised_clusters/multi/chan11_0210p_02102021_131b_8_RBC_multiple_CD61+_25.png,wbc platelet
../prepare_data_source/revised_clusters/multi/chan2_0210p_02102021_131b_8_RBC_multiple_CD61+_26.png,../prepare_data_source/revised_clusters/multi/chan3_0210p_02102021_131b_8_RBC_multiple_CD61+_26.png,../prepare_data_source/revised_clusters/multi/chan7_0210p_02102021_131b_8_RBC_multiple_CD61+_26.png,../prepare_data_source/revised_clusters/multi/chan11_0210p_02102021_131b_8_RBC_multiple_CD61+_26.png,wbc platelet
../prepare_data_source/revised_clusters/multi/chan2_0210p_02102021_131b_8_RBC_multiple_CD61+_27.png,../prepare_data_source/revised_clusters/multi/chan3_0210p_02102021_131b_8_RBC_multiple_CD61+_27.png,../prepare_data_source/revised_clusters/multi/chan7_0210p_02102021_131b_8_RBC_multiple_CD61+_27.png,../prepare_data_source/revised_clusters/multi/chan11_0210p_02102021_131b_8_RBC_multiple_CD61+_27.png,wbc platelet
../prepare_data_source/revised_clusters/multi/chan2_0210p_02102021_131b_8_RBC_multiple_CD61+_28.png,../prepare_data_source/revised_clusters/multi/chan3_0210p_02102021_131b_8_RBC_multiple_CD61+_28.png,../prepare_data_source/revised_clusters/multi/chan7_0210p_02102021_131b_8_RBC_multiple_CD61+_28.png,../prepare_data_source/revised_clusters/multi/chan11_0210p_02102021_131b_8_RBC_multiple_CD61+_28.png,wbc platelet
../prepare_data_source/revised_clusters/multi/chan2_0210p_02102021_131b_8_RBC_multiple_CD61+_29.png,../prepare_data_source/revised_clusters/multi/chan3_0210p_02102021_131b_8_RBC_multiple_CD61+_29.png,../prepare_data_source/revised_clusters/multi/chan7_0210p_02102021_131b_8_RBC_multiple_CD61+_29.png,../prepare_data_source/revised_clusters/multi/chan11_0210p_02102021_131b_8_RBC_multiple_CD61+_29.png,wbc platelet
../prepare_data_source/revised_clusters/multi/chan2_0210p_02102021_131b_8_RBC_multiple_CD61+_3.png,../prepare_data_source/revised_clusters/multi/chan3_0210p_02102021_131b_8_RBC_multiple_CD61+_3.png,../prepare_data_source/revised_clusters/multi/chan7_0210p_02102021_131b_8_RBC_multiple_CD61+_3.png,../prepare_data_source/revised_clusters/multi/chan11_0210p_02102021_131b_8_RBC_multiple_CD61+_3.png,wbc platelet
../prepare_data_source/revised_clusters/multi/chan2_0210p_02102021_131b_8_RBC_multiple_CD61+_30.png,../prepare_data_source/revised_clusters/multi/chan3_0210p_02102021_131b_8_RBC_multiple_CD61+_30.png,../prepare_data_source/revised_clusters/multi/chan7_0210p_02102021_131b_8_RBC_multiple_CD61+_30.png,../prepare_data_source/revised_clusters/multi/chan11_0210p_02102021_131b_8_RBC_multiple_CD61+_30.png,wbc platelet
../prepare_data_source/revised_clusters/multi/chan2_0210p_02102021_131b_8_RBC_multiple_CD61+_31.png,../prepare_data_source/revised_clusters/multi/chan3_0210p_02102021_131b_8_RBC_multiple_CD61+_31.png,../prepare_data_source/revised_clusters/multi/chan7_0210p_02102021_131b_8_RBC_multiple_CD61+_31.png,../prepare_data_source/revised_clusters/multi/chan11_0210p_02102021_131b_8_RBC_multiple_CD61+_31.png,wbc platelet
../prepare_data_source/revised_clusters/multi/chan2_0210p_02102021_131b_8_RBC_multiple_CD61+_32.png,../prepare_data_source/revised_clusters/multi/chan3_0210p_02102021_131b_8_RBC_multiple_CD61+_32.png,../prepare_data_source/revised_clusters/multi/chan7_0210p_02102021_131b_8_RBC_multiple_CD61+_32.png,../prepare_data_source/revised_clusters/multi/chan11_0210p_02102021_131b_8_RBC_multiple_CD61+_32.png,platelet
../prepare_data_source/revised_clusters/multi/chan2_0210p_02102021_131b_8_RBC_multiple_CD61+_33.png,../prepare_data_source/revised_clusters/multi/chan3_0210p_02102021_131b_8_RBC_multiple_CD61+_33.png,../prepare_data_source/revised_clusters/multi/chan7_0210p_02102021_131b_8_RBC_multiple_CD61+_33.png,../prepare_data_source/revised_clusters/multi/chan11_0210p_02102021_131b_8_RBC_multiple_CD61+_33.png,wbc platelet
../prepare_data_source/revised_clusters/multi/chan2_0210p_02102021_131b_8_RBC_multiple_CD61+_34.png,../prepare_data_source/revised_clusters/multi/chan3_0210p_02102021_131b_8_RBC_multiple_CD61+_34.png,../prepare_data_source/revised_clusters/multi/chan7_0210p_02102021_131b_8_RBC_multiple_CD61+_34.png,../prepare_data_source/revised_clusters/multi/chan11_0210p_02102021_131b_8_RBC_multiple_CD61+_34.png,wbc
../prepare_data_source/revised_clusters/multi/chan2_0210p_02102021_131b_8_RBC_multiple_CD61+_35.png,../prepare_data_source/revised_clusters/multi/chan3_0210p_02102021_131b_8_RBC_multiple_CD61+_35.png,../prepare_data_source/revised_clusters/multi/chan7_0210p_02102021_131b_8_RBC_multiple_CD61+_35.png,../prepare_data_source/revised_clusters/multi/chan11_0210p_02102021_131b_8_RBC_multiple_CD61+_35.png,wbc platelet
../prepare_data_source/revised_clusters/multi/chan2_0210p_02102021_131b_8_RBC_multiple_CD61+_36.png,../prepare_data_source/revised_clusters/multi/chan3_0210p_02102021_131b_8_RBC_multiple_CD61+_36.png,../prepare_data_source/revised_clusters/multi/chan7_0210p_02102021_131b_8_RBC_multiple_CD61+_36.png,../prepare_data_source/revised_clusters/multi/chan11_0210p_02102021_131b_8_RBC_multiple_CD61+_36.png,wbc platelet
../prepare_data_source/revised_clusters/multi/chan2_0210p_02102021_131b_8_RBC_multiple_CD61+_37.png,../prepare_data_source/revised_clusters/multi/chan3_0210p_02102021_131b_8_RBC_multiple_CD61+_37.png,../prepare_data_source/revised_clusters/multi/chan7_0210p_02102021_131b_8_RBC_multiple_CD61+_37.png,../prepare_data_source/revised_clusters/multi/chan11_0210p_02102021_131b_8_RBC_multiple_CD61+_37.png,wbc platelet
../prepare_data_source/revised_clusters/multi/chan2_0210p_02102021_131b_8_RBC_multiple_CD61+_38.png,../prepare_data_source/revised_clusters/multi/chan3_0210p_02102021_131b_8_RBC_multiple_CD61+_38.png,../prepare_data_source/revised_clusters/multi/chan7_0210p_02102021_131b_8_RBC_multiple_CD61+_38.png,../prepare_data_source/revised_clusters/multi/chan11_0210p_02102021_131b_8_RBC_multiple_CD61+_38.png,wbc platelet
../prepare_data_source/revised_clusters/multi/chan2_0210p_02102021_131b_8_RBC_multiple_CD61+_39.png,../prepare_data_source/revised_clusters/multi/chan3_0210p_02102021_131b_8_RBC_multiple_CD61+_39.png,../prepare_data_source/revised_clusters/multi/chan7_0210p_02102021_131b_8_RBC_multiple_CD61+_39.png,../prepare_data_source/revised_clusters/multi/chan11_0210p_02102021_131b_8_RBC_multiple_CD61+_39.png,wbc platelet
../prepare_data_source/revised_clusters/multi/chan2_0210p_02102021_131b_8_RBC_multiple_CD61+_4.png,../prepare_data_source/revised_clusters/multi/chan3_0210p_02102021_131b_8_RBC_multiple_CD61+_4.png,../prepare_data_source/revised_clusters/multi/chan7_0210p_02102021_131b_8_RBC_multiple_CD61+_4.png,../prepare_data_source/revised_clusters/multi/chan11_0210p_02102021_131b_8_RBC_multiple_CD61+_4.png,wbc platelet
../prepare_data_source/revised_clusters/multi/chan2_0210p_02102021_131b_8_RBC_multiple_CD61+_40.png,../prepare_data_source/revised_clusters/multi/chan3_0210p_02102021_131b_8_RBC_multiple_CD61+_40.png,../prepare_data_source/revised_clusters/multi/chan7_0210p_02102021_131b_8_RBC_multiple_CD61+_40.png,../prepare_data_source/revised_clusters/multi/chan11_0210p_02102021_131b_8_RBC_multiple_CD61+_40.png,wbc platelet
../prepare_data_source/revised_clusters/multi/chan2_0210p_02102021_131b_8_RBC_multiple_CD61+_41.png,../prepare_data_source/revised_clusters/multi/chan3_0210p_02102021_131b_8_RBC_multiple_CD61+_41.png,../prepare_data_source/revised_clusters/multi/chan7_0210p_02102021_131b_8_RBC_multiple_CD61+_41.png,../prepare_data_source/revised_clusters/multi/chan11_0210p_02102021_131b_8_RBC_multiple_CD61+_41.png,wbc platelet
../prepare_data_source/revised_clusters/multi/chan2_0210p_02102021_131b_8_RBC_multiple_CD61+_42.png,../prepare_data_source/revised_clusters/multi/chan3_0210p_02102021_131b_8_RBC_multiple_CD61+_42.png,../prepare_data_source/revised_clusters/multi/chan7_0210p_02102021_131b_8_RBC_multiple_CD61+_42.png,../prepare_data_source/revised_clusters/multi/chan11_0210p_02102021_131b_8_RBC_multiple_CD61+_42.png,wbc platelet
../prepare_data_source/revised_clusters/multi/chan2_0210p_02102021_131b_8_RBC_multiple_CD61+_43.png,../prepare_data_source/revised_clusters/multi/chan3_0210p_02102021_131b_8_RBC_multiple_CD61+_43.png,../prepare_data_source/revised_clusters/multi/chan7_0210p_02102021_131b_8_RBC_multiple_CD61+_43.png,../prepare_data_source/revised_clusters/multi/chan11_0210p_02102021_131b_8_RBC_multiple_CD61+_43.png,wbc platelet
../prepare_data_source/revised_clusters/multi/chan2_0210p_02102021_131b_8_RBC_multiple_CD61+_44.png,../prepare_data_source/revised_clusters/multi/chan3_0210p_02102021_131b_8_RBC_multiple_CD61+_44.png,../prepare_data_source/revised_clusters/multi/chan7_0210p_02102021_131b_8_RBC_multiple_CD61+_44.png,../prepare_data_source/revised_clusters/multi/chan11_0210p_02102021_131b_8_RBC_multiple_CD61+_44.png,wbc platelet
../prepare_data_source/revised_clusters/multi/chan2_0210p_02102021_131b_8_RBC_multiple_CD61+_45.png,../prepare_data_source/revised_clusters/multi/chan3_0210p_02102021_131b_8_RBC_multiple_CD61+_45.png,../prepare_data_source/revised_clusters/multi/chan7_0210p_02102021_131b_8_RBC_multiple_CD61+_45.png,../prepare_data_source/revised_clusters/multi/chan11_0210p_02102021_131b_8_RBC_multiple_CD61+_45.png,wbc platelet
../prepare_data_source/revised_clusters/multi/chan2_0210p_02102021_131b_8_RBC_multiple_CD61+_46.png,../prepare_data_source/revised_clusters/multi/chan3_0210p_02102021_131b_8_RBC_multiple_CD61+_46.png,../prepare_data_source/revised_clusters/multi/chan7_0210p_02102021_131b_8_RBC_multiple_CD61+_46.png,../prepare_data_source/revised_clusters/multi/chan11_0210p_02102021_131b_8_RBC_multiple_CD61+_46.png,wbc platelet
../prepare_data_source/revised_clusters/multi/chan2_0210p_02102021_131b_8_RBC_multiple_CD61+_47.png,../prepare_data_source/revised_clusters/multi/chan3_0210p_02102021_131b_8_RBC_multiple_CD61+_47.png,../prepare_data_source/revised_clusters/multi/chan7_0210p_02102021_131b_8_RBC_multiple_CD61+_47.png,../prepare_data_source/revised_clusters/multi/chan11_0210p_02102021_131b_8_RBC_multiple_CD61+_47.png,wbc platelet
../prepare_data_source/revised_clusters/multi/chan2_0210p_02102021_131b_8_RBC_multiple_CD61+_48.png,../prepare_data_source/revised_clusters/multi/chan3_0210p_02102021_131b_8_RBC_multiple_CD61+_48.png,../prepare_data_source/revised_clusters/multi/chan7_0210p_02102021_131b_8_RBC_multiple_CD61+_48.png,../prepare_data_source/revised_clusters/multi/chan11_0210p_02102021_131b_8_RBC_multiple_CD61+_48.png,wbc platelet
../prepare_data_source/revised_clusters/multi/chan2_0210p_02102021_131b_8_RBC_multiple_CD61+_49.png,../prepare_data_source/revised_clusters/multi/chan3_0210p_02102021_131b_8_RBC_multiple_CD61+_49.png,../prepare_data_source/revised_clusters/multi/chan7_0210p_02102021_131b_8_RBC_multiple_CD61+_49.png,../prepare_data_source/revised_clusters/multi/chan11_0210p_02102021_131b_8_RBC_multiple_CD61+_49.png,wbc platelet
../prepare_data_source/revised_clusters/multi/chan2_0210p_02102021_131b_8_RBC_multiple_CD61+_5.png,../prepare_data_source/revised_clusters/multi/chan3_0210p_02102021_131b_8_RBC_multiple_CD61+_5.png,../prepare_data_source/revised_clusters/multi/chan7_0210p_02102021_131b_8_RBC_multiple_CD61+_5.png,../prepare_data_source/revised_clusters/multi/chan11_0210p_02102021_131b_8_RBC_multiple_CD61+_5.png,wbc platelet
../prepare_data_source/revised_clusters/multi/chan2_0210p_02102021_131b_8_RBC_multiple_CD61+_50.png,../prepare_data_source/revised_clusters/multi/chan3_0210p_02102021_131b_8_RBC_multiple_CD61+_50.png,../prepare_data_source/revised_clusters/multi/chan7_0210p_02102021_131b_8_RBC_multiple_CD61+_50.png,../prepare_data_source/revised_clusters/multi/chan11_0210p_02102021_131b_8_RBC_multiple_CD61+_50.png,wbc platelet
../prepare_data_source/revised_clusters/multi/chan2_0210p_02102021_131b_8_RBC_multiple_CD61+_51.png,../prepare_data_source/revised_clusters/multi/chan3_0210p_02102021_131b_8_RBC_multiple_CD61+_51.png,../prepare_data_source/revised_clusters/multi/chan7_0210p_02102021_131b_8_RBC_multiple_CD61+_51.png,../prepare_data_source/revised_clusters/multi/chan11_0210p_02102021_131b_8_RBC_multiple_CD61+_51.png,wbc platelet
../prepare_data_source/revised_clusters/multi/chan2_0210p_02102021_131b_8_RBC_multiple_CD61+_52.png,../prepare_data_source/revised_clusters/multi/chan3_0210p_02102021_131b_8_RBC_multiple_CD61+_52.png,../prepare_data_source/revised_clusters/multi/chan7_0210p_02102021_131b_8_RBC_multiple_CD61+_52.png,../prepare_data_source/revised_clusters/multi/chan11_0210p_02102021_131b_8_RBC_multiple_CD61+_52.png,wbc platelet
../prepare_data_source/revised_clusters/multi/chan2_0210p_02102021_131b_8_RBC_multiple_CD61+_53.png,../prepare_data_source/revised_clusters/multi/chan3_0210p_02102021_131b_8_RBC_multiple_CD61+_53.png,../prepare_data_source/revised_clusters/multi/chan7_0210p_02102021_131b_8_RBC_multiple_CD61+_53.png,../prepare_data_source/revised_clusters/multi/chan11_0210p_02102021_131b_8_RBC_multiple_CD61+_53.png,wbc platelet
../prepare_data_source/revised_clusters/multi/chan2_0210p_02102021_131b_8_RBC_multiple_CD61+_54.png,../prepare_data_source/revised_clusters/multi/chan3_0210p_02102021_131b_8_RBC_multiple_CD61+_54.png,../prepare_data_source/revised_clusters/multi/chan7_0210p_02102021_131b_8_RBC_multiple_CD61+_54.png,../prepare_data_source/revised_clusters/multi/chan11_0210p_02102021_131b_8_RBC_multiple_CD61+_54.png,wbc platelet
../prepare_data_source/revised_clusters/multi/chan2_0210p_02102021_131b_8_RBC_multiple_CD61+_55.png,../prepare_data_source/revised_clusters/multi/chan3_0210p_02102021_131b_8_RBC_multiple_CD61+_55.png,../prepare_data_source/revised_clusters/multi/chan7_0210p_02102021_131b_8_RBC_multiple_CD61+_55.png,../prepare_data_source/revised_clusters/multi/chan11_0210p_02102021_131b_8_RBC_multiple_CD61+_55.png,wbc platelet
../prepare_data_source/revised_clusters/multi/chan2_0210p_02102021_131b_8_RBC_multiple_CD61+_56.png,../prepare_data_source/revised_clusters/multi/chan3_0210p_02102021_131b_8_RBC_multiple_CD61+_56.png,../prepare_data_source/revised_clusters/multi/chan7_0210p_02102021_131b_8_RBC_multiple_CD61+_56.png,../prepare_data_source/revised_clusters/multi/chan11_0210p_02102021_131b_8_RBC_multiple_CD61+_56.png,wbc platelet
../prepare_data_source/revised_clusters/multi/chan2_0210p_02102021_131b_8_RBC_multiple_CD61+_57.png,../prepare_data_source/revised_clusters/multi/chan3_0210p_02102021_131b_8_RBC_multiple_CD61+_57.png,../prepare_data_source/revised_clusters/multi/chan7_0210p_02102021_131b_8_RBC_multiple_CD61+_57.png,../prepare_data_source/revised_clusters/multi/chan11_0210p_02102021_131b_8_RBC_multiple_CD61+_57.png,wbc platelet
../prepare_data_source/revised_clusters/multi/chan2_0210p_02102021_131b_8_RBC_multiple_CD61+_58.png,../prepare_data_source/revised_clusters/multi/chan3_0210p_02102021_131b_8_RBC_multiple_CD61+_58.png,../prepare_data_source/revised_clusters/multi/chan7_0210p_02102021_131b_8_RBC_multiple_CD61+_58.png,../prepare_data_source/revised_clusters/multi/chan11_0210p_02102021_131b_8_RBC_multiple_CD61+_58.png,wbc platelet
../prepare_data_source/revised_clusters/multi/chan2_0210p_02102021_131b_8_RBC_multiple_CD61+_59.png,../prepare_data_source/revised_clusters/multi/chan3_0210p_02102021_131b_8_RBC_multiple_CD61+_59.png,../prepare_data_source/revised_clusters/multi/chan7_0210p_02102021_131b_8_RBC_multiple_CD61+_59.png,../prepare_data_source/revised_clusters/multi/chan11_0210p_02102021_131b_8_RBC_multiple_CD61+_59.png,wbc platelet
../prepare_data_source/revised_clusters/multi/chan2_0210p_02102021_131b_8_RBC_multiple_CD61+_6.png,../prepare_data_source/revised_clusters/multi/chan3_0210p_02102021_131b_8_RBC_multiple_CD61+_6.png,../prepare_data_source/revised_clusters/multi/chan7_0210p_02102021_131b_8_RBC_multiple_CD61+_6.png,../prepare_data_source/revised_clusters/multi/chan11_0210p_02102021_131b_8_RBC_multiple_CD61+_6.png,wbc platelet
../prepare_data_source/revised_clusters/multi/chan2_0210p_02102021_131b_8_RBC_multiple_CD61+_60.png,../prepare_data_source/revised_clusters/multi/chan3_0210p_02102021_131b_8_RBC_multiple_CD61+_60.png,../prepare_data_source/revised_clusters/multi/chan7_0210p_02102021_131b_8_RBC_multiple_CD61+_60.png,../prepare_data_source/revised_clusters/multi/chan11_0210p_02102021_131b_8_RBC_multiple_CD61+_60.png,wbc platelet
../prepare_data_source/revised_clusters/multi/chan2_0210p_02102021_131b_8_RBC_multiple_CD61+_61.png,../prepare_data_source/revised_clusters/multi/chan3_0210p_02102021_131b_8_RBC_multiple_CD61+_61.png,../prepare_data_source/revised_clusters/multi/chan7_0210p_02102021_131b_8_RBC_multiple_CD61+_61.png,../prepare_data_source/revised_clusters/multi/chan11_0210p_02102021_131b_8_RBC_multiple_CD61+_61.png,wbc platelet
../prepare_data_source/revised_clusters/multi/chan2_0210p_02102021_131b_8_RBC_multiple_CD61+_62.png,../prepare_data_source/revised_clusters/multi/chan3_0210p_02102021_131b_8_RBC_multiple_CD61+_62.png,../prepare_data_source/revised_clusters/multi/chan7_0210p_02102021_131b_8_RBC_multiple_CD61+_62.png,../prepare_data_source/revised_clusters/multi/chan11_0210p_02102021_131b_8_RBC_multiple_CD61+_62.png,wbc platelet
../prepare_data_source/revised_clusters/multi/chan2_0210p_02102021_131b_8_RBC_multiple_CD61+_63.png,../prepare_data_source/revised_clusters/multi/chan3_0210p_02102021_131b_8_RBC_multiple_CD61+_63.png,../prepare_data_source/revised_clusters/multi/chan7_0210p_02102021_131b_8_RBC_multiple_CD61+_63.png,../prepare_data_source/revised_clusters/multi/chan11_0210p_02102021_131b_8_RBC_multiple_CD61+_63.png,wbc platelet
../prepare_data_source/revised_clusters/multi/chan2_0210p_02102021_131b_8_RBC_multiple_CD61+_64.png,../prepare_data_source/revised_clusters/multi/chan3_0210p_02102021_131b_8_RBC_multiple_CD61+_64.png,../prepare_data_source/revised_clusters/multi/chan7_0210p_02102021_131b_8_RBC_multiple_CD61+_64.png,../prepare_data_source/revised_clusters/multi/chan11_0210p_02102021_131b_8_RBC_multiple_CD61+_64.png,platelet
../prepare_data_source/revised_clusters/multi/chan2_0210p_02102021_131b_8_RBC_multiple_CD61+_65.png,../prepare_data_source/revised_clusters/multi/chan3_0210p_02102021_131b_8_RBC_multiple_CD61+_65.png,../prepare_data_source/revised_clusters/multi/chan7_0210p_02102021_131b_8_RBC_multiple_CD61+_65.png,../prepare_data_source/revised_clusters/multi/chan11_0210p_02102021_131b_8_RBC_multiple_CD61+_65.png,wbc platelet
../prepare_data_source/revised_clusters/multi/chan2_0210p_02102021_131b_8_RBC_multiple_CD61+_66.png,../prepare_data_source/revised_clusters/multi/chan3_0210p_02102021_131b_8_RBC_multiple_CD61+_66.png,../prepare_data_source/revised_clusters/multi/chan7_0210p_02102021_131b_8_RBC_multiple_CD61+_66.png,../prepare_data_source/revised_clusters/multi/chan11_0210p_02102021_131b_8_RBC_multiple_CD61+_66.png,platelet
../prepare_data_source/revised_clusters/multi/chan2_0210p_02102021_131b_8_RBC_multiple_CD61+_67.png,../prepare_data_source/revised_clusters/multi/chan3_0210p_02102021_131b_8_RBC_multiple_CD61+_67.png,../prepare_data_source/revised_clusters/multi/chan7_0210p_02102021_131b_8_RBC_multiple_CD61+_67.png,../prepare_data_source/revised_clusters/multi/chan11_0210p_02102021_131b_8_RBC_multiple_CD61+_67.png,wbc platelet
../prepare_data_source/revised_clusters/multi/chan2_0210p_02102021_131b_8_RBC_multiple_CD61+_68.png,../prepare_data_source/revised_clusters/multi/chan3_0210p_02102021_131b_8_RBC_multiple_CD61+_68.png,../prepare_data_source/revised_clusters/multi/chan7_0210p_02102021_131b_8_RBC_multiple_CD61+_68.png,../prepare_data_source/revised_clusters/multi/chan11_0210p_02102021_131b_8_RBC_multiple_CD61+_68.png,wbc platelet
../prepare_data_source/revised_clusters/multi/chan2_0210p_02102021_131b_8_RBC_multiple_CD61+_69.png,../prepare_data_source/revised_clusters/multi/chan3_0210p_02102021_131b_8_RBC_multiple_CD61+_69.png,../prepare_data_source/revised_clusters/multi/chan7_0210p_02102021_131b_8_RBC_multiple_CD61+_69.png,../prepare_data_source/revised_clusters/multi/chan11_0210p_02102021_131b_8_RBC_multiple_CD61+_69.png,wbc platelet
../prepare_data_source/revised_clusters/multi/chan2_0210p_02102021_131b_8_RBC_multiple_CD61+_7.png,../prepare_data_source/revised_clusters/multi/chan3_0210p_02102021_131b_8_RBC_multiple_CD61+_7.png,../prepare_data_source/revised_clusters/multi/chan7_0210p_02102021_131b_8_RBC_multiple_CD61+_7.png,../prepare_data_source/revised_clusters/multi/chan11_0210p_02102021_131b_8_RBC_multiple_CD61+_7.png,wbc platelet
../prepare_data_source/revised_clusters/multi/chan2_0210p_02102021_131b_8_RBC_multiple_CD61+_70.png,../prepare_data_source/revised_clusters/multi/chan3_0210p_02102021_131b_8_RBC_multiple_CD61+_70.png,../prepare_data_source/revised_clusters/multi/chan7_0210p_02102021_131b_8_RBC_multiple_CD61+_70.png,../prepare_data_source/revised_clusters/multi/chan11_0210p_02102021_131b_8_RBC_multiple_CD61+_70.png,wbc platelet
../prepare_data_source/revised_clusters/multi/chan2_0210p_02102021_131b_8_RBC_multiple_CD61+_71.png,../prepare_data_source/revised_clusters/multi/chan3_0210p_02102021_131b_8_RBC_multiple_CD61+_71.png,../prepare_data_source/revised_clusters/multi/chan7_0210p_02102021_131b_8_RBC_multiple_CD61+_71.png,../prepare_data_source/revised_clusters/multi/chan11_0210p_02102021_131b_8_RBC_multiple_CD61+_71.png,wbc platelet
../prepare_data_source/revised_clusters/multi/chan2_0210p_02102021_131b_8_RBC_multiple_CD61+_72.png,../prepare_data_source/revised_clusters/multi/chan3_0210p_02102021_131b_8_RBC_multiple_CD61+_72.png,../prepare_data_source/revised_clusters/multi/chan7_0210p_02102021_131b_8_RBC_multiple_CD61+_72.png,../prepare_data_source/revised_clusters/multi/chan11_0210p_02102021_131b_8_RBC_multiple_CD61+_72.png,wbc platelet
../prepare_data_source/revised_clusters/multi/chan2_0210p_02102021_131b_8_RBC_multiple_CD61+_73.png,../prepare_data_source/revised_clusters/multi/chan3_0210p_02102021_131b_8_RBC_multiple_CD61+_73.png,../prepare_data_source/revised_clusters/multi/chan7_0210p_02102021_131b_8_RBC_multiple_CD61+_73.png,../prepare_data_source/revised_clusters/multi/chan11_0210p_02102021_131b_8_RBC_multiple_CD61+_73.png,wbc platelet
../prepare_data_source/revised_clusters/multi/chan2_0210p_02102021_131b_8_RBC_multiple_CD61+_74.png,../prepare_data_source/revised_clusters/multi/chan3_0210p_02102021_131b_8_RBC_multiple_CD61+_74.png,../prepare_data_source/revised_clusters/multi/chan7_0210p_02102021_131b_8_RBC_multiple_CD61+_74.png,../prepare_data_source/revised_clusters/multi/chan11_0210p_02102021_131b_8_RBC_multiple_CD61+_74.png,wbc platelet
../prepare_data_source/revised_clusters/multi/chan2_0210p_02102021_131b_8_RBC_multiple_CD61+_75.png,../prepare_data_source/revised_clusters/multi/chan3_0210p_02102021_131b_8_RBC_multiple_CD61+_75.png,../prepare_data_source/revised_clusters/multi/chan7_0210p_02102021_131b_8_RBC_multiple_CD61+_75.png,../prepare_data_source/revised_clusters/multi/chan11_0210p_02102021_131b_8_RBC_multiple_CD61+_75.png,wbc platelet
../prepare_data_source/revised_clusters/multi/chan2_0210p_02102021_131b_8_RBC_multiple_CD61+_76.png,../prepare_data_source/revised_clusters/multi/chan3_0210p_02102021_131b_8_RBC_multiple_CD61+_76.png,../prepare_data_source/revised_clusters/multi/chan7_0210p_02102021_131b_8_RBC_multiple_CD61+_76.png,../prepare_data_source/revised_clusters/multi/chan11_0210p_02102021_131b_8_RBC_multiple_CD61+_76.png,wbc platelet
../prepare_data_source/revised_clusters/multi/chan2_0210p_02102021_131b_8_RBC_multiple_CD61+_77.png,../prepare_data_source/revised_clusters/multi/chan3_0210p_02102021_131b_8_RBC_multiple_CD61+_77.png,../prepare_data_source/revised_clusters/multi/chan7_0210p_02102021_131b_8_RBC_multiple_CD61+_77.png,../prepare_data_source/revised_clusters/multi/chan11_0210p_02102021_131b_8_RBC_multiple_CD61+_77.png,wbc platelet
../prepare_data_source/revised_clusters/multi/chan2_0210p_02102021_131b_8_RBC_multiple_CD61+_78.png,../prepare_data_source/revised_clusters/multi/chan3_0210p_02102021_131b_8_RBC_multiple_CD61+_78.png,../prepare_data_source/revised_clusters/multi/chan7_0210p_02102021_131b_8_RBC_multiple_CD61+_78.png,../prepare_data_source/revised_clusters/multi/chan11_0210p_02102021_131b_8_RBC_multiple_CD61+_78.png,wbc platelet
../prepare_data_source/revised_clusters/multi/chan2_0210p_02102021_131b_8_RBC_multiple_CD61+_79.png,../prepare_data_source/revised_clusters/multi/chan3_0210p_02102021_131b_8_RBC_multiple_CD61+_79.png,../prepare_data_source/revised_clusters/multi/chan7_0210p_02102021_131b_8_RBC_multiple_CD61+_79.png,../prepare_data_source/revised_clusters/multi/chan11_0210p_02102021_131b_8_RBC_multiple_CD61+_79.png,wbc platelet
../prepare_data_source/revised_clusters/multi/chan2_0210p_02102021_131b_8_RBC_multiple_CD61+_8.png,../prepare_data_source/revised_clusters/multi/chan3_0210p_02102021_131b_8_RBC_multiple_CD61+_8.png,../prepare_data_source/revised_clusters/multi/chan7_0210p_02102021_131b_8_RBC_multiple_CD61+_8.png,../prepare_data_source/revised_clusters/multi/chan11_0210p_02102021_131b_8_RBC_multiple_CD61+_8.png,wbc platelet
../prepare_data_source/revised_clusters/multi/chan2_0210p_02102021_131b_8_RBC_multiple_CD61+_80.png,../prepare_data_source/revised_clusters/multi/chan3_0210p_02102021_131b_8_RBC_multiple_CD61+_80.png,../prepare_data_source/revised_clusters/multi/chan7_0210p_02102021_131b_8_RBC_multiple_CD61+_80.png,../prepare_data_source/revised_clusters/multi/chan11_0210p_02102021_131b_8_RBC_multiple_CD61+_80.png,wbc platelet
../prepare_data_source/revised_clusters/multi/chan2_0210p_02102021_131b_8_RBC_multiple_CD61+_81.png,../prepare_data_source/revised_clusters/multi/chan3_0210p_02102021_131b_8_RBC_multiple_CD61+_81.png,../prepare_data_source/revised_clusters/multi/chan7_0210p_02102021_131b_8_RBC_multiple_CD61+_81.png,../prepare_data_source/revised_clusters/multi/chan11_0210p_02102021_131b_8_RBC_multiple_CD61+_81.png,wbc platelet
../prepare_data_source/revised_clusters/multi/chan2_0210p_02102021_131b_8_RBC_multiple_CD61+_82.png,../prepare_data_source/revised_clusters/multi/chan3_0210p_02102021_131b_8_RBC_multiple_CD61+_82.png,../prepare_data_source/revised_clusters/multi/chan7_0210p_02102021_131b_8_RBC_multiple_CD61+_82.png,../prepare_data_source/revised_clusters/multi/chan11_0210p_02102021_131b_8_RBC_multiple_CD61+_82.png,wbc platelet
../prepare_data_source/revised_clusters/multi/chan2_0210p_02102021_131b_8_RBC_multiple_CD61+_83.png,../prepare_data_source/revised_clusters/multi/chan3_0210p_02102021_131b_8_RBC_multiple_CD61+_83.png,../prepare_data_source/revised_clusters/multi/chan7_0210p_02102021_131b_8_RBC_multiple_CD61+_83.png,../prepare_data_source/revised_clusters/multi/chan11_0210p_02102021_131b_8_RBC_multiple_CD61+_83.png,wbc platelet
../prepare_data_source/revised_clusters/multi/chan2_0210p_02102021_131b_8_RBC_multiple_CD61+_84.png,../prepare_data_source/revised_clusters/multi/chan3_0210p_02102021_131b_8_RBC_multiple_CD61+_84.png,../prepare_data_source/revised_clusters/multi/chan7_0210p_02102021_131b_8_RBC_multiple_CD61+_84.png,../prepare_data_source/revised_clusters/multi/chan11_0210p_02102021_131b_8_RBC_multiple_CD61+_84.png,wbc platelet
../prepare_data_source/revised_clusters/multi/chan2_0210p_02102021_131b_8_RBC_multiple_CD61+_85.png,../prepare_data_source/revised_clusters/multi/chan3_0210p_02102021_131b_8_RBC_multiple_CD61+_85.png,../prepare_data_source/revised_clusters/multi/chan7_0210p_02102021_131b_8_RBC_multiple_CD61+_85.png,../prepare_data_source/revised_clusters/multi/chan11_0210p_02102021_131b_8_RBC_multiple_CD61+_85.png,platelet
../prepare_data_source/revised_clusters/multi/chan2_0210p_02102021_131b_8_RBC_multiple_CD61+_86.png,../prepare_data_source/revised_clusters/multi/chan3_0210p_02102021_131b_8_RBC_multiple_CD61+_86.png,../prepare_data_source/revised_clusters/multi/chan7_0210p_02102021_131b_8_RBC_multiple_CD61+_86.png,../prepare_data_source/revised_clusters/multi/chan11_0210p_02102021_131b_8_RBC_multiple_CD61+_86.png,wbc platelet
../prepare_data_source/revised_clusters/multi/chan2_0210p_02102021_131b_8_RBC_multiple_CD61+_87.png,../prepare_data_source/revised_clusters/multi/chan3_0210p_02102021_131b_8_RBC_multiple_CD61+_87.png,../prepare_data_source/revised_clusters/multi/chan7_0210p_02102021_131b_8_RBC_multiple_CD61+_87.png,../prepare_data_source/revised_clusters/multi/chan11_0210p_02102021_131b_8_RBC_multiple_CD61+_87.png,wbc platelet
../prepare_data_source/revised_clusters/multi/chan2_0210p_02102021_131b_8_RBC_multiple_CD61+_88.png,../prepare_data_source/revised_clusters/multi/chan3_0210p_02102021_131b_8_RBC_multiple_CD61+_88.png,../prepare_data_source/revised_clusters/multi/chan7_0210p_02102021_131b_8_RBC_multiple_CD61+_88.png,../prepare_data_source/revised_clusters/multi/chan11_0210p_02102021_131b_8_RBC_multiple_CD61+_88.png,wbc platelet
../prepare_data_source/revised_clusters/multi/chan2_0210p_02102021_131b_8_RBC_multiple_CD61+_89.png,../prepare_data_source/revised_clusters/multi/chan3_0210p_02102021_131b_8_RBC_multiple_CD61+_89.png,../prepare_data_source/revised_clusters/multi/chan7_0210p_02102021_131b_8_RBC_multiple_CD61+_89.png,../prepare_data_source/revised_clusters/multi/chan11_0210p_02102021_131b_8_RBC_multiple_CD61+_89.png,wbc platelet
../prepare_data_source/revised_clusters/multi/chan2_0210p_02102021_131b_8_RBC_multiple_CD61+_9.png,../prepare_data_source/revised_clusters/multi/chan3_0210p_02102021_131b_8_RBC_multiple_CD61+_9.png,../prepare_data_source/revised_clusters/multi/chan7_0210p_02102021_131b_8_RBC_multiple_CD61+_9.png,../prepare_data_source/revised_clusters/multi/chan11_0210p_02102021_131b_8_RBC_multiple_CD61+_9.png,platelet
../prepare_data_source/revised_clusters/multi/chan2_0210p_02102021_131b_8_RBC_multiple_CD61+_90.png,../prepare_data_source/revised_clusters/multi/chan3_0210p_02102021_131b_8_RBC_multiple_CD61+_90.png,../prepare_data_source/revised_clusters/multi/chan7_0210p_02102021_131b_8_RBC_multiple_CD61+_90.png,../prepare_data_source/revised_clusters/multi/chan11_0210p_02102021_131b_8_RBC_multiple_CD61+_90.png,wbc platelet
../prepare_data_source/revised_clusters/multi/chan2_0210p_02102021_131b_8_RBC_multiple_CD61+_91.png,../prepare_data_source/revised_clusters/multi/chan3_0210p_02102021_131b_8_RBC_multiple_CD61+_91.png,../prepare_data_source/revised_clusters/multi/chan7_0210p_02102021_131b_8_RBC_multiple_CD61+_91.png,../prepare_data_source/revised_clusters/multi/chan11_0210p_02102021_131b_8_RBC_multiple_CD61+_91.png,wbc platelet
../prepare_data_source/revised_clusters/multi/chan2_0210p_02102021_131b_8_RBC_multiple_CD61+_92.png,../prepare_data_source/revised_clusters/multi/chan3_0210p_02102021_131b_8_RBC_multiple_CD61+_92.png,../prepare_data_source/revised_clusters/multi/chan7_0210p_02102021_131b_8_RBC_multiple_CD61+_92.png,../prepare_data_source/revised_clusters/multi/chan11_0210p_02102021_131b_8_RBC_multiple_CD61+_92.png,wbc platelet
../prepare_data_source/revised_clusters/multi/chan2_0210p_02102021_131b_8_RBC_multiple_CD61+_93.png,../prepare_data_source/revised_clusters/multi/chan3_0210p_02102021_131b_8_RBC_multiple_CD61+_93.png,../prepare_data_source/revised_clusters/multi/chan7_0210p_02102021_131b_8_RBC_multiple_CD61+_93.png,../prepare_data_source/revised_clusters/multi/chan11_0210p_02102021_131b_8_RBC_multiple_CD61+_93.png,wbc platelet
../prepare_data_source/revised_clusters/multi/chan2_0210p_02102021_131b_8_RBC_multiple_CD61+_94.png,../prepare_data_source/revised_clusters/multi/chan3_0210p_02102021_131b_8_RBC_multiple_CD61+_94.png,../prepare_data_source/revised_clusters/multi/chan7_0210p_02102021_131b_8_RBC_multiple_CD61+_94.png,../prepare_data_source/revised_clusters/multi/chan11_0210p_02102021_131b_8_RBC_multiple_CD61+_94.png,wbc platelet
../prepare_data_source/revised_clusters/multi/chan2_0210p_02102021_131b_8_RBC_multiple_CD61+_95.png,../prepare_data_source/revised_clusters/multi/chan3_0210p_02102021_131b_8_RBC_multiple_CD61+_95.png,../prepare_data_source/revised_clusters/multi/chan7_0210p_02102021_131b_8_RBC_multiple_CD61+_95.png,../prepare_data_source/revised_clusters/multi/chan11_0210p_02102021_131b_8_RBC_multiple_CD61+_95.png,wbc platelet
../prepare_data_source/revised_clusters/multi/chan2_0210p_02102021_131b_8_RBC_multiple_CD61+_96.png,../prepare_data_source/revised_clusters/multi/chan3_0210p_02102021_131b_8_RBC_multiple_CD61+_96.png,../prepare_data_source/revised_clusters/multi/chan7_0210p_02102021_131b_8_RBC_multiple_CD61+_96.png,../prepare_data_source/revised_clusters/multi/chan11_0210p_02102021_131b_8_RBC_multiple_CD61+_96.png,wbc platelet
../prepare_data_source/revised_clusters/multi/chan2_0210p_02102021_131b_8_RBC_multiple_CD61+_97.png,../prepare_data_source/revised_clusters/multi/chan3_0210p_02102021_131b_8_RBC_multiple_CD61+_97.png,../prepare_data_source/revised_clusters/multi/chan7_0210p_02102021_131b_8_RBC_multiple_CD61+_97.png,../prepare_data_source/revised_clusters/multi/chan11_0210p_02102021_131b_8_RBC_multiple_CD61+_97.png,wbc platelet
../prepare_data_source/revised_clusters/multi/chan2_0210p_02102021_131b_8_RBC_multiple_CD61+_98.png,../prepare_data_source/revised_clusters/multi/chan3_0210p_02102021_131b_8_RBC_multiple_CD61+_98.png,../prepare_data_source/revised_clusters/multi/chan7_0210p_02102021_131b_8_RBC_multiple_CD61+_98.png,../prepare_data_source/revised_clusters/multi/chan11_0210p_02102021_131b_8_RBC_multiple_CD61+_98.png,wbc platelet
../prepare_data_source/revised_clusters/multi/chan2_0210p_02102021_131b_8_RBC_multiple_CD61+_99.png,../prepare_data_source/revised_clusters/multi/chan3_0210p_02102021_131b_8_RBC_multiple_CD61+_99.png,../prepare_data_source/revised_clusters/multi/chan7_0210p_02102021_131b_8_RBC_multiple_CD61+_99.png,../prepare_data_source/revised_clusters/multi/chan11_0210p_02102021_131b_8_RBC_multiple_CD61+_99.png,rbc
../prepare_data_source/revised_clusters/multi/chan2_0210p_02102021_137b_13_RBC_multiple_CD61+_101.png,../prepare_data_source/revised_clusters/multi/chan3_0210p_02102021_137b_13_RBC_multiple_CD61+_101.png,../prepare_data_source/revised_clusters/multi/chan7_0210p_02102021_137b_13_RBC_multiple_CD61+_101.png,../prepare_data_source/revised_clusters/multi/chan11_0210p_02102021_137b_13_RBC_multiple_CD61+_101.png,wbc platelet
../prepare_data_source/revised_clusters/multi/chan2_0210p_02102021_137b_13_RBC_multiple_CD61+_103.png,../prepare_data_source/revised_clusters/multi/chan3_0210p_02102021_137b_13_RBC_multiple_CD61+_103.png,../prepare_data_source/revised_clusters/multi/chan7_0210p_02102021_137b_13_RBC_multiple_CD61+_103.png,../prepare_data_source/revised_clusters/multi/chan11_0210p_02102021_137b_13_RBC_multiple_CD61+_103.png,wbc platelet
../prepare_data_source/revised_clusters/multi/chan2_0210p_02102021_137b_13_RBC_multiple_CD61+_15.png,../prepare_data_source/revised_clusters/multi/chan3_0210p_02102021_137b_13_RBC_multiple_CD61+_15.png,../prepare_data_source/revised_clusters/multi/chan7_0210p_02102021_137b_13_RBC_multiple_CD61+_15.png,../prepare_data_source/revised_clusters/multi/chan11_0210p_02102021_137b_13_RBC_multiple_CD61+_15.png,wbc platelet
../prepare_data_source/revised_clusters/multi/chan2_0210p_02102021_137b_13_RBC_multiple_CD61+_18.png,../prepare_data_source/revised_clusters/multi/chan3_0210p_02102021_137b_13_RBC_multiple_CD61+_18.png,../prepare_data_source/revised_clusters/multi/chan7_0210p_02102021_137b_13_RBC_multiple_CD61+_18.png,../prepare_data_source/revised_clusters/multi/chan11_0210p_02102021_137b_13_RBC_multiple_CD61+_18.png,wbc platelet
../prepare_data_source/revised_clusters/multi/chan2_0210p_02102021_137b_13_RBC_multiple_CD61+_49.png,../prepare_data_source/revised_clusters/multi/chan3_0210p_02102021_137b_13_RBC_multiple_CD61+_49.png,../prepare_data_source/revised_clusters/multi/chan7_0210p_02102021_137b_13_RBC_multiple_CD61+_49.png,../prepare_data_source/revised_clusters/multi/chan11_0210p_02102021_137b_13_RBC_multiple_CD61+_49.png,wbc platelet
../prepare_data_source/revised_clusters/multi/chan2_0210p_02102021_137b_13_RBC_multiple_CD61+_95.png,../prepare_data_source/revised_clusters/multi/chan3_0210p_02102021_137b_13_RBC_multiple_CD61+_95.png,../prepare_data_source/revised_clusters/multi/chan7_0210p_02102021_137b_13_RBC_multiple_CD61+_95.png,../prepare_data_source/revised_clusters/multi/chan11_0210p_02102021_137b_13_RBC_multiple_CD61+_95.png,wbc platelet
../prepare_data_source/revised_clusters/multi/chan2_0210p_02102021_137b_13_RBC_multiple_CD61+_99.png,../prepare_data_source/revised_clusters/multi/chan3_0210p_02102021_137b_13_RBC_multiple_CD61+_99.png,../prepare_data_source/revised_clusters/multi/chan7_0210p_02102021_137b_13_RBC_multiple_CD61+_99.png,../prepare_data_source/revised_clusters/multi/chan11_0210p_02102021_137b_13_RBC_multiple_CD61+_99.png,wbc platelet
../prepare_data_source/revised_clusters/multi/chan2_0210p_02102021_151b_20_RBC_multiple_CD61+_19.png,../prepare_data_source/revised_clusters/multi/chan3_0210p_02102021_151b_20_RBC_multiple_CD61+_19.png,../prepare_data_source/revised_clusters/multi/chan7_0210p_02102021_151b_20_RBC_multiple_CD61+_19.png,../prepare_data_source/revised_clusters/multi/chan11_0210p_02102021_151b_20_RBC_multiple_CD61+_19.png,wbc platelet
../prepare_data_source/revised_clusters/multi/chan2_0210p_02102021_151b_20_RBC_multiple_CD61+_42.png,../prepare_data_source/revised_clusters/multi/chan3_0210p_02102021_151b_20_RBC_multiple_CD61+_42.png,../prepare_data_source/revised_clusters/multi/chan7_0210p_02102021_151b_20_RBC_multiple_CD61+_42.png,../prepare_data_source/revised_clusters/multi/chan11_0210p_02102021_151b_20_RBC_multiple_CD61+_42.png,wbc platelet
../prepare_data_source/revised_clusters/multi/chan2_0210p_02102021_151b_20_RBC_multiple_CD61+_48.png,../prepare_data_source/revised_clusters/multi/chan3_0210p_02102021_151b_20_RBC_multiple_CD61+_48.png,../prepare_data_source/revised_clusters/multi/chan7_0210p_02102021_151b_20_RBC_multiple_CD61+_48.png,../prepare_data_source/revised_clusters/multi/chan11_0210p_02102021_151b_20_RBC_multiple_CD61+_48.png,wbc platelet
../prepare_data_source/revised_clusters/multi/chan2_0210p_02102021_151b_20_RBC_multiple_CD61+_51.png,../prepare_data_source/revised_clusters/multi/chan3_0210p_02102021_151b_20_RBC_multiple_CD61+_51.png,../prepare_data_source/revised_clusters/multi/chan7_0210p_02102021_151b_20_RBC_multiple_CD61+_51.png,../prepare_data_source/revised_clusters/multi/chan11_0210p_02102021_151b_20_RBC_multiple_CD61+_51.png,wbc platelet
../prepare_data_source/revised_clusters/multi/chan2_0210p_02102021_151b_20_RBC_multiple_CD61+_55.png,../prepare_data_source/revised_clusters/multi/chan3_0210p_02102021_151b_20_RBC_multiple_CD61+_55.png,../prepare_data_source/revised_clusters/multi/chan7_0210p_02102021_151b_20_RBC_multiple_CD61+_55.png,../prepare_data_source/revised_clusters/multi/chan11_0210p_02102021_151b_20_RBC_multiple_CD61+_55.png,wbc platelet
../prepare_data_source/revised_clusters/multi/chan2_0210p_02102021_151b_20_RBC_multiple_CD61+_63.png,../prepare_data_source/revised_clusters/multi/chan3_0210p_02102021_151b_20_RBC_multiple_CD61+_63.png,../prepare_data_source/revised_clusters/multi/chan7_0210p_02102021_151b_20_RBC_multiple_CD61+_63.png,../prepare_data_source/revised_clusters/multi/chan11_0210p_02102021_151b_20_RBC_multiple_CD61+_63.png,wbc platelet
../prepare_data_source/revised_clusters/multi/chan2_0210p_02102021_151b_20_RBC_multiple_CD61+_65.png,../prepare_data_source/revised_clusters/multi/chan3_0210p_02102021_151b_20_RBC_multiple_CD61+_65.png,../prepare_data_source/revised_clusters/multi/chan7_0210p_02102021_151b_20_RBC_multiple_CD61+_65.png,../prepare_data_source/revised_clusters/multi/chan11_0210p_02102021_151b_20_RBC_multiple_CD61+_65.png,wbc platelet
../prepare_data_source/revised_clusters/multi/chan2_1123p_107a_11232020_8_DAPI+cells_13.png,../prepare_data_source/revised_clusters/multi/chan3_1123p_107a_11232020_8_DAPI+cells_13.png,../prepare_data_source/revised_clusters/multi/chan7_1123p_107a_11232020_8_DAPI+cells_13.png,../prepare_data_source/revised_clusters/multi/chan11_1123p_107a_11232020_8_DAPI+cells_13.png,wbc platelet
../prepare_data_source/revised_clusters/multi/chan2_1123p_107a_11232020_8_DAPI+cells_35.png,../prepare_data_source/revised_clusters/multi/chan3_1123p_107a_11232020_8_DAPI+cells_35.png,../prepare_data_source/revised_clusters/multi/chan7_1123p_107a_11232020_8_DAPI+cells_35.png,../prepare_data_source/revised_clusters/multi/chan11_1123p_107a_11232020_8_DAPI+cells_35.png,wbc platelet
../prepare_data_source/revised_clusters/multi/chan2_1123p_82a_11232020_10_daf_no comp_RBC_multiple_CD61+_1.png,../prepare_data_source/revised_clusters/multi/chan3_1123p_82a_11232020_10_daf_no comp_RBC_multiple_CD61+_1.png,../prepare_data_source/revised_clusters/multi/chan7_1123p_82a_11232020_10_daf_no comp_RBC_multiple_CD61+_1.png,../prepare_data_source/revised_clusters/multi/chan11_1123p_82a_11232020_10_daf_no comp_RBC_multiple_CD61+_1.png,wbc platelet
../prepare_data_source/revised_clusters/multi/chan2_1123p_82a_11232020_10_daf_no comp_RBC_multiple_CD61+_10.png,../prepare_data_source/revised_clusters/multi/chan3_1123p_82a_11232020_10_daf_no comp_RBC_multiple_CD61+_10.png,../prepare_data_source/revised_clusters/multi/chan7_1123p_82a_11232020_10_daf_no comp_RBC_multiple_CD61+_10.png,../prepare_data_source/revised_clusters/multi/chan11_1123p_82a_11232020_10_daf_no comp_RBC_multiple_CD61+_10.png,wbc platelet
../prepare_data_source/revised_clusters/multi/chan2_1123p_82a_11232020_10_daf_no comp_RBC_multiple_CD61+_100.png,../prepare_data_source/revised_clusters/multi/chan3_1123p_82a_11232020_10_daf_no comp_RBC_multiple_CD61+_100.png,../prepare_data_source/revised_clusters/multi/chan7_1123p_82a_11232020_10_daf_no comp_RBC_multiple_CD61+_100.png,../prepare_data_source/revised_clusters/multi/chan11_1123p_82a_11232020_10_daf_no comp_RBC_multiple_CD61+_100.png,wbc platelet
../prepare_data_source/revised_clusters/multi/chan2_1123p_82a_11232020_10_daf_no comp_RBC_multiple_CD61+_101.png,../prepare_data_source/revised_clusters/multi/chan3_1123p_82a_11232020_10_daf_no comp_RBC_multiple_CD61+_101.png,../prepare_data_source/revised_clusters/multi/chan7_1123p_82a_11232020_10_daf_no comp_RBC_multiple_CD61+_101.png,../prepare_data_source/revised_clusters/multi/chan11_1123p_82a_11232020_10_daf_no comp_RBC_multiple_CD61+_101.png,wbc platelet
../prepare_data_source/revised_clusters/multi/chan2_1123p_82a_11232020_10_daf_no comp_RBC_multiple_CD61+_102.png,../prepare_data_source/revised_clusters/multi/chan3_1123p_82a_11232020_10_daf_no comp_RBC_multiple_CD61+_102.png,../prepare_data_source/revised_clusters/multi/chan7_1123p_82a_11232020_10_daf_no comp_RBC_multiple_CD61+_102.png,../prepare_data_source/revised_clusters/multi/chan11_1123p_82a_11232020_10_daf_no comp_RBC_multiple_CD61+_102.png,wbc platelet
../prepare_data_source/revised_clusters/multi/chan2_1123p_82a_11232020_10_daf_no comp_RBC_multiple_CD61+_103.png,../prepare_data_source/revised_clusters/multi/chan3_1123p_82a_11232020_10_daf_no comp_RBC_multiple_CD61+_103.png,../prepare_data_source/revised_clusters/multi/chan7_1123p_82a_11232020_10_daf_no comp_RBC_multiple_CD61+_103.png,../prepare_data_source/revised_clusters/multi/chan11_1123p_82a_11232020_10_daf_no comp_RBC_multiple_CD61+_103.png,wbc platelet
../prepare_data_source/revised_clusters/multi/chan2_1123p_82a_11232020_10_daf_no comp_RBC_multiple_CD61+_104.png,../prepare_data_source/revised_clusters/multi/chan3_1123p_82a_11232020_10_daf_no comp_RBC_multiple_CD61+_104.png,../prepare_data_source/revised_clusters/multi/chan7_1123p_82a_11232020_10_daf_no comp_RBC_multiple_CD61+_104.png,../prepare_data_source/revised_clusters/multi/chan11_1123p_82a_11232020_10_daf_no comp_RBC_multiple_CD61+_104.png,platelet
../prepare_data_source/revised_clusters/multi/chan2_1123p_82a_11232020_10_daf_no comp_RBC_multiple_CD61+_11.png,../prepare_data_source/revised_clusters/multi/chan3_1123p_82a_11232020_10_daf_no comp_RBC_multiple_CD61+_11.png,../prepare_data_source/revised_clusters/multi/chan7_1123p_82a_11232020_10_daf_no comp_RBC_multiple_CD61+_11.png,../prepare_data_source/revised_clusters/multi/chan11_1123p_82a_11232020_10_daf_no comp_RBC_multiple_CD61+_11.png,wbc platelet
../prepare_data_source/revised_clusters/multi/chan2_1123p_82a_11232020_10_daf_no comp_RBC_multiple_CD61+_12.png,../prepare_data_source/revised_clusters/multi/chan3_1123p_82a_11232020_10_daf_no comp_RBC_multiple_CD61+_12.png,../prepare_data_source/revised_clusters/multi/chan7_1123p_82a_11232020_10_daf_no comp_RBC_multiple_CD61+_12.png,../prepare_data_source/revised_clusters/multi/chan11_1123p_82a_11232020_10_daf_no comp_RBC_multiple_CD61+_12.png,wbc platelet
../prepare_data_source/revised_clusters/multi/chan2_1123p_82a_11232020_10_daf_no comp_RBC_multiple_CD61+_13.png,../prepare_data_source/revised_clusters/multi/chan3_1123p_82a_11232020_10_daf_no comp_RBC_multiple_CD61+_13.png,../prepare_data_source/revised_clusters/multi/chan7_1123p_82a_11232020_10_daf_no comp_RBC_multiple_CD61+_13.png,../prepare_data_source/revised_clusters/multi/chan11_1123p_82a_11232020_10_daf_no comp_RBC_multiple_CD61+_13.png,wbc platelet
../prepare_data_source/revised_clusters/multi/chan2_1123p_82a_11232020_10_daf_no comp_RBC_multiple_CD61+_14.png,../prepare_data_source/revised_clusters/multi/chan3_1123p_82a_11232020_10_daf_no comp_RBC_multiple_CD61+_14.png,../prepare_data_source/revised_clusters/multi/chan7_1123p_82a_11232020_10_daf_no comp_RBC_multiple_CD61+_14.png,../prepare_data_source/revised_clusters/multi/chan11_1123p_82a_11232020_10_daf_no comp_RBC_multiple_CD61+_14.png,wbc platelet
../prepare_data_source/revised_clusters/multi/chan2_1123p_82a_11232020_10_daf_no comp_RBC_multiple_CD61+_15.png,../prepare_data_source/revised_clusters/multi/chan3_1123p_82a_11232020_10_daf_no comp_RBC_multiple_CD61+_15.png,../prepare_data_source/revised_clusters/multi/chan7_1123p_82a_11232020_10_daf_no comp_RBC_multiple_CD61+_15.png,../prepare_data_source/revised_clusters/multi/chan11_1123p_82a_11232020_10_daf_no comp_RBC_multiple_CD61+_15.png,platelet
../prepare_data_source/revised_clusters/multi/chan2_1123p_82a_11232020_10_daf_no comp_RBC_multiple_CD61+_16.png,../prepare_data_source/revised_clusters/multi/chan3_1123p_82a_11232020_10_daf_no comp_RBC_multiple_CD61+_16.png,../prepare_data_source/revised_clusters/multi/chan7_1123p_82a_11232020_10_daf_no comp_RBC_multiple_CD61+_16.png,../prepare_data_source/revised_clusters/multi/chan11_1123p_82a_11232020_10_daf_no comp_RBC_multiple_CD61+_16.png,wbc platelet
../prepare_data_source/revised_clusters/multi/chan2_1123p_82a_11232020_10_daf_no comp_RBC_multiple_CD61+_17.png,../prepare_data_source/revised_clusters/multi/chan3_1123p_82a_11232020_10_daf_no comp_RBC_multiple_CD61+_17.png,../prepare_data_source/revised_clusters/multi/chan7_1123p_82a_11232020_10_daf_no comp_RBC_multiple_CD61+_17.png,../prepare_data_source/revised_clusters/multi/chan11_1123p_82a_11232020_10_daf_no comp_RBC_multiple_CD61+_17.png,wbc platelet
../prepare_data_source/revised_clusters/multi/chan2_1123p_82a_11232020_10_daf_no comp_RBC_multiple_CD61+_18.png,../prepare_data_source/revised_clusters/multi/chan3_1123p_82a_11232020_10_daf_no comp_RBC_multiple_CD61+_18.png,../prepare_data_source/revised_clusters/multi/chan7_1123p_82a_11232020_10_daf_no comp_RBC_multiple_CD61+_18.png,../prepare_data_source/revised_clusters/multi/chan11_1123p_82a_11232020_10_daf_no comp_RBC_multiple_CD61+_18.png,wbc platelet
../prepare_data_source/revised_clusters/multi/chan2_1123p_82a_11232020_10_daf_no comp_RBC_multiple_CD61+_19.png,../prepare_data_source/revised_clusters/multi/chan3_1123p_82a_11232020_10_daf_no comp_RBC_multiple_CD61+_19.png,../prepare_data_source/revised_clusters/multi/chan7_1123p_82a_11232020_10_daf_no comp_RBC_multiple_CD61+_19.png,../prepare_data_source/revised_clusters/multi/chan11_1123p_82a_11232020_10_daf_no comp_RBC_multiple_CD61+_19.png,platelet
../prepare_data_source/revised_clusters/multi/chan2_1123p_82a_11232020_10_daf_no comp_RBC_multiple_CD61+_2.png,../prepare_data_source/revised_clusters/multi/chan3_1123p_82a_11232020_10_daf_no comp_RBC_multiple_CD61+_2.png,../prepare_data_source/revised_clusters/multi/chan7_1123p_82a_11232020_10_daf_no comp_RBC_multiple_CD61+_2.png,../prepare_data_source/revised_clusters/multi/chan11_1123p_82a_11232020_10_daf_no comp_RBC_multiple_CD61+_2.png,wbc platelet
../prepare_data_source/revised_clusters/multi/chan2_1123p_82a_11232020_10_daf_no comp_RBC_multiple_CD61+_20.png,../prepare_data_source/revised_clusters/multi/chan3_1123p_82a_11232020_10_daf_no comp_RBC_multiple_CD61+_20.png,../prepare_data_source/revised_clusters/multi/chan7_1123p_82a_11232020_10_daf_no comp_RBC_multiple_CD61+_20.png,../prepare_data_source/revised_clusters/multi/chan11_1123p_82a_11232020_10_daf_no comp_RBC_multiple_CD61+_20.png,wbc platelet
../prepare_data_source/revised_clusters/multi/chan2_1123p_82a_11232020_10_daf_no comp_RBC_multiple_CD61+_21.png,../prepare_data_source/revised_clusters/multi/chan3_1123p_82a_11232020_10_daf_no comp_RBC_multiple_CD61+_21.png,../prepare_data_source/revised_clusters/multi/chan7_1123p_82a_11232020_10_daf_no comp_RBC_multiple_CD61+_21.png,../prepare_data_source/revised_clusters/multi/chan11_1123p_82a_11232020_10_daf_no comp_RBC_multiple_CD61+_21.png,wbc platelet
../prepare_data_source/revised_clusters/multi/chan2_1123p_82a_11232020_10_daf_no comp_RBC_multiple_CD61+_22.png,../prepare_data_source/revised_clusters/multi/chan3_1123p_82a_11232020_10_daf_no comp_RBC_multiple_CD61+_22.png,../prepare_data_source/revised_clusters/multi/chan7_1123p_82a_11232020_10_daf_no comp_RBC_multiple_CD61+_22.png,../prepare_data_source/revised_clusters/multi/chan11_1123p_82a_11232020_10_daf_no comp_RBC_multiple_CD61+_22.png,wbc platelet
../prepare_data_source/revised_clusters/multi/chan2_1123p_82a_11232020_10_daf_no comp_RBC_multiple_CD61+_23.png,../prepare_data_source/revised_clusters/multi/chan3_1123p_82a_11232020_10_daf_no comp_RBC_multiple_CD61+_23.png,../prepare_data_source/revised_clusters/multi/chan7_1123p_82a_11232020_10_daf_no comp_RBC_multiple_CD61+_23.png,../prepare_data_source/revised_clusters/multi/chan11_1123p_82a_11232020_10_daf_no comp_RBC_multiple_CD61+_23.png,wbc platelet
../prepare_data_source/revised_clusters/multi/chan2_1123p_82a_11232020_10_daf_no comp_RBC_multiple_CD61+_24.png,../prepare_data_source/revised_clusters/multi/chan3_1123p_82a_11232020_10_daf_no comp_RBC_multiple_CD61+_24.png,../prepare_data_source/revised_clusters/multi/chan7_1123p_82a_11232020_10_daf_no comp_RBC_multiple_CD61+_24.png,../prepare_data_source/revised_clusters/multi/chan11_1123p_82a_11232020_10_daf_no comp_RBC_multiple_CD61+_24.png,wbc platelet
../prepare_data_source/revised_clusters/multi/chan2_1123p_82a_11232020_10_daf_no comp_RBC_multiple_CD61+_25.png,../prepare_data_source/revised_clusters/multi/chan3_1123p_82a_11232020_10_daf_no comp_RBC_multiple_CD61+_25.png,../prepare_data_source/revised_clusters/multi/chan7_1123p_82a_11232020_10_daf_no comp_RBC_multiple_CD61+_25.png,../prepare_data_source/revised_clusters/multi/chan11_1123p_82a_11232020_10_daf_no comp_RBC_multiple_CD61+_25.png,wbc platelet
../prepare_data_source/revised_clusters/multi/chan2_1123p_82a_11232020_10_daf_no comp_RBC_multiple_CD61+_26.png,../prepare_data_source/revised_clusters/multi/chan3_1123p_82a_11232020_10_daf_no comp_RBC_multiple_CD61+_26.png,../prepare_data_source/revised_clusters/multi/chan7_1123p_82a_11232020_10_daf_no comp_RBC_multiple_CD61+_26.png,../prepare_data_source/revised_clusters/multi/chan11_1123p_82a_11232020_10_daf_no comp_RBC_multiple_CD61+_26.png,wbc platelet
../prepare_data_source/revised_clusters/multi/chan2_1123p_82a_11232020_10_daf_no comp_RBC_multiple_CD61+_27.png,../prepare_data_source/revised_clusters/multi/chan3_1123p_82a_11232020_10_daf_no comp_RBC_multiple_CD61+_27.png,../prepare_data_source/revised_clusters/multi/chan7_1123p_82a_11232020_10_daf_no comp_RBC_multiple_CD61+_27.png,../prepare_data_source/revised_clusters/multi/chan11_1123p_82a_11232020_10_daf_no comp_RBC_multiple_CD61+_27.png,wbc platelet
../prepare_data_source/revised_clusters/multi/chan2_1123p_82a_11232020_10_daf_no comp_RBC_multiple_CD61+_28.png,../prepare_data_source/revised_clusters/multi/chan3_1123p_82a_11232020_10_daf_no comp_RBC_multiple_CD61+_28.png,../prepare_data_source/revised_clusters/multi/chan7_1123p_82a_11232020_10_daf_no comp_RBC_multiple_CD61+_28.png,../prepare_data_source/revised_clusters/multi/chan11_1123p_82a_11232020_10_daf_no comp_RBC_multiple_CD61+_28.png,wbc platelet
../prepare_data_source/revised_clusters/multi/chan2_1123p_82a_11232020_10_daf_no comp_RBC_multiple_CD61+_29.png,../prepare_data_source/revised_clusters/multi/chan3_1123p_82a_11232020_10_daf_no comp_RBC_multiple_CD61+_29.png,../prepare_data_source/revised_clusters/multi/chan7_1123p_82a_11232020_10_daf_no comp_RBC_multiple_CD61+_29.png,../prepare_data_source/revised_clusters/multi/chan11_1123p_82a_11232020_10_daf_no comp_RBC_multiple_CD61+_29.png,wbc platelet
../prepare_data_source/revised_clusters/multi/chan2_1123p_82a_11232020_10_daf_no comp_RBC_multiple_CD61+_3.png,../prepare_data_source/revised_clusters/multi/chan3_1123p_82a_11232020_10_daf_no comp_RBC_multiple_CD61+_3.png,../prepare_data_source/revised_clusters/multi/chan7_1123p_82a_11232020_10_daf_no comp_RBC_multiple_CD61+_3.png,../prepare_data_source/revised_clusters/multi/chan11_1123p_82a_11232020_10_daf_no comp_RBC_multiple_CD61+_3.png,wbc platelet
../prepare_data_source/revised_clusters/multi/chan2_1123p_82a_11232020_10_daf_no comp_RBC_multiple_CD61+_30.png,../prepare_data_source/revised_clusters/multi/chan3_1123p_82a_11232020_10_daf_no comp_RBC_multiple_CD61+_30.png,../prepare_data_source/revised_clusters/multi/chan7_1123p_82a_11232020_10_daf_no comp_RBC_multiple_CD61+_30.png,../prepare_data_source/revised_clusters/multi/chan11_1123p_82a_11232020_10_daf_no comp_RBC_multiple_CD61+_30.png,platelet
../prepare_data_source/revised_clusters/multi/chan2_1123p_82a_11232020_10_daf_no comp_RBC_multiple_CD61+_31.png,../prepare_data_source/revised_clusters/multi/chan3_1123p_82a_11232020_10_daf_no comp_RBC_multiple_CD61+_31.png,../prepare_data_source/revised_clusters/multi/chan7_1123p_82a_11232020_10_daf_no comp_RBC_multiple_CD61+_31.png,../prepare_data_source/revised_clusters/multi/chan11_1123p_82a_11232020_10_daf_no comp_RBC_multiple_CD61+_31.png,wbc platelet
../prepare_data_source/revised_clusters/multi/chan2_1123p_82a_11232020_10_daf_no comp_RBC_multiple_CD61+_32.png,../prepare_data_source/revised_clusters/multi/chan3_1123p_82a_11232020_10_daf_no comp_RBC_multiple_CD61+_32.png,../prepare_data_source/revised_clusters/multi/chan7_1123p_82a_11232020_10_daf_no comp_RBC_multiple_CD61+_32.png,../prepare_data_source/revised_clusters/multi/chan11_1123p_82a_11232020_10_daf_no comp_RBC_multiple_CD61+_32.png,wbc platelet
../prepare_data_source/revised_clusters/multi/chan2_1123p_82a_11232020_10_daf_no comp_RBC_multiple_CD61+_33.png,../prepare_data_source/revised_clusters/multi/chan3_1123p_82a_11232020_10_daf_no comp_RBC_multiple_CD61+_33.png,../prepare_data_source/revised_clusters/multi/chan7_1123p_82a_11232020_10_daf_no comp_RBC_multiple_CD61+_33.png,../prepare_data_source/revised_clusters/multi/chan11_1123p_82a_11232020_10_daf_no comp_RBC_multiple_CD61+_33.png,wbc platelet
../prepare_data_source/revised_clusters/multi/chan2_1123p_82a_11232020_10_daf_no comp_RBC_multiple_CD61+_34.png,../prepare_data_source/revised_clusters/multi/chan3_1123p_82a_11232020_10_daf_no comp_RBC_multiple_CD61+_34.png,../prepare_data_source/revised_clusters/multi/chan7_1123p_82a_11232020_10_daf_no comp_RBC_multiple_CD61+_34.png,../prepare_data_source/revised_clusters/multi/chan11_1123p_82a_11232020_10_daf_no comp_RBC_multiple_CD61+_34.png,wbc platelet
../prepare_data_source/revised_clusters/multi/chan2_1123p_82a_11232020_10_daf_no comp_RBC_multiple_CD61+_35.png,../prepare_data_source/revised_clusters/multi/chan3_1123p_82a_11232020_10_daf_no comp_RBC_multiple_CD61+_35.png,../prepare_data_source/revised_clusters/multi/chan7_1123p_82a_11232020_10_daf_no comp_RBC_multiple_CD61+_35.png,../prepare_data_source/revised_clusters/multi/chan11_1123p_82a_11232020_10_daf_no comp_RBC_multiple_CD61+_35.png,platelet
../prepare_data_source/revised_clusters/multi/chan2_1123p_82a_11232020_10_daf_no comp_RBC_multiple_CD61+_36.png,../prepare_data_source/revised_clusters/multi/chan3_1123p_82a_11232020_10_daf_no comp_RBC_multiple_CD61+_36.png,../prepare_data_source/revised_clusters/multi/chan7_1123p_82a_11232020_10_daf_no comp_RBC_multiple_CD61+_36.png,../prepare_data_source/revised_clusters/multi/chan11_1123p_82a_11232020_10_daf_no comp_RBC_multiple_CD61+_36.png,wbc platelet
../prepare_data_source/revised_clusters/multi/chan2_1123p_82a_11232020_10_daf_no comp_RBC_multiple_CD61+_37.png,../prepare_data_source/revised_clusters/multi/chan3_1123p_82a_11232020_10_daf_no comp_RBC_multiple_CD61+_37.png,../prepare_data_source/revised_clusters/multi/chan7_1123p_82a_11232020_10_daf_no comp_RBC_multiple_CD61+_37.png,../prepare_data_source/revised_clusters/multi/chan11_1123p_82a_11232020_10_daf_no comp_RBC_multiple_CD61+_37.png,wbc platelet
../prepare_data_source/revised_clusters/multi/chan2_1123p_82a_11232020_10_daf_no comp_RBC_multiple_CD61+_38.png,../prepare_data_source/revised_clusters/multi/chan3_1123p_82a_11232020_10_daf_no comp_RBC_multiple_CD61+_38.png,../prepare_data_source/revised_clusters/multi/chan7_1123p_82a_11232020_10_daf_no comp_RBC_multiple_CD61+_38.png,../prepare_data_source/revised_clusters/multi/chan11_1123p_82a_11232020_10_daf_no comp_RBC_multiple_CD61+_38.png,wbc platelet
../prepare_data_source/revised_clusters/multi/chan2_1123p_82a_11232020_10_daf_no comp_RBC_multiple_CD61+_39.png,../prepare_data_source/revised_clusters/multi/chan3_1123p_82a_11232020_10_daf_no comp_RBC_multiple_CD61+_39.png,../prepare_data_source/revised_clusters/multi/chan7_1123p_82a_11232020_10_daf_no comp_RBC_multiple_CD61+_39.png,../prepare_data_source/revised_clusters/multi/chan11_1123p_82a_11232020_10_daf_no comp_RBC_multiple_CD61+_39.png,wbc platelet
../prepare_data_source/revised_clusters/multi/chan2_1123p_82a_11232020_10_daf_no comp_RBC_multiple_CD61+_4.png,../prepare_data_source/revised_clusters/multi/chan3_1123p_82a_11232020_10_daf_no comp_RBC_multiple_CD61+_4.png,../prepare_data_source/revised_clusters/multi/chan7_1123p_82a_11232020_10_daf_no comp_RBC_multiple_CD61+_4.png,../prepare_data_source/revised_clusters/multi/chan11_1123p_82a_11232020_10_daf_no comp_RBC_multiple_CD61+_4.png,wbc platelet
../prepare_data_source/revised_clusters/multi/chan2_1123p_82a_11232020_10_daf_no comp_RBC_multiple_CD61+_40.png,../prepare_data_source/revised_clusters/multi/chan3_1123p_82a_11232020_10_daf_no comp_RBC_multiple_CD61+_40.png,../prepare_data_source/revised_clusters/multi/chan7_1123p_82a_11232020_10_daf_no comp_RBC_multiple_CD61+_40.png,../prepare_data_source/revised_clusters/multi/chan11_1123p_82a_11232020_10_daf_no comp_RBC_multiple_CD61+_40.png,wbc platelet
../prepare_data_source/revised_clusters/multi/chan2_1123p_82a_11232020_10_daf_no comp_RBC_multiple_CD61+_41.png,../prepare_data_source/revised_clusters/multi/chan3_1123p_82a_11232020_10_daf_no comp_RBC_multiple_CD61+_41.png,../prepare_data_source/revised_clusters/multi/chan7_1123p_82a_11232020_10_daf_no comp_RBC_multiple_CD61+_41.png,../prepare_data_source/revised_clusters/multi/chan11_1123p_82a_11232020_10_daf_no comp_RBC_multiple_CD61+_41.png,wbc platelet
../prepare_data_source/revised_clusters/multi/chan2_1123p_82a_11232020_10_daf_no comp_RBC_multiple_CD61+_42.png,../prepare_data_source/revised_clusters/multi/chan3_1123p_82a_11232020_10_daf_no comp_RBC_multiple_CD61+_42.png,../prepare_data_source/revised_clusters/multi/chan7_1123p_82a_11232020_10_daf_no comp_RBC_multiple_CD61+_42.png,../prepare_data_source/revised_clusters/multi/chan11_1123p_82a_11232020_10_daf_no comp_RBC_multiple_CD61+_42.png,wbc platelet
../prepare_data_source/revised_clusters/multi/chan2_1123p_82a_11232020_10_daf_no comp_RBC_multiple_CD61+_43.png,../prepare_data_source/revised_clusters/multi/chan3_1123p_82a_11232020_10_daf_no comp_RBC_multiple_CD61+_43.png,../prepare_data_source/revised_clusters/multi/chan7_1123p_82a_11232020_10_daf_no comp_RBC_multiple_CD61+_43.png,../prepare_data_source/revised_clusters/multi/chan11_1123p_82a_11232020_10_daf_no comp_RBC_multiple_CD61+_43.png,wbc platelet
../prepare_data_source/revised_clusters/multi/chan2_1123p_82a_11232020_10_daf_no comp_RBC_multiple_CD61+_44.png,../prepare_data_source/revised_clusters/multi/chan3_1123p_82a_11232020_10_daf_no comp_RBC_multiple_CD61+_44.png,../prepare_data_source/revised_clusters/multi/chan7_1123p_82a_11232020_10_daf_no comp_RBC_multiple_CD61+_44.png,../prepare_data_source/revised_clusters/multi/chan11_1123p_82a_11232020_10_daf_no comp_RBC_multiple_CD61+_44.png,platelet
../prepare_data_source/revised_clusters/multi/chan2_1123p_82a_11232020_10_daf_no comp_RBC_multiple_CD61+_45.png,../prepare_data_source/revised_clusters/multi/chan3_1123p_82a_11232020_10_daf_no comp_RBC_multiple_CD61+_45.png,../prepare_data_source/revised_clusters/multi/chan7_1123p_82a_11232020_10_daf_no comp_RBC_multiple_CD61+_45.png,../prepare_data_source/revised_clusters/multi/chan11_1123p_82a_11232020_10_daf_no comp_RBC_multiple_CD61+_45.png,platelet
../prepare_data_source/revised_clusters/multi/chan2_1123p_82a_11232020_10_daf_no comp_RBC_multiple_CD61+_46.png,../prepare_data_source/revised_clusters/multi/chan3_1123p_82a_11232020_10_daf_no comp_RBC_multiple_CD61+_46.png,../prepare_data_source/revised_clusters/multi/chan7_1123p_82a_11232020_10_daf_no comp_RBC_multiple_CD61+_46.png,../prepare_data_source/revised_clusters/multi/chan11_1123p_82a_11232020_10_daf_no comp_RBC_multiple_CD61+_46.png,wbc platelet
../prepare_data_source/revised_clusters/multi/chan2_1123p_82a_11232020_10_daf_no comp_RBC_multiple_CD61+_47.png,../prepare_data_source/revised_clusters/multi/chan3_1123p_82a_11232020_10_daf_no comp_RBC_multiple_CD61+_47.png,../prepare_data_source/revised_clusters/multi/chan7_1123p_82a_11232020_10_daf_no comp_RBC_multiple_CD61+_47.png,../prepare_data_source/revised_clusters/multi/chan11_1123p_82a_11232020_10_daf_no comp_RBC_multiple_CD61+_47.png,wbc platelet
../prepare_data_source/revised_clusters/multi/chan2_1123p_82a_11232020_10_daf_no comp_RBC_multiple_CD61+_48.png,../prepare_data_source/revised_clusters/multi/chan3_1123p_82a_11232020_10_daf_no comp_RBC_multiple_CD61+_48.png,../prepare_data_source/revised_clusters/multi/chan7_1123p_82a_11232020_10_daf_no comp_RBC_multiple_CD61+_48.png,../prepare_data_source/revised_clusters/multi/chan11_1123p_82a_11232020_10_daf_no comp_RBC_multiple_CD61+_48.png,wbc platelet
../prepare_data_source/revised_clusters/multi/chan2_1123p_82a_11232020_10_daf_no comp_RBC_multiple_CD61+_49.png,../prepare_data_source/revised_clusters/multi/chan3_1123p_82a_11232020_10_daf_no comp_RBC_multiple_CD61+_49.png,../prepare_data_source/revised_clusters/multi/chan7_1123p_82a_11232020_10_daf_no comp_RBC_multiple_CD61+_49.png,../prepare_data_source/revised_clusters/multi/chan11_1123p_82a_11232020_10_daf_no comp_RBC_multiple_CD61+_49.png,wbc platelet
../prepare_data_source/revised_clusters/multi/chan2_1123p_82a_11232020_10_daf_no comp_RBC_multiple_CD61+_5.png,../prepare_data_source/revised_clusters/multi/chan3_1123p_82a_11232020_10_daf_no comp_RBC_multiple_CD61+_5.png,../prepare_data_source/revised_clusters/multi/chan7_1123p_82a_11232020_10_daf_no comp_RBC_multiple_CD61+_5.png,../prepare_data_source/revised_clusters/multi/chan11_1123p_82a_11232020_10_daf_no comp_RBC_multiple_CD61+_5.png,wbc platelet
../prepare_data_source/revised_clusters/multi/chan2_1123p_82a_11232020_10_daf_no comp_RBC_multiple_CD61+_50.png,../prepare_data_source/revised_clusters/multi/chan3_1123p_82a_11232020_10_daf_no comp_RBC_multiple_CD61+_50.png,../prepare_data_source/revised_clusters/multi/chan7_1123p_82a_11232020_10_daf_no comp_RBC_multiple_CD61+_50.png,../prepare_data_source/revised_clusters/multi/chan11_1123p_82a_11232020_10_daf_no comp_RBC_multiple_CD61+_50.png,wbc platelet
../prepare_data_source/revised_clusters/multi/chan2_1123p_82a_11232020_10_daf_no comp_RBC_multiple_CD61+_51.png,../prepare_data_source/revised_clusters/multi/chan3_1123p_82a_11232020_10_daf_no comp_RBC_multiple_CD61+_51.png,../prepare_data_source/revised_clusters/multi/chan7_1123p_82a_11232020_10_daf_no comp_RBC_multiple_CD61+_51.png,../prepare_data_source/revised_clusters/multi/chan11_1123p_82a_11232020_10_daf_no comp_RBC_multiple_CD61+_51.png,wbc platelet
../prepare_data_source/revised_clusters/multi/chan2_1123p_82a_11232020_10_daf_no comp_RBC_multiple_CD61+_52.png,../prepare_data_source/revised_clusters/multi/chan3_1123p_82a_11232020_10_daf_no comp_RBC_multiple_CD61+_52.png,../prepare_data_source/revised_clusters/multi/chan7_1123p_82a_11232020_10_daf_no comp_RBC_multiple_CD61+_52.png,../prepare_data_source/revised_clusters/multi/chan11_1123p_82a_11232020_10_daf_no comp_RBC_multiple_CD61+_52.png,platelet
../prepare_data_source/revised_clusters/multi/chan2_1123p_82a_11232020_10_daf_no comp_RBC_multiple_CD61+_53.png,../prepare_data_source/revised_clusters/multi/chan3_1123p_82a_11232020_10_daf_no comp_RBC_multiple_CD61+_53.png,../prepare_data_source/revised_clusters/multi/chan7_1123p_82a_11232020_10_daf_no comp_RBC_multiple_CD61+_53.png,../prepare_data_source/revised_clusters/multi/chan11_1123p_82a_11232020_10_daf_no comp_RBC_multiple_CD61+_53.png,wbc platelet
../prepare_data_source/revised_clusters/multi/chan2_1123p_82a_11232020_10_daf_no comp_RBC_multiple_CD61+_54.png,../prepare_data_source/revised_clusters/multi/chan3_1123p_82a_11232020_10_daf_no comp_RBC_multiple_CD61+_54.png,../prepare_data_source/revised_clusters/multi/chan7_1123p_82a_11232020_10_daf_no comp_RBC_multiple_CD61+_54.png,../prepare_data_source/revised_clusters/multi/chan11_1123p_82a_11232020_10_daf_no comp_RBC_multiple_CD61+_54.png,wbc platelet
../prepare_data_source/revised_clusters/multi/chan2_1123p_82a_11232020_10_daf_no comp_RBC_multiple_CD61+_55.png,../prepare_data_source/revised_clusters/multi/chan3_1123p_82a_11232020_10_daf_no comp_RBC_multiple_CD61+_55.png,../prepare_data_source/revised_clusters/multi/chan7_1123p_82a_11232020_10_daf_no comp_RBC_multiple_CD61+_55.png,../prepare_data_source/revised_clusters/multi/chan11_1123p_82a_11232020_10_daf_no comp_RBC_multiple_CD61+_55.png,wbc platelet
../prepare_data_source/revised_clusters/multi/chan2_1123p_82a_11232020_10_daf_no comp_RBC_multiple_CD61+_56.png,../prepare_data_source/revised_clusters/multi/chan3_1123p_82a_11232020_10_daf_no comp_RBC_multiple_CD61+_56.png,../prepare_data_source/revised_clusters/multi/chan7_1123p_82a_11232020_10_daf_no comp_RBC_multiple_CD61+_56.png,../prepare_data_source/revised_clusters/multi/chan11_1123p_82a_11232020_10_daf_no comp_RBC_multiple_CD61+_56.png,wbc platelet
../prepare_data_source/revised_clusters/multi/chan2_1123p_82a_11232020_10_daf_no comp_RBC_multiple_CD61+_57.png,../prepare_data_source/revised_clusters/multi/chan3_1123p_82a_11232020_10_daf_no comp_RBC_multiple_CD61+_57.png,../prepare_data_source/revised_clusters/multi/chan7_1123p_82a_11232020_10_daf_no comp_RBC_multiple_CD61+_57.png,../prepare_data_source/revised_clusters/multi/chan11_1123p_82a_11232020_10_daf_no comp_RBC_multiple_CD61+_57.png,wbc platelet
../prepare_data_source/revised_clusters/multi/chan2_1123p_82a_11232020_10_daf_no comp_RBC_multiple_CD61+_58.png,../prepare_data_source/revised_clusters/multi/chan3_1123p_82a_11232020_10_daf_no comp_RBC_multiple_CD61+_58.png,../prepare_data_source/revised_clusters/multi/chan7_1123p_82a_11232020_10_daf_no comp_RBC_multiple_CD61+_58.png,../prepare_data_source/revised_clusters/multi/chan11_1123p_82a_11232020_10_daf_no comp_RBC_multiple_CD61+_58.png,wbc platelet
../prepare_data_source/revised_clusters/multi/chan2_1123p_82a_11232020_10_daf_no comp_RBC_multiple_CD61+_59.png,../prepare_data_source/revised_clusters/multi/chan3_1123p_82a_11232020_10_daf_no comp_RBC_multiple_CD61+_59.png,../prepare_data_source/revised_clusters/multi/chan7_1123p_82a_11232020_10_daf_no comp_RBC_multiple_CD61+_59.png,../prepare_data_source/revised_clusters/multi/chan11_1123p_82a_11232020_10_daf_no comp_RBC_multiple_CD61+_59.png,platelet
../prepare_data_source/revised_clusters/multi/chan2_1123p_82a_11232020_10_daf_no comp_RBC_multiple_CD61+_6.png,../prepare_data_source/revised_clusters/multi/chan3_1123p_82a_11232020_10_daf_no comp_RBC_multiple_CD61+_6.png,../prepare_data_source/revised_clusters/multi/chan7_1123p_82a_11232020_10_daf_no comp_RBC_multiple_CD61+_6.png,../prepare_data_source/revised_clusters/multi/chan11_1123p_82a_11232020_10_daf_no comp_RBC_multiple_CD61+_6.png,platelet
../prepare_data_source/revised_clusters/multi/chan2_1123p_82a_11232020_10_daf_no comp_RBC_multiple_CD61+_60.png,../prepare_data_source/revised_clusters/multi/chan3_1123p_82a_11232020_10_daf_no comp_RBC_multiple_CD61+_60.png,../prepare_data_source/revised_clusters/multi/chan7_1123p_82a_11232020_10_daf_no comp_RBC_multiple_CD61+_60.png,../prepare_data_source/revised_clusters/multi/chan11_1123p_82a_11232020_10_daf_no comp_RBC_multiple_CD61+_60.png,wbc platelet
../prepare_data_source/revised_clusters/multi/chan2_1123p_82a_11232020_10_daf_no comp_RBC_multiple_CD61+_61.png,../prepare_data_source/revised_clusters/multi/chan3_1123p_82a_11232020_10_daf_no comp_RBC_multiple_CD61+_61.png,../prepare_data_source/revised_clusters/multi/chan7_1123p_82a_11232020_10_daf_no comp_RBC_multiple_CD61+_61.png,../prepare_data_source/revised_clusters/multi/chan11_1123p_82a_11232020_10_daf_no comp_RBC_multiple_CD61+_61.png,wbc platelet
../prepare_data_source/revised_clusters/multi/chan2_1123p_82a_11232020_10_daf_no comp_RBC_multiple_CD61+_62.png,../prepare_data_source/revised_clusters/multi/chan3_1123p_82a_11232020_10_daf_no comp_RBC_multiple_CD61+_62.png,../prepare_data_source/revised_clusters/multi/chan7_1123p_82a_11232020_10_daf_no comp_RBC_multiple_CD61+_62.png,../prepare_data_source/revised_clusters/multi/chan11_1123p_82a_11232020_10_daf_no comp_RBC_multiple_CD61+_62.png,platelet
../prepare_data_source/revised_clusters/multi/chan2_1123p_82a_11232020_10_daf_no comp_RBC_multiple_CD61+_63.png,../prepare_data_source/revised_clusters/multi/chan3_1123p_82a_11232020_10_daf_no comp_RBC_multiple_CD61+_63.png,../prepare_data_source/revised_clusters/multi/chan7_1123p_82a_11232020_10_daf_no comp_RBC_multiple_CD61+_63.png,../prepare_data_source/revised_clusters/multi/chan11_1123p_82a_11232020_10_daf_no comp_RBC_multiple_CD61+_63.png,platelet
../prepare_data_source/revised_clusters/multi/chan2_1123p_82a_11232020_10_daf_no comp_RBC_multiple_CD61+_64.png,../prepare_data_source/revised_clusters/multi/chan3_1123p_82a_11232020_10_daf_no comp_RBC_multiple_CD61+_64.png,../prepare_data_source/revised_clusters/multi/chan7_1123p_82a_11232020_10_daf_no comp_RBC_multiple_CD61+_64.png,../prepare_data_source/revised_clusters/multi/chan11_1123p_82a_11232020_10_daf_no comp_RBC_multiple_CD61+_64.png,wbc platelet
../prepare_data_source/revised_clusters/multi/chan2_1123p_82a_11232020_10_daf_no comp_RBC_multiple_CD61+_65.png,../prepare_data_source/revised_clusters/multi/chan3_1123p_82a_11232020_10_daf_no comp_RBC_multiple_CD61+_65.png,../prepare_data_source/revised_clusters/multi/chan7_1123p_82a_11232020_10_daf_no comp_RBC_multiple_CD61+_65.png,../prepare_data_source/revised_clusters/multi/chan11_1123p_82a_11232020_10_daf_no comp_RBC_multiple_CD61+_65.png,wbc platelet
../prepare_data_source/revised_clusters/multi/chan2_1123p_82a_11232020_10_daf_no comp_RBC_multiple_CD61+_66.png,../prepare_data_source/revised_clusters/multi/chan3_1123p_82a_11232020_10_daf_no comp_RBC_multiple_CD61+_66.png,../prepare_data_source/revised_clusters/multi/chan7_1123p_82a_11232020_10_daf_no comp_RBC_multiple_CD61+_66.png,../prepare_data_source/revised_clusters/multi/chan11_1123p_82a_11232020_10_daf_no comp_RBC_multiple_CD61+_66.png,wbc platelet
../prepare_data_source/revised_clusters/multi/chan2_1123p_82a_11232020_10_daf_no comp_RBC_multiple_CD61+_67.png,../prepare_data_source/revised_clusters/multi/chan3_1123p_82a_11232020_10_daf_no comp_RBC_multiple_CD61+_67.png,../prepare_data_source/revised_clusters/multi/chan7_1123p_82a_11232020_10_daf_no comp_RBC_multiple_CD61+_67.png,../prepare_data_source/revised_clusters/multi/chan11_1123p_82a_11232020_10_daf_no comp_RBC_multiple_CD61+_67.png,wbc platelet
../prepare_data_source/revised_clusters/multi/chan2_1123p_82a_11232020_10_daf_no comp_RBC_multiple_CD61+_68.png,../prepare_data_source/revised_clusters/multi/chan3_1123p_82a_11232020_10_daf_no comp_RBC_multiple_CD61+_68.png,../prepare_data_source/revised_clusters/multi/chan7_1123p_82a_11232020_10_daf_no comp_RBC_multiple_CD61+_68.png,../prepare_data_source/revised_clusters/multi/chan11_1123p_82a_11232020_10_daf_no comp_RBC_multiple_CD61+_68.png,wbc platelet
../prepare_data_source/revised_clusters/multi/chan2_1123p_82a_11232020_10_daf_no comp_RBC_multiple_CD61+_69.png,../prepare_data_source/revised_clusters/multi/chan3_1123p_82a_11232020_10_daf_no comp_RBC_multiple_CD61+_69.png,../prepare_data_source/revised_clusters/multi/chan7_1123p_82a_11232020_10_daf_no comp_RBC_multiple_CD61+_69.png,../prepare_data_source/revised_clusters/multi/chan11_1123p_82a_11232020_10_daf_no comp_RBC_multiple_CD61+_69.png,wbc platelet
../prepare_data_source/revised_clusters/multi/chan2_1123p_82a_11232020_10_daf_no comp_RBC_multiple_CD61+_7.png,../prepare_data_source/revised_clusters/multi/chan3_1123p_82a_11232020_10_daf_no comp_RBC_multiple_CD61+_7.png,../prepare_data_source/revised_clusters/multi/chan7_1123p_82a_11232020_10_daf_no comp_RBC_multiple_CD61+_7.png,../prepare_data_source/revised_clusters/multi/chan11_1123p_82a_11232020_10_daf_no comp_RBC_multiple_CD61+_7.png,wbc platelet
../prepare_data_source/revised_clusters/multi/chan2_1123p_82a_11232020_10_daf_no comp_RBC_multiple_CD61+_70.png,../prepare_data_source/revised_clusters/multi/chan3_1123p_82a_11232020_10_daf_no comp_RBC_multiple_CD61+_70.png,../prepare_data_source/revised_clusters/multi/chan7_1123p_82a_11232020_10_daf_no comp_RBC_multiple_CD61+_70.png,../prepare_data_source/revised_clusters/multi/chan11_1123p_82a_11232020_10_daf_no comp_RBC_multiple_CD61+_70.png,wbc platelet
../prepare_data_source/revised_clusters/multi/chan2_1123p_82a_11232020_10_daf_no comp_RBC_multiple_CD61+_71.png,../prepare_data_source/revised_clusters/multi/chan3_1123p_82a_11232020_10_daf_no comp_RBC_multiple_CD61+_71.png,../prepare_data_source/revised_clusters/multi/chan7_1123p_82a_11232020_10_daf_no comp_RBC_multiple_CD61+_71.png,../prepare_data_source/revised_clusters/multi/chan11_1123p_82a_11232020_10_daf_no comp_RBC_multiple_CD61+_71.png,wbc platelet
../prepare_data_source/revised_clusters/multi/chan2_1123p_82a_11232020_10_daf_no comp_RBC_multiple_CD61+_72.png,../prepare_data_source/revised_clusters/multi/chan3_1123p_82a_11232020_10_daf_no comp_RBC_multiple_CD61+_72.png,../prepare_data_source/revised_clusters/multi/chan7_1123p_82a_11232020_10_daf_no comp_RBC_multiple_CD61+_72.png,../prepare_data_source/revised_clusters/multi/chan11_1123p_82a_11232020_10_daf_no comp_RBC_multiple_CD61+_72.png,wbc platelet
../prepare_data_source/revised_clusters/multi/chan2_1123p_82a_11232020_10_daf_no comp_RBC_multiple_CD61+_73.png,../prepare_data_source/revised_clusters/multi/chan3_1123p_82a_11232020_10_daf_no comp_RBC_multiple_CD61+_73.png,../prepare_data_source/revised_clusters/multi/chan7_1123p_82a_11232020_10_daf_no comp_RBC_multiple_CD61+_73.png,../prepare_data_source/revised_clusters/multi/chan11_1123p_82a_11232020_10_daf_no comp_RBC_multiple_CD61+_73.png,wbc platelet
../prepare_data_source/revised_clusters/multi/chan2_1123p_82a_11232020_10_daf_no comp_RBC_multiple_CD61+_74.png,../prepare_data_source/revised_clusters/multi/chan3_1123p_82a_11232020_10_daf_no comp_RBC_multiple_CD61+_74.png,../prepare_data_source/revised_clusters/multi/chan7_1123p_82a_11232020_10_daf_no comp_RBC_multiple_CD61+_74.png,../prepare_data_source/revised_clusters/multi/chan11_1123p_82a_11232020_10_daf_no comp_RBC_multiple_CD61+_74.png,wbc platelet
../prepare_data_source/revised_clusters/multi/chan2_1123p_82a_11232020_10_daf_no comp_RBC_multiple_CD61+_75.png,../prepare_data_source/revised_clusters/multi/chan3_1123p_82a_11232020_10_daf_no comp_RBC_multiple_CD61+_75.png,../prepare_data_source/revised_clusters/multi/chan7_1123p_82a_11232020_10_daf_no comp_RBC_multiple_CD61+_75.png,../prepare_data_source/revised_clusters/multi/chan11_1123p_82a_11232020_10_daf_no comp_RBC_multiple_CD61+_75.png,wbc platelet
../prepare_data_source/revised_clusters/multi/chan2_1123p_82a_11232020_10_daf_no comp_RBC_multiple_CD61+_76.png,../prepare_data_source/revised_clusters/multi/chan3_1123p_82a_11232020_10_daf_no comp_RBC_multiple_CD61+_76.png,../prepare_data_source/revised_clusters/multi/chan7_1123p_82a_11232020_10_daf_no comp_RBC_multiple_CD61+_76.png,../prepare_data_source/revised_clusters/multi/chan11_1123p_82a_11232020_10_daf_no comp_RBC_multiple_CD61+_76.png,platelet
../prepare_data_source/revised_clusters/multi/chan2_1123p_82a_11232020_10_daf_no comp_RBC_multiple_CD61+_77.png,../prepare_data_source/revised_clusters/multi/chan3_1123p_82a_11232020_10_daf_no comp_RBC_multiple_CD61+_77.png,../prepare_data_source/revised_clusters/multi/chan7_1123p_82a_11232020_10_daf_no comp_RBC_multiple_CD61+_77.png,../prepare_data_source/revised_clusters/multi/chan11_1123p_82a_11232020_10_daf_no comp_RBC_multiple_CD61+_77.png,wbc platelet
../prepare_data_source/revised_clusters/multi/chan2_1123p_82a_11232020_10_daf_no comp_RBC_multiple_CD61+_78.png,../prepare_data_source/revised_clusters/multi/chan3_1123p_82a_11232020_10_daf_no comp_RBC_multiple_CD61+_78.png,../prepare_data_source/revised_clusters/multi/chan7_1123p_82a_11232020_10_daf_no comp_RBC_multiple_CD61+_78.png,../prepare_data_source/revised_clusters/multi/chan11_1123p_82a_11232020_10_daf_no comp_RBC_multiple_CD61+_78.png,wbc platelet
../prepare_data_source/revised_clusters/multi/chan2_1123p_82a_11232020_10_daf_no comp_RBC_multiple_CD61+_79.png,../prepare_data_source/revised_clusters/multi/chan3_1123p_82a_11232020_10_daf_no comp_RBC_multiple_CD61+_79.png,../prepare_data_source/revised_clusters/multi/chan7_1123p_82a_11232020_10_daf_no comp_RBC_multiple_CD61+_79.png,../prepare_data_source/revised_clusters/multi/chan11_1123p_82a_11232020_10_daf_no comp_RBC_multiple_CD61+_79.png,platelet
../prepare_data_source/revised_clusters/multi/chan2_1123p_82a_11232020_10_daf_no comp_RBC_multiple_CD61+_8.png,../prepare_data_source/revised_clusters/multi/chan3_1123p_82a_11232020_10_daf_no comp_RBC_multiple_CD61+_8.png,../prepare_data_source/revised_clusters/multi/chan7_1123p_82a_11232020_10_daf_no comp_RBC_multiple_CD61+_8.png,../prepare_data_source/revised_clusters/multi/chan11_1123p_82a_11232020_10_daf_no comp_RBC_multiple_CD61+_8.png,wbc platelet
../prepare_data_source/revised_clusters/multi/chan2_1123p_82a_11232020_10_daf_no comp_RBC_multiple_CD61+_80.png,../prepare_data_source/revised_clusters/multi/chan3_1123p_82a_11232020_10_daf_no comp_RBC_multiple_CD61+_80.png,../prepare_data_source/revised_clusters/multi/chan7_1123p_82a_11232020_10_daf_no comp_RBC_multiple_CD61+_80.png,../prepare_data_source/revised_clusters/multi/chan11_1123p_82a_11232020_10_daf_no comp_RBC_multiple_CD61+_80.png,wbc platelet
../prepare_data_source/revised_clusters/multi/chan2_1123p_82a_11232020_10_daf_no comp_RBC_multiple_CD61+_81.png,../prepare_data_source/revised_clusters/multi/chan3_1123p_82a_11232020_10_daf_no comp_RBC_multiple_CD61+_81.png,../prepare_data_source/revised_clusters/multi/chan7_1123p_82a_11232020_10_daf_no comp_RBC_multiple_CD61+_81.png,../prepare_data_source/revised_clusters/multi/chan11_1123p_82a_11232020_10_daf_no comp_RBC_multiple_CD61+_81.png,wbc platelet
../prepare_data_source/revised_clusters/multi/chan2_1123p_82a_11232020_10_daf_no comp_RBC_multiple_CD61+_82.png,../prepare_data_source/revised_clusters/multi/chan3_1123p_82a_11232020_10_daf_no comp_RBC_multiple_CD61+_82.png,../prepare_data_source/revised_clusters/multi/chan7_1123p_82a_11232020_10_daf_no comp_RBC_multiple_CD61+_82.png,../prepare_data_source/revised_clusters/multi/chan11_1123p_82a_11232020_10_daf_no comp_RBC_multiple_CD61+_82.png,wbc platelet
../prepare_data_source/revised_clusters/multi/chan2_1123p_82a_11232020_10_daf_no comp_RBC_multiple_CD61+_83.png,../prepare_data_source/revised_clusters/multi/chan3_1123p_82a_11232020_10_daf_no comp_RBC_multiple_CD61+_83.png,../prepare_data_source/revised_clusters/multi/chan7_1123p_82a_11232020_10_daf_no comp_RBC_multiple_CD61+_83.png,../prepare_data_source/revised_clusters/multi/chan11_1123p_82a_11232020_10_daf_no comp_RBC_multiple_CD61+_83.png,wbc platelet
../prepare_data_source/revised_clusters/multi/chan2_1123p_82a_11232020_10_daf_no comp_RBC_multiple_CD61+_84.png,../prepare_data_source/revised_clusters/multi/chan3_1123p_82a_11232020_10_daf_no comp_RBC_multiple_CD61+_84.png,../prepare_data_source/revised_clusters/multi/chan7_1123p_82a_11232020_10_daf_no comp_RBC_multiple_CD61+_84.png,../prepare_data_source/revised_clusters/multi/chan11_1123p_82a_11232020_10_daf_no comp_RBC_multiple_CD61+_84.png,platelet
../prepare_data_source/revised_clusters/multi/chan2_1123p_82a_11232020_10_daf_no comp_RBC_multiple_CD61+_85.png,../prepare_data_source/revised_clusters/multi/chan3_1123p_82a_11232020_10_daf_no comp_RBC_multiple_CD61+_85.png,../prepare_data_source/revised_clusters/multi/chan7_1123p_82a_11232020_10_daf_no comp_RBC_multiple_CD61+_85.png,../prepare_data_source/revised_clusters/multi/chan11_1123p_82a_11232020_10_daf_no comp_RBC_multiple_CD61+_85.png,wbc platelet
../prepare_data_source/revised_clusters/multi/chan2_1123p_82a_11232020_10_daf_no comp_RBC_multiple_CD61+_86.png,../prepare_data_source/revised_clusters/multi/chan3_1123p_82a_11232020_10_daf_no comp_RBC_multiple_CD61+_86.png,../prepare_data_source/revised_clusters/multi/chan7_1123p_82a_11232020_10_daf_no comp_RBC_multiple_CD61+_86.png,../prepare_data_source/revised_clusters/multi/chan11_1123p_82a_11232020_10_daf_no comp_RBC_multiple_CD61+_86.png,wbc platelet
../prepare_data_source/revised_clusters/multi/chan2_1123p_82a_11232020_10_daf_no comp_RBC_multiple_CD61+_87.png,../prepare_data_source/revised_clusters/multi/chan3_1123p_82a_11232020_10_daf_no comp_RBC_multiple_CD61+_87.png,../prepare_data_source/revised_clusters/multi/chan7_1123p_82a_11232020_10_daf_no comp_RBC_multiple_CD61+_87.png,../prepare_data_source/revised_clusters/multi/chan11_1123p_82a_11232020_10_daf_no comp_RBC_multiple_CD61+_87.png,platelet
../prepare_data_source/revised_clusters/multi/chan2_1123p_82a_11232020_10_daf_no comp_RBC_multiple_CD61+_88.png,../prepare_data_source/revised_clusters/multi/chan3_1123p_82a_11232020_10_daf_no comp_RBC_multiple_CD61+_88.png,../prepare_data_source/revised_clusters/multi/chan7_1123p_82a_11232020_10_daf_no comp_RBC_multiple_CD61+_88.png,../prepare_data_source/revised_clusters/multi/chan11_1123p_82a_11232020_10_daf_no comp_RBC_multiple_CD61+_88.png,platelet
../prepare_data_source/revised_clusters/multi/chan2_1123p_82a_11232020_10_daf_no comp_RBC_multiple_CD61+_89.png,../prepare_data_source/revised_clusters/multi/chan3_1123p_82a_11232020_10_daf_no comp_RBC_multiple_CD61+_89.png,../prepare_data_source/revised_clusters/multi/chan7_1123p_82a_11232020_10_daf_no comp_RBC_multiple_CD61+_89.png,../prepare_data_source/revised_clusters/multi/chan11_1123p_82a_11232020_10_daf_no comp_RBC_multiple_CD61+_89.png,wbc platelet
../prepare_data_source/revised_clusters/multi/chan2_1123p_82a_11232020_10_daf_no comp_RBC_multiple_CD61+_9.png,../prepare_data_source/revised_clusters/multi/chan3_1123p_82a_11232020_10_daf_no comp_RBC_multiple_CD61+_9.png,../prepare_data_source/revised_clusters/multi/chan7_1123p_82a_11232020_10_daf_no comp_RBC_multiple_CD61+_9.png,../prepare_data_source/revised_clusters/multi/chan11_1123p_82a_11232020_10_daf_no comp_RBC_multiple_CD61+_9.png,wbc platelet
../prepare_data_source/revised_clusters/multi/chan2_1123p_82a_11232020_10_daf_no comp_RBC_multiple_CD61+_90.png,../prepare_data_source/revised_clusters/multi/chan3_1123p_82a_11232020_10_daf_no comp_RBC_multiple_CD61+_90.png,../prepare_data_source/revised_clusters/multi/chan7_1123p_82a_11232020_10_daf_no comp_RBC_multiple_CD61+_90.png,../prepare_data_source/revised_clusters/multi/chan11_1123p_82a_11232020_10_daf_no comp_RBC_multiple_CD61+_90.png,wbc platelet
../prepare_data_source/revised_clusters/multi/chan2_1123p_82a_11232020_10_daf_no comp_RBC_multiple_CD61+_91.png,../prepare_data_source/revised_clusters/multi/chan3_1123p_82a_11232020_10_daf_no comp_RBC_multiple_CD61+_91.png,../prepare_data_source/revised_clusters/multi/chan7_1123p_82a_11232020_10_daf_no comp_RBC_multiple_CD61+_91.png,../prepare_data_source/revised_clusters/multi/chan11_1123p_82a_11232020_10_daf_no comp_RBC_multiple_CD61+_91.png,wbc platelet
../prepare_data_source/revised_clusters/multi/chan2_1123p_82a_11232020_10_daf_no comp_RBC_multiple_CD61+_92.png,../prepare_data_source/revised_clusters/multi/chan3_1123p_82a_11232020_10_daf_no comp_RBC_multiple_CD61+_92.png,../prepare_data_source/revised_clusters/multi/chan7_1123p_82a_11232020_10_daf_no comp_RBC_multiple_CD61+_92.png,../prepare_data_source/revised_clusters/multi/chan11_1123p_82a_11232020_10_daf_no comp_RBC_multiple_CD61+_92.png,wbc platelet
../prepare_data_source/revised_clusters/multi/chan2_1123p_82a_11232020_10_daf_no comp_RBC_multiple_CD61+_93.png,../prepare_data_source/revised_clusters/multi/chan3_1123p_82a_11232020_10_daf_no comp_RBC_multiple_CD61+_93.png,../prepare_data_source/revised_clusters/multi/chan7_1123p_82a_11232020_10_daf_no comp_RBC_multiple_CD61+_93.png,../prepare_data_source/revised_clusters/multi/chan11_1123p_82a_11232020_10_daf_no comp_RBC_multiple_CD61+_93.png,wbc platelet
../prepare_data_source/revised_clusters/multi/chan2_1123p_82a_11232020_10_daf_no comp_RBC_multiple_CD61+_94.png,../prepare_data_source/revised_clusters/multi/chan3_1123p_82a_11232020_10_daf_no comp_RBC_multiple_CD61+_94.png,../prepare_data_source/revised_clusters/multi/chan7_1123p_82a_11232020_10_daf_no comp_RBC_multiple_CD61+_94.png,../prepare_data_source/revised_clusters/multi/chan11_1123p_82a_11232020_10_daf_no comp_RBC_multiple_CD61+_94.png,wbc platelet
../prepare_data_source/revised_clusters/multi/chan2_1123p_82a_11232020_10_daf_no comp_RBC_multiple_CD61+_95.png,../prepare_data_source/revised_clusters/multi/chan3_1123p_82a_11232020_10_daf_no comp_RBC_multiple_CD61+_95.png,../prepare_data_source/revised_clusters/multi/chan7_1123p_82a_11232020_10_daf_no comp_RBC_multiple_CD61+_95.png,../prepare_data_source/revised_clusters/multi/chan11_1123p_82a_11232020_10_daf_no comp_RBC_multiple_CD61+_95.png,wbc platelet
../prepare_data_source/revised_clusters/multi/chan2_1123p_82a_11232020_10_daf_no comp_RBC_multiple_CD61+_96.png,../prepare_data_source/revised_clusters/multi/chan3_1123p_82a_11232020_10_daf_no comp_RBC_multiple_CD61+_96.png,../prepare_data_source/revised_clusters/multi/chan7_1123p_82a_11232020_10_daf_no comp_RBC_multiple_CD61+_96.png,../prepare_data_source/revised_clusters/multi/chan11_1123p_82a_11232020_10_daf_no comp_RBC_multiple_CD61+_96.png,wbc platelet
../prepare_data_source/revised_clusters/multi/chan2_1123p_82a_11232020_10_daf_no comp_RBC_multiple_CD61+_97.png,../prepare_data_source/revised_clusters/multi/chan3_1123p_82a_11232020_10_daf_no comp_RBC_multiple_CD61+_97.png,../prepare_data_source/revised_clusters/multi/chan7_1123p_82a_11232020_10_daf_no comp_RBC_multiple_CD61+_97.png,../prepare_data_source/revised_clusters/multi/chan11_1123p_82a_11232020_10_daf_no comp_RBC_multiple_CD61+_97.png,wbc platelet
../prepare_data_source/revised_clusters/multi/chan2_1123p_82a_11232020_10_daf_no comp_RBC_multiple_CD61+_98.png,../prepare_data_source/revised_clusters/multi/chan3_1123p_82a_11232020_10_daf_no comp_RBC_multiple_CD61+_98.png,../prepare_data_source/revised_clusters/multi/chan7_1123p_82a_11232020_10_daf_no comp_RBC_multiple_CD61+_98.png,../prepare_data_source/revised_clusters/multi/chan11_1123p_82a_11232020_10_daf_no comp_RBC_multiple_CD61+_98.png,platelet
../prepare_data_source/revised_clusters/multi/chan2_1123p_82a_11232020_10_daf_no comp_RBC_multiple_CD61+_99.png,../prepare_data_source/revised_clusters/multi/chan3_1123p_82a_11232020_10_daf_no comp_RBC_multiple_CD61+_99.png,../prepare_data_source/revised_clusters/multi/chan7_1123p_82a_11232020_10_daf_no comp_RBC_multiple_CD61+_99.png,../prepare_data_source/revised_clusters/multi/chan11_1123p_82a_11232020_10_daf_no comp_RBC_multiple_CD61+_99.png,wbc platelet
../prepare_data_source/revised_clusters/multi/chan2_1123p_82b_11232020_1_RBS_multiples_1.png,../prepare_data_source/revised_clusters/multi/chan3_1123p_82b_11232020_1_RBS_multiples_1.png,../prepare_data_source/revised_clusters/multi/chan7_1123p_82b_11232020_1_RBS_multiples_1.png,../prepare_data_source/revised_clusters/multi/chan11_1123p_82b_11232020_1_RBS_multiples_1.png,rbc
../prepare_data_source/revised_clusters/multi/chan2_1123p_82b_11232020_1_RBS_multiples_10.png,../prepare_data_source/revised_clusters/multi/chan3_1123p_82b_11232020_1_RBS_multiples_10.png,../prepare_data_source/revised_clusters/multi/chan7_1123p_82b_11232020_1_RBS_multiples_10.png,../prepare_data_source/revised_clusters/multi/chan11_1123p_82b_11232020_1_RBS_multiples_10.png,rbc
../prepare_data_source/revised_clusters/multi/chan2_1123p_82b_11232020_1_RBS_multiples_100.png,../prepare_data_source/revised_clusters/multi/chan3_1123p_82b_11232020_1_RBS_multiples_100.png,../prepare_data_source/revised_clusters/multi/chan7_1123p_82b_11232020_1_RBS_multiples_100.png,../prepare_data_source/revised_clusters/multi/chan11_1123p_82b_11232020_1_RBS_multiples_100.png,rbc
../prepare_data_source/revised_clusters/multi/chan2_1123p_82b_11232020_1_RBS_multiples_101.png,../prepare_data_source/revised_clusters/multi/chan3_1123p_82b_11232020_1_RBS_multiples_101.png,../prepare_data_source/revised_clusters/multi/chan7_1123p_82b_11232020_1_RBS_multiples_101.png,../prepare_data_source/revised_clusters/multi/chan11_1123p_82b_11232020_1_RBS_multiples_101.png,rbc
../prepare_data_source/revised_clusters/multi/chan2_1123p_82b_11232020_1_RBS_multiples_102.png,../prepare_data_source/revised_clusters/multi/chan3_1123p_82b_11232020_1_RBS_multiples_102.png,../prepare_data_source/revised_clusters/multi/chan7_1123p_82b_11232020_1_RBS_multiples_102.png,../prepare_data_source/revised_clusters/multi/chan11_1123p_82b_11232020_1_RBS_multiples_102.png,wbc
../prepare_data_source/revised_clusters/multi/chan2_1123p_82b_11232020_1_RBS_multiples_103.png,../prepare_data_source/revised_clusters/multi/chan3_1123p_82b_11232020_1_RBS_multiples_103.png,../prepare_data_source/revised_clusters/multi/chan7_1123p_82b_11232020_1_RBS_multiples_103.png,../prepare_data_source/revised_clusters/multi/chan11_1123p_82b_11232020_1_RBS_multiples_103.png,rbc
../prepare_data_source/revised_clusters/multi/chan2_1123p_82b_11232020_1_RBS_multiples_104.png,../prepare_data_source/revised_clusters/multi/chan3_1123p_82b_11232020_1_RBS_multiples_104.png,../prepare_data_source/revised_clusters/multi/chan7_1123p_82b_11232020_1_RBS_multiples_104.png,../prepare_data_source/revised_clusters/multi/chan11_1123p_82b_11232020_1_RBS_multiples_104.png,platelet
../prepare_data_source/revised_clusters/multi/chan2_1123p_82b_11232020_1_RBS_multiples_105.png,../prepare_data_source/revised_clusters/multi/chan3_1123p_82b_11232020_1_RBS_multiples_105.png,../prepare_data_source/revised_clusters/multi/chan7_1123p_82b_11232020_1_RBS_multiples_105.png,../prepare_data_source/revised_clusters/multi/chan11_1123p_82b_11232020_1_RBS_multiples_105.png,wbc
../prepare_data_source/revised_clusters/multi/chan2_1123p_82b_11232020_1_RBS_multiples_106.png,../prepare_data_source/revised_clusters/multi/chan3_1123p_82b_11232020_1_RBS_multiples_106.png,../prepare_data_source/revised_clusters/multi/chan7_1123p_82b_11232020_1_RBS_multiples_106.png,../prepare_data_source/revised_clusters/multi/chan11_1123p_82b_11232020_1_RBS_multiples_106.png,rbc
../prepare_data_source/revised_clusters/multi/chan2_1123p_82b_11232020_1_RBS_multiples_107.png,../prepare_data_source/revised_clusters/multi/chan3_1123p_82b_11232020_1_RBS_multiples_107.png,../prepare_data_source/revised_clusters/multi/chan7_1123p_82b_11232020_1_RBS_multiples_107.png,../prepare_data_source/revised_clusters/multi/chan11_1123p_82b_11232020_1_RBS_multiples_107.png,wbc
../prepare_data_source/revised_clusters/multi/chan2_1123p_82b_11232020_1_RBS_multiples_108.png,../prepare_data_source/revised_clusters/multi/chan3_1123p_82b_11232020_1_RBS_multiples_108.png,../prepare_data_source/revised_clusters/multi/chan7_1123p_82b_11232020_1_RBS_multiples_108.png,../prepare_data_source/revised_clusters/multi/chan11_1123p_82b_11232020_1_RBS_multiples_108.png,rbc
../prepare_data_source/revised_clusters/multi/chan2_1123p_82b_11232020_1_RBS_multiples_109.png,../prepare_data_source/revised_clusters/multi/chan3_1123p_82b_11232020_1_RBS_multiples_109.png,../prepare_data_source/revised_clusters/multi/chan7_1123p_82b_11232020_1_RBS_multiples_109.png,../prepare_data_source/revised_clusters/multi/chan11_1123p_82b_11232020_1_RBS_multiples_109.png,rbc
../prepare_data_source/revised_clusters/multi/chan2_1123p_82b_11232020_1_RBS_multiples_11.png,../prepare_data_source/revised_clusters/multi/chan3_1123p_82b_11232020_1_RBS_multiples_11.png,../prepare_data_source/revised_clusters/multi/chan7_1123p_82b_11232020_1_RBS_multiples_11.png,../prepare_data_source/revised_clusters/multi/chan11_1123p_82b_11232020_1_RBS_multiples_11.png,wbc
../prepare_data_source/revised_clusters/multi/chan2_1123p_82b_11232020_1_RBS_multiples_110.png,../prepare_data_source/revised_clusters/multi/chan3_1123p_82b_11232020_1_RBS_multiples_110.png,../prepare_data_source/revised_clusters/multi/chan7_1123p_82b_11232020_1_RBS_multiples_110.png,../prepare_data_source/revised_clusters/multi/chan11_1123p_82b_11232020_1_RBS_multiples_110.png,rbc
../prepare_data_source/revised_clusters/multi/chan2_1123p_82b_11232020_1_RBS_multiples_111.png,../prepare_data_source/revised_clusters/multi/chan3_1123p_82b_11232020_1_RBS_multiples_111.png,../prepare_data_source/revised_clusters/multi/chan7_1123p_82b_11232020_1_RBS_multiples_111.png,../prepare_data_source/revised_clusters/multi/chan11_1123p_82b_11232020_1_RBS_multiples_111.png,wbc
../prepare_data_source/revised_clusters/multi/chan2_1123p_82b_11232020_1_RBS_multiples_112.png,../prepare_data_source/revised_clusters/multi/chan3_1123p_82b_11232020_1_RBS_multiples_112.png,../prepare_data_source/revised_clusters/multi/chan7_1123p_82b_11232020_1_RBS_multiples_112.png,../prepare_data_source/revised_clusters/multi/chan11_1123p_82b_11232020_1_RBS_multiples_112.png,rbc
../prepare_data_source/revised_clusters/multi/chan2_1123p_82b_11232020_1_RBS_multiples_113.png,../prepare_data_source/revised_clusters/multi/chan3_1123p_82b_11232020_1_RBS_multiples_113.png,../prepare_data_source/revised_clusters/multi/chan7_1123p_82b_11232020_1_RBS_multiples_113.png,../prepare_data_source/revised_clusters/multi/chan11_1123p_82b_11232020_1_RBS_multiples_113.png,rbc
../prepare_data_source/revised_clusters/multi/chan2_1123p_82b_11232020_1_RBS_multiples_114.png,../prepare_data_source/revised_clusters/multi/chan3_1123p_82b_11232020_1_RBS_multiples_114.png,../prepare_data_source/revised_clusters/multi/chan7_1123p_82b_11232020_1_RBS_multiples_114.png,../prepare_data_source/revised_clusters/multi/chan11_1123p_82b_11232020_1_RBS_multiples_114.png,rbc
../prepare_data_source/revised_clusters/multi/chan2_1123p_82b_11232020_1_RBS_multiples_115.png,../prepare_data_source/revised_clusters/multi/chan3_1123p_82b_11232020_1_RBS_multiples_115.png,../prepare_data_source/revised_clusters/multi/chan7_1123p_82b_11232020_1_RBS_multiples_115.png,../prepare_data_source/revised_clusters/multi/chan11_1123p_82b_11232020_1_RBS_multiples_115.png,wbc
../prepare_data_source/revised_clusters/multi/chan2_1123p_82b_11232020_1_RBS_multiples_116.png,../prepare_data_source/revised_clusters/multi/chan3_1123p_82b_11232020_1_RBS_multiples_116.png,../prepare_data_source/revised_clusters/multi/chan7_1123p_82b_11232020_1_RBS_multiples_116.png,../prepare_data_source/revised_clusters/multi/chan11_1123p_82b_11232020_1_RBS_multiples_116.png,wbc
../prepare_data_source/revised_clusters/multi/chan2_1123p_82b_11232020_1_RBS_multiples_12.png,../prepare_data_source/revised_clusters/multi/chan3_1123p_82b_11232020_1_RBS_multiples_12.png,../prepare_data_source/revised_clusters/multi/chan7_1123p_82b_11232020_1_RBS_multiples_12.png,../prepare_data_source/revised_clusters/multi/chan11_1123p_82b_11232020_1_RBS_multiples_12.png,wbc
../prepare_data_source/revised_clusters/multi/chan2_1123p_82b_11232020_1_RBS_multiples_13.png,../prepare_data_source/revised_clusters/multi/chan3_1123p_82b_11232020_1_RBS_multiples_13.png,../prepare_data_source/revised_clusters/multi/chan7_1123p_82b_11232020_1_RBS_multiples_13.png,../prepare_data_source/revised_clusters/multi/chan11_1123p_82b_11232020_1_RBS_multiples_13.png,wbc
../prepare_data_source/revised_clusters/multi/chan2_1123p_82b_11232020_1_RBS_multiples_14.png,../prepare_data_source/revised_clusters/multi/chan3_1123p_82b_11232020_1_RBS_multiples_14.png,../prepare_data_source/revised_clusters/multi/chan7_1123p_82b_11232020_1_RBS_multiples_14.png,../prepare_data_source/revised_clusters/multi/chan11_1123p_82b_11232020_1_RBS_multiples_14.png,rbc
../prepare_data_source/revised_clusters/multi/chan2_1123p_82b_11232020_1_RBS_multiples_15.png,../prepare_data_source/revised_clusters/multi/chan3_1123p_82b_11232020_1_RBS_multiples_15.png,../prepare_data_source/revised_clusters/multi/chan7_1123p_82b_11232020_1_RBS_multiples_15.png,../prepare_data_source/revised_clusters/multi/chan11_1123p_82b_11232020_1_RBS_multiples_15.png,wbc
../prepare_data_source/revised_clusters/multi/chan2_1123p_82b_11232020_1_RBS_multiples_16.png,../prepare_data_source/revised_clusters/multi/chan3_1123p_82b_11232020_1_RBS_multiples_16.png,../prepare_data_source/revised_clusters/multi/chan7_1123p_82b_11232020_1_RBS_multiples_16.png,../prepare_data_source/revised_clusters/multi/chan11_1123p_82b_11232020_1_RBS_multiples_16.png,rbc
../prepare_data_source/revised_clusters/multi/chan2_1123p_82b_11232020_1_RBS_multiples_17.png,../prepare_data_source/revised_clusters/multi/chan3_1123p_82b_11232020_1_RBS_multiples_17.png,../prepare_data_source/revised_clusters/multi/chan7_1123p_82b_11232020_1_RBS_multiples_17.png,../prepare_data_source/revised_clusters/multi/chan11_1123p_82b_11232020_1_RBS_multiples_17.png,wbc
../prepare_data_source/revised_clusters/multi/chan2_1123p_82b_11232020_1_RBS_multiples_18.png,../prepare_data_source/revised_clusters/multi/chan3_1123p_82b_11232020_1_RBS_multiples_18.png,../prepare_data_source/revised_clusters/multi/chan7_1123p_82b_11232020_1_RBS_multiples_18.png,../prepare_data_source/revised_clusters/multi/chan11_1123p_82b_11232020_1_RBS_multiples_18.png,wbc
../prepare_data_source/revised_clusters/multi/chan2_1123p_82b_11232020_1_RBS_multiples_19.png,../prepare_data_source/revised_clusters/multi/chan3_1123p_82b_11232020_1_RBS_multiples_19.png,../prepare_data_source/revised_clusters/multi/chan7_1123p_82b_11232020_1_RBS_multiples_19.png,../prepare_data_source/revised_clusters/multi/chan11_1123p_82b_11232020_1_RBS_multiples_19.png,rbc
../prepare_data_source/revised_clusters/multi/chan2_1123p_82b_11232020_1_RBS_multiples_2.png,../prepare_data_source/revised_clusters/multi/chan3_1123p_82b_11232020_1_RBS_multiples_2.png,../prepare_data_source/revised_clusters/multi/chan7_1123p_82b_11232020_1_RBS_multiples_2.png,../prepare_data_source/revised_clusters/multi/chan11_1123p_82b_11232020_1_RBS_multiples_2.png,rbc
../prepare_data_source/revised_clusters/multi/chan2_1123p_82b_11232020_1_RBS_multiples_20.png,../prepare_data_source/revised_clusters/multi/chan3_1123p_82b_11232020_1_RBS_multiples_20.png,../prepare_data_source/revised_clusters/multi/chan7_1123p_82b_11232020_1_RBS_multiples_20.png,../prepare_data_source/revised_clusters/multi/chan11_1123p_82b_11232020_1_RBS_multiples_20.png,rbc
../prepare_data_source/revised_clusters/multi/chan2_1123p_82b_11232020_1_RBS_multiples_21.png,../prepare_data_source/revised_clusters/multi/chan3_1123p_82b_11232020_1_RBS_multiples_21.png,../prepare_data_source/revised_clusters/multi/chan7_1123p_82b_11232020_1_RBS_multiples_21.png,../prepare_data_source/revised_clusters/multi/chan11_1123p_82b_11232020_1_RBS_multiples_21.png,rbc
../prepare_data_source/revised_clusters/multi/chan2_1123p_82b_11232020_1_RBS_multiples_22.png,../prepare_data_source/revised_clusters/multi/chan3_1123p_82b_11232020_1_RBS_multiples_22.png,../prepare_data_source/revised_clusters/multi/chan7_1123p_82b_11232020_1_RBS_multiples_22.png,../prepare_data_source/revised_clusters/multi/chan11_1123p_82b_11232020_1_RBS_multiples_22.png,rbc
../prepare_data_source/revised_clusters/multi/chan2_1123p_82b_11232020_1_RBS_multiples_23.png,../prepare_data_source/revised_clusters/multi/chan3_1123p_82b_11232020_1_RBS_multiples_23.png,../prepare_data_source/revised_clusters/multi/chan7_1123p_82b_11232020_1_RBS_multiples_23.png,../prepare_data_source/revised_clusters/multi/chan11_1123p_82b_11232020_1_RBS_multiples_23.png,wbc platelet
../prepare_data_source/revised_clusters/multi/chan2_1123p_82b_11232020_1_RBS_multiples_24.png,../prepare_data_source/revised_clusters/multi/chan3_1123p_82b_11232020_1_RBS_multiples_24.png,../prepare_data_source/revised_clusters/multi/chan7_1123p_82b_11232020_1_RBS_multiples_24.png,../prepare_data_source/revised_clusters/multi/chan11_1123p_82b_11232020_1_RBS_multiples_24.png,rbc
../prepare_data_source/revised_clusters/multi/chan2_1123p_82b_11232020_1_RBS_multiples_25.png,../prepare_data_source/revised_clusters/multi/chan3_1123p_82b_11232020_1_RBS_multiples_25.png,../prepare_data_source/revised_clusters/multi/chan7_1123p_82b_11232020_1_RBS_multiples_25.png,../prepare_data_source/revised_clusters/multi/chan11_1123p_82b_11232020_1_RBS_multiples_25.png,rbc
../prepare_data_source/revised_clusters/multi/chan2_1123p_82b_11232020_1_RBS_multiples_26.png,../prepare_data_source/revised_clusters/multi/chan3_1123p_82b_11232020_1_RBS_multiples_26.png,../prepare_data_source/revised_clusters/multi/chan7_1123p_82b_11232020_1_RBS_multiples_26.png,../prepare_data_source/revised_clusters/multi/chan11_1123p_82b_11232020_1_RBS_multiples_26.png,rbc
../prepare_data_source/revised_clusters/multi/chan2_1123p_82b_11232020_1_RBS_multiples_27.png,../prepare_data_source/revised_clusters/multi/chan3_1123p_82b_11232020_1_RBS_multiples_27.png,../prepare_data_source/revised_clusters/multi/chan7_1123p_82b_11232020_1_RBS_multiples_27.png,../prepare_data_source/revised_clusters/multi/chan11_1123p_82b_11232020_1_RBS_multiples_27.png,rbc
../prepare_data_source/revised_clusters/multi/chan2_1123p_82b_11232020_1_RBS_multiples_28.png,../prepare_data_source/revised_clusters/multi/chan3_1123p_82b_11232020_1_RBS_multiples_28.png,../prepare_data_source/revised_clusters/multi/chan7_1123p_82b_11232020_1_RBS_multiples_28.png,../prepare_data_source/revised_clusters/multi/chan11_1123p_82b_11232020_1_RBS_multiples_28.png,rbc
../prepare_data_source/revised_clusters/multi/chan2_1123p_82b_11232020_1_RBS_multiples_29.png,../prepare_data_source/revised_clusters/multi/chan3_1123p_82b_11232020_1_RBS_multiples_29.png,../prepare_data_source/revised_clusters/multi/chan7_1123p_82b_11232020_1_RBS_multiples_29.png,../prepare_data_source/revised_clusters/multi/chan11_1123p_82b_11232020_1_RBS_multiples_29.png,rbc
../prepare_data_source/revised_clusters/multi/chan2_1123p_82b_11232020_1_RBS_multiples_30.png,../prepare_data_source/revised_clusters/multi/chan3_1123p_82b_11232020_1_RBS_multiples_30.png,../prepare_data_source/revised_clusters/multi/chan7_1123p_82b_11232020_1_RBS_multiples_30.png,../prepare_data_source/revised_clusters/multi/chan11_1123p_82b_11232020_1_RBS_multiples_30.png,rbc
../prepare_data_source/revised_clusters/multi/chan2_1123p_82b_11232020_1_RBS_multiples_31.png,../prepare_data_source/revised_clusters/multi/chan3_1123p_82b_11232020_1_RBS_multiples_31.png,../prepare_data_source/revised_clusters/multi/chan7_1123p_82b_11232020_1_RBS_multiples_31.png,../prepare_data_source/revised_clusters/multi/chan11_1123p_82b_11232020_1_RBS_multiples_31.png,rbc
../prepare_data_source/revised_clusters/multi/chan2_1123p_82b_11232020_1_RBS_multiples_33.png,../prepare_data_source/revised_clusters/multi/chan3_1123p_82b_11232020_1_RBS_multiples_33.png,../prepare_data_source/revised_clusters/multi/chan7_1123p_82b_11232020_1_RBS_multiples_33.png,../prepare_data_source/revised_clusters/multi/chan11_1123p_82b_11232020_1_RBS_multiples_33.png,rbc
../prepare_data_source/revised_clusters/multi/chan2_1123p_82b_11232020_1_RBS_multiples_34.png,../prepare_data_source/revised_clusters/multi/chan3_1123p_82b_11232020_1_RBS_multiples_34.png,../prepare_data_source/revised_clusters/multi/chan7_1123p_82b_11232020_1_RBS_multiples_34.png,../prepare_data_source/revised_clusters/multi/chan11_1123p_82b_11232020_1_RBS_multiples_34.png,wbc
../prepare_data_source/revised_clusters/multi/chan2_1123p_82b_11232020_1_RBS_multiples_51.png,../prepare_data_source/revised_clusters/multi/chan3_1123p_82b_11232020_1_RBS_multiples_51.png,../prepare_data_source/revised_clusters/multi/chan7_1123p_82b_11232020_1_RBS_multiples_51.png,../prepare_data_source/revised_clusters/multi/chan11_1123p_82b_11232020_1_RBS_multiples_51.png,wbc
../prepare_data_source/revised_clusters/multi/chan2_1123p_82b_11232020_1_RBS_multiples_56.png,../prepare_data_source/revised_clusters/multi/chan3_1123p_82b_11232020_1_RBS_multiples_56.png,../prepare_data_source/revised_clusters/multi/chan7_1123p_82b_11232020_1_RBS_multiples_56.png,../prepare_data_source/revised_clusters/multi/chan11_1123p_82b_11232020_1_RBS_multiples_56.png,wbc
../prepare_data_source/revised_clusters/multi/chan2_1123p_82b_11232020_1_RBS_multiples_80.png,../prepare_data_source/revised_clusters/multi/chan3_1123p_82b_11232020_1_RBS_multiples_80.png,../prepare_data_source/revised_clusters/multi/chan7_1123p_82b_11232020_1_RBS_multiples_80.png,../prepare_data_source/revised_clusters/multi/chan11_1123p_82b_11232020_1_RBS_multiples_80.png,rbc
../prepare_data_source/revised_clusters/multi/chan2_1123p_82b_11232020_1_RBS_multiples_82.png,../prepare_data_source/revised_clusters/multi/chan3_1123p_82b_11232020_1_RBS_multiples_82.png,../prepare_data_source/revised_clusters/multi/chan7_1123p_82b_11232020_1_RBS_multiples_82.png,../prepare_data_source/revised_clusters/multi/chan11_1123p_82b_11232020_1_RBS_multiples_82.png,rbc
../prepare_data_source/revised_clusters/multi/chan2_1123p_82b_11232020_1_RBS_multiples_84.png,../prepare_data_source/revised_clusters/multi/chan3_1123p_82b_11232020_1_RBS_multiples_84.png,../prepare_data_source/revised_clusters/multi/chan7_1123p_82b_11232020_1_RBS_multiples_84.png,../prepare_data_source/revised_clusters/multi/chan11_1123p_82b_11232020_1_RBS_multiples_84.png,rbc
../prepare_data_source/revised_clusters/multi/chan2_1123p_92a_11232020_6_daf_no comp_RBC_multiple_CD61+_1.png,../prepare_data_source/revised_clusters/multi/chan3_1123p_92a_11232020_6_daf_no comp_RBC_multiple_CD61+_1.png,../prepare_data_source/revised_clusters/multi/chan7_1123p_92a_11232020_6_daf_no comp_RBC_multiple_CD61+_1.png,../prepare_data_source/revised_clusters/multi/chan11_1123p_92a_11232020_6_daf_no comp_RBC_multiple_CD61+_1.png,wbc platelet
../prepare_data_source/revised_clusters/multi/chan2_1123p_92a_11232020_6_daf_no comp_RBC_multiple_CD61+_10.png,../prepare_data_source/revised_clusters/multi/chan3_1123p_92a_11232020_6_daf_no comp_RBC_multiple_CD61+_10.png,../prepare_data_source/revised_clusters/multi/chan7_1123p_92a_11232020_6_daf_no comp_RBC_multiple_CD61+_10.png,../prepare_data_source/revised_clusters/multi/chan11_1123p_92a_11232020_6_daf_no comp_RBC_multiple_CD61+_10.png,wbc platelet
../prepare_data_source/revised_clusters/multi/chan2_1123p_92a_11232020_6_daf_no comp_RBC_multiple_CD61+_100.png,../prepare_data_source/revised_clusters/multi/chan3_1123p_92a_11232020_6_daf_no comp_RBC_multiple_CD61+_100.png,../prepare_data_source/revised_clusters/multi/chan7_1123p_92a_11232020_6_daf_no comp_RBC_multiple_CD61+_100.png,../prepare_data_source/revised_clusters/multi/chan11_1123p_92a_11232020_6_daf_no comp_RBC_multiple_CD61+_100.png,wbc platelet
../prepare_data_source/revised_clusters/multi/chan2_1123p_92a_11232020_6_daf_no comp_RBC_multiple_CD61+_101.png,../prepare_data_source/revised_clusters/multi/chan3_1123p_92a_11232020_6_daf_no comp_RBC_multiple_CD61+_101.png,../prepare_data_source/revised_clusters/multi/chan7_1123p_92a_11232020_6_daf_no comp_RBC_multiple_CD61+_101.png,../prepare_data_source/revised_clusters/multi/chan11_1123p_92a_11232020_6_daf_no comp_RBC_multiple_CD61+_101.png,platelet
../prepare_data_source/revised_clusters/multi/chan2_1123p_92a_11232020_6_daf_no comp_RBC_multiple_CD61+_102.png,../prepare_data_source/revised_clusters/multi/chan3_1123p_92a_11232020_6_daf_no comp_RBC_multiple_CD61+_102.png,../prepare_data_source/revised_clusters/multi/chan7_1123p_92a_11232020_6_daf_no comp_RBC_multiple_CD61+_102.png,../prepare_data_source/revised_clusters/multi/chan11_1123p_92a_11232020_6_daf_no comp_RBC_multiple_CD61+_102.png,wbc platelet
../prepare_data_source/revised_clusters/multi/chan2_1123p_92a_11232020_6_daf_no comp_RBC_multiple_CD61+_103.png,../prepare_data_source/revised_clusters/multi/chan3_1123p_92a_11232020_6_daf_no comp_RBC_multiple_CD61+_103.png,../prepare_data_source/revised_clusters/multi/chan7_1123p_92a_11232020_6_daf_no comp_RBC_multiple_CD61+_103.png,../prepare_data_source/revised_clusters/multi/chan11_1123p_92a_11232020_6_daf_no comp_RBC_multiple_CD61+_103.png,wbc platelet
../prepare_data_source/revised_clusters/multi/chan2_1123p_92a_11232020_6_daf_no comp_RBC_multiple_CD61+_104.png,../prepare_data_source/revised_clusters/multi/chan3_1123p_92a_11232020_6_daf_no comp_RBC_multiple_CD61+_104.png,../prepare_data_source/revised_clusters/multi/chan7_1123p_92a_11232020_6_daf_no comp_RBC_multiple_CD61+_104.png,../prepare_data_source/revised_clusters/multi/chan11_1123p_92a_11232020_6_daf_no comp_RBC_multiple_CD61+_104.png,wbc platelet
../prepare_data_source/revised_clusters/multi/chan2_1123p_92a_11232020_6_daf_no comp_RBC_multiple_CD61+_105.png,../prepare_data_source/revised_clusters/multi/chan3_1123p_92a_11232020_6_daf_no comp_RBC_multiple_CD61+_105.png,../prepare_data_source/revised_clusters/multi/chan7_1123p_92a_11232020_6_daf_no comp_RBC_multiple_CD61+_105.png,../prepare_data_source/revised_clusters/multi/chan11_1123p_92a_11232020_6_daf_no comp_RBC_multiple_CD61+_105.png,wbc platelet
../prepare_data_source/revised_clusters/multi/chan2_1123p_92a_11232020_6_daf_no comp_RBC_multiple_CD61+_106.png,../prepare_data_source/revised_clusters/multi/chan3_1123p_92a_11232020_6_daf_no comp_RBC_multiple_CD61+_106.png,../prepare_data_source/revised_clusters/multi/chan7_1123p_92a_11232020_6_daf_no comp_RBC_multiple_CD61+_106.png,../prepare_data_source/revised_clusters/multi/chan11_1123p_92a_11232020_6_daf_no comp_RBC_multiple_CD61+_106.png,wbc platelet
../prepare_data_source/revised_clusters/multi/chan2_1123p_92a_11232020_6_daf_no comp_RBC_multiple_CD61+_107.png,../prepare_data_source/revised_clusters/multi/chan3_1123p_92a_11232020_6_daf_no comp_RBC_multiple_CD61+_107.png,../prepare_data_source/revised_clusters/multi/chan7_1123p_92a_11232020_6_daf_no comp_RBC_multiple_CD61+_107.png,../prepare_data_source/revised_clusters/multi/chan11_1123p_92a_11232020_6_daf_no comp_RBC_multiple_CD61+_107.png,wbc platelet
../prepare_data_source/revised_clusters/multi/chan2_1123p_92a_11232020_6_daf_no comp_RBC_multiple_CD61+_108.png,../prepare_data_source/revised_clusters/multi/chan3_1123p_92a_11232020_6_daf_no comp_RBC_multiple_CD61+_108.png,../prepare_data_source/revised_clusters/multi/chan7_1123p_92a_11232020_6_daf_no comp_RBC_multiple_CD61+_108.png,../prepare_data_source/revised_clusters/multi/chan11_1123p_92a_11232020_6_daf_no comp_RBC_multiple_CD61+_108.png,wbc platelet
../prepare_data_source/revised_clusters/multi/chan2_1123p_92a_11232020_6_daf_no comp_RBC_multiple_CD61+_109.png,../prepare_data_source/revised_clusters/multi/chan3_1123p_92a_11232020_6_daf_no comp_RBC_multiple_CD61+_109.png,../prepare_data_source/revised_clusters/multi/chan7_1123p_92a_11232020_6_daf_no comp_RBC_multiple_CD61+_109.png,../prepare_data_source/revised_clusters/multi/chan11_1123p_92a_11232020_6_daf_no comp_RBC_multiple_CD61+_109.png,wbc platelet
../prepare_data_source/revised_clusters/multi/chan2_1123p_92a_11232020_6_daf_no comp_RBC_multiple_CD61+_11.png,../prepare_data_source/revised_clusters/multi/chan3_1123p_92a_11232020_6_daf_no comp_RBC_multiple_CD61+_11.png,../prepare_data_source/revised_clusters/multi/chan7_1123p_92a_11232020_6_daf_no comp_RBC_multiple_CD61+_11.png,../prepare_data_source/revised_clusters/multi/chan11_1123p_92a_11232020_6_daf_no comp_RBC_multiple_CD61+_11.png,wbc platelet
../prepare_data_source/revised_clusters/multi/chan2_1123p_92a_11232020_6_daf_no comp_RBC_multiple_CD61+_110.png,../prepare_data_source/revised_clusters/multi/chan3_1123p_92a_11232020_6_daf_no comp_RBC_multiple_CD61+_110.png,../prepare_data_source/revised_clusters/multi/chan7_1123p_92a_11232020_6_daf_no comp_RBC_multiple_CD61+_110.png,../prepare_data_source/revised_clusters/multi/chan11_1123p_92a_11232020_6_daf_no comp_RBC_multiple_CD61+_110.png,wbc platelet
../prepare_data_source/revised_clusters/multi/chan2_1123p_92a_11232020_6_daf_no comp_RBC_multiple_CD61+_111.png,../prepare_data_source/revised_clusters/multi/chan3_1123p_92a_11232020_6_daf_no comp_RBC_multiple_CD61+_111.png,../prepare_data_source/revised_clusters/multi/chan7_1123p_92a_11232020_6_daf_no comp_RBC_multiple_CD61+_111.png,../prepare_data_source/revised_clusters/multi/chan11_1123p_92a_11232020_6_daf_no comp_RBC_multiple_CD61+_111.png,wbc platelet
../prepare_data_source/revised_clusters/multi/chan2_1123p_92a_11232020_6_daf_no comp_RBC_multiple_CD61+_112.png,../prepare_data_source/revised_clusters/multi/chan3_1123p_92a_11232020_6_daf_no comp_RBC_multiple_CD61+_112.png,../prepare_data_source/revised_clusters/multi/chan7_1123p_92a_11232020_6_daf_no comp_RBC_multiple_CD61+_112.png,../prepare_data_source/revised_clusters/multi/chan11_1123p_92a_11232020_6_daf_no comp_RBC_multiple_CD61+_112.png,wbc platelet
../prepare_data_source/revised_clusters/multi/chan2_1123p_92a_11232020_6_daf_no comp_RBC_multiple_CD61+_113.png,../prepare_data_source/revised_clusters/multi/chan3_1123p_92a_11232020_6_daf_no comp_RBC_multiple_CD61+_113.png,../prepare_data_source/revised_clusters/multi/chan7_1123p_92a_11232020_6_daf_no comp_RBC_multiple_CD61+_113.png,../prepare_data_source/revised_clusters/multi/chan11_1123p_92a_11232020_6_daf_no comp_RBC_multiple_CD61+_113.png,platelet
../prepare_data_source/revised_clusters/multi/chan2_1123p_92a_11232020_6_daf_no comp_RBC_multiple_CD61+_114.png,../prepare_data_source/revised_clusters/multi/chan3_1123p_92a_11232020_6_daf_no comp_RBC_multiple_CD61+_114.png,../prepare_data_source/revised_clusters/multi/chan7_1123p_92a_11232020_6_daf_no comp_RBC_multiple_CD61+_114.png,../prepare_data_source/revised_clusters/multi/chan11_1123p_92a_11232020_6_daf_no comp_RBC_multiple_CD61+_114.png,wbc platelet
../prepare_data_source/revised_clusters/multi/chan2_1123p_92a_11232020_6_daf_no comp_RBC_multiple_CD61+_115.png,../prepare_data_source/revised_clusters/multi/chan3_1123p_92a_11232020_6_daf_no comp_RBC_multiple_CD61+_115.png,../prepare_data_source/revised_clusters/multi/chan7_1123p_92a_11232020_6_daf_no comp_RBC_multiple_CD61+_115.png,../prepare_data_source/revised_clusters/multi/chan11_1123p_92a_11232020_6_daf_no comp_RBC_multiple_CD61+_115.png,wbc platelet
../prepare_data_source/revised_clusters/multi/chan2_1123p_92a_11232020_6_daf_no comp_RBC_multiple_CD61+_116.png,../prepare_data_source/revised_clusters/multi/chan3_1123p_92a_11232020_6_daf_no comp_RBC_multiple_CD61+_116.png,../prepare_data_source/revised_clusters/multi/chan7_1123p_92a_11232020_6_daf_no comp_RBC_multiple_CD61+_116.png,../prepare_data_source/revised_clusters/multi/chan11_1123p_92a_11232020_6_daf_no comp_RBC_multiple_CD61+_116.png,wbc platelet
../prepare_data_source/revised_clusters/multi/chan2_1123p_92a_11232020_6_daf_no comp_RBC_multiple_CD61+_117.png,../prepare_data_source/revised_clusters/multi/chan3_1123p_92a_11232020_6_daf_no comp_RBC_multiple_CD61+_117.png,../prepare_data_source/revised_clusters/multi/chan7_1123p_92a_11232020_6_daf_no comp_RBC_multiple_CD61+_117.png,../prepare_data_source/revised_clusters/multi/chan11_1123p_92a_11232020_6_daf_no comp_RBC_multiple_CD61+_117.png,platelet
../prepare_data_source/revised_clusters/multi/chan2_1123p_92a_11232020_6_daf_no comp_RBC_multiple_CD61+_12.png,../prepare_data_source/revised_clusters/multi/chan3_1123p_92a_11232020_6_daf_no comp_RBC_multiple_CD61+_12.png,../prepare_data_source/revised_clusters/multi/chan7_1123p_92a_11232020_6_daf_no comp_RBC_multiple_CD61+_12.png,../prepare_data_source/revised_clusters/multi/chan11_1123p_92a_11232020_6_daf_no comp_RBC_multiple_CD61+_12.png,platelet
../prepare_data_source/revised_clusters/multi/chan2_1123p_92a_11232020_6_daf_no comp_RBC_multiple_CD61+_13.png,../prepare_data_source/revised_clusters/multi/chan3_1123p_92a_11232020_6_daf_no comp_RBC_multiple_CD61+_13.png,../prepare_data_source/revised_clusters/multi/chan7_1123p_92a_11232020_6_daf_no comp_RBC_multiple_CD61+_13.png,../prepare_data_source/revised_clusters/multi/chan11_1123p_92a_11232020_6_daf_no comp_RBC_multiple_CD61+_13.png,wbc platelet
../prepare_data_source/revised_clusters/multi/chan2_1123p_92a_11232020_6_daf_no comp_RBC_multiple_CD61+_14.png,../prepare_data_source/revised_clusters/multi/chan3_1123p_92a_11232020_6_daf_no comp_RBC_multiple_CD61+_14.png,../prepare_data_source/revised_clusters/multi/chan7_1123p_92a_11232020_6_daf_no comp_RBC_multiple_CD61+_14.png,../prepare_data_source/revised_clusters/multi/chan11_1123p_92a_11232020_6_daf_no comp_RBC_multiple_CD61+_14.png,wbc platelet
../prepare_data_source/revised_clusters/multi/chan2_1123p_92a_11232020_6_daf_no comp_RBC_multiple_CD61+_15.png,../prepare_data_source/revised_clusters/multi/chan3_1123p_92a_11232020_6_daf_no comp_RBC_multiple_CD61+_15.png,../prepare_data_source/revised_clusters/multi/chan7_1123p_92a_11232020_6_daf_no comp_RBC_multiple_CD61+_15.png,../prepare_data_source/revised_clusters/multi/chan11_1123p_92a_11232020_6_daf_no comp_RBC_multiple_CD61+_15.png,wbc platelet
../prepare_data_source/revised_clusters/multi/chan2_1123p_92a_11232020_6_daf_no comp_RBC_multiple_CD61+_16.png,../prepare_data_source/revised_clusters/multi/chan3_1123p_92a_11232020_6_daf_no comp_RBC_multiple_CD61+_16.png,../prepare_data_source/revised_clusters/multi/chan7_1123p_92a_11232020_6_daf_no comp_RBC_multiple_CD61+_16.png,../prepare_data_source/revised_clusters/multi/chan11_1123p_92a_11232020_6_daf_no comp_RBC_multiple_CD61+_16.png,platelet
../prepare_data_source/revised_clusters/multi/chan2_1123p_92a_11232020_6_daf_no comp_RBC_multiple_CD61+_17.png,../prepare_data_source/revised_clusters/multi/chan3_1123p_92a_11232020_6_daf_no comp_RBC_multiple_CD61+_17.png,../prepare_data_source/revised_clusters/multi/chan7_1123p_92a_11232020_6_daf_no comp_RBC_multiple_CD61+_17.png,../prepare_data_source/revised_clusters/multi/chan11_1123p_92a_11232020_6_daf_no comp_RBC_multiple_CD61+_17.png,wbc platelet
../prepare_data_source/revised_clusters/multi/chan2_1123p_92a_11232020_6_daf_no comp_RBC_multiple_CD61+_18.png,../prepare_data_source/revised_clusters/multi/chan3_1123p_92a_11232020_6_daf_no comp_RBC_multiple_CD61+_18.png,../prepare_data_source/revised_clusters/multi/chan7_1123p_92a_11232020_6_daf_no comp_RBC_multiple_CD61+_18.png,../prepare_data_source/revised_clusters/multi/chan11_1123p_92a_11232020_6_daf_no comp_RBC_multiple_CD61+_18.png,platelet
../prepare_data_source/revised_clusters/multi/chan2_1123p_92a_11232020_6_daf_no comp_RBC_multiple_CD61+_19.png,../prepare_data_source/revised_clusters/multi/chan3_1123p_92a_11232020_6_daf_no comp_RBC_multiple_CD61+_19.png,../prepare_data_source/revised_clusters/multi/chan7_1123p_92a_11232020_6_daf_no comp_RBC_multiple_CD61+_19.png,../prepare_data_source/revised_clusters/multi/chan11_1123p_92a_11232020_6_daf_no comp_RBC_multiple_CD61+_19.png,platelet
../prepare_data_source/revised_clusters/multi/chan2_1123p_92a_11232020_6_daf_no comp_RBC_multiple_CD61+_2.png,../prepare_data_source/revised_clusters/multi/chan3_1123p_92a_11232020_6_daf_no comp_RBC_multiple_CD61+_2.png,../prepare_data_source/revised_clusters/multi/chan7_1123p_92a_11232020_6_daf_no comp_RBC_multiple_CD61+_2.png,../prepare_data_source/revised_clusters/multi/chan11_1123p_92a_11232020_6_daf_no comp_RBC_multiple_CD61+_2.png,wbc platelet
../prepare_data_source/revised_clusters/multi/chan2_1123p_92a_11232020_6_daf_no comp_RBC_multiple_CD61+_20.png,../prepare_data_source/revised_clusters/multi/chan3_1123p_92a_11232020_6_daf_no comp_RBC_multiple_CD61+_20.png,../prepare_data_source/revised_clusters/multi/chan7_1123p_92a_11232020_6_daf_no comp_RBC_multiple_CD61+_20.png,../prepare_data_source/revised_clusters/multi/chan11_1123p_92a_11232020_6_daf_no comp_RBC_multiple_CD61+_20.png,wbc platelet
../prepare_data_source/revised_clusters/multi/chan2_1123p_92a_11232020_6_daf_no comp_RBC_multiple_CD61+_21.png,../prepare_data_source/revised_clusters/multi/chan3_1123p_92a_11232020_6_daf_no comp_RBC_multiple_CD61+_21.png,../prepare_data_source/revised_clusters/multi/chan7_1123p_92a_11232020_6_daf_no comp_RBC_multiple_CD61+_21.png,../prepare_data_source/revised_clusters/multi/chan11_1123p_92a_11232020_6_daf_no comp_RBC_multiple_CD61+_21.png,wbc platelet
../prepare_data_source/revised_clusters/multi/chan2_1123p_92a_11232020_6_daf_no comp_RBC_multiple_CD61+_22.png,../prepare_data_source/revised_clusters/multi/chan3_1123p_92a_11232020_6_daf_no comp_RBC_multiple_CD61+_22.png,../prepare_data_source/revised_clusters/multi/chan7_1123p_92a_11232020_6_daf_no comp_RBC_multiple_CD61+_22.png,../prepare_data_source/revised_clusters/multi/chan11_1123p_92a_11232020_6_daf_no comp_RBC_multiple_CD61+_22.png,wbc platelet
../prepare_data_source/revised_clusters/multi/chan2_1123p_92a_11232020_6_daf_no comp_RBC_multiple_CD61+_23.png,../prepare_data_source/revised_clusters/multi/chan3_1123p_92a_11232020_6_daf_no comp_RBC_multiple_CD61+_23.png,../prepare_data_source/revised_clusters/multi/chan7_1123p_92a_11232020_6_daf_no comp_RBC_multiple_CD61+_23.png,../prepare_data_source/revised_clusters/multi/chan11_1123p_92a_11232020_6_daf_no comp_RBC_multiple_CD61+_23.png,wbc platelet
../prepare_data_source/revised_clusters/multi/chan2_1123p_92a_11232020_6_daf_no comp_RBC_multiple_CD61+_24.png,../prepare_data_source/revised_clusters/multi/chan3_1123p_92a_11232020_6_daf_no comp_RBC_multiple_CD61+_24.png,../prepare_data_source/revised_clusters/multi/chan7_1123p_92a_11232020_6_daf_no comp_RBC_multiple_CD61+_24.png,../prepare_data_source/revised_clusters/multi/chan11_1123p_92a_11232020_6_daf_no comp_RBC_multiple_CD61+_24.png,wbc platelet
../prepare_data_source/revised_clusters/multi/chan2_1123p_92a_11232020_6_daf_no comp_RBC_multiple_CD61+_25.png,../prepare_data_source/revised_clusters/multi/chan3_1123p_92a_11232020_6_daf_no comp_RBC_multiple_CD61+_25.png,../prepare_data_source/revised_clusters/multi/chan7_1123p_92a_11232020_6_daf_no comp_RBC_multiple_CD61+_25.png,../prepare_data_source/revised_clusters/multi/chan11_1123p_92a_11232020_6_daf_no comp_RBC_multiple_CD61+_25.png,wbc platelet
../prepare_data_source/revised_clusters/multi/chan2_1123p_92a_11232020_6_daf_no comp_RBC_multiple_CD61+_26.png,../prepare_data_source/revised_clusters/multi/chan3_1123p_92a_11232020_6_daf_no comp_RBC_multiple_CD61+_26.png,../prepare_data_source/revised_clusters/multi/chan7_1123p_92a_11232020_6_daf_no comp_RBC_multiple_CD61+_26.png,../prepare_data_source/revised_clusters/multi/chan11_1123p_92a_11232020_6_daf_no comp_RBC_multiple_CD61+_26.png,wbc platelet
../prepare_data_source/revised_clusters/multi/chan2_1123p_92a_11232020_6_daf_no comp_RBC_multiple_CD61+_27.png,../prepare_data_source/revised_clusters/multi/chan3_1123p_92a_11232020_6_daf_no comp_RBC_multiple_CD61+_27.png,../prepare_data_source/revised_clusters/multi/chan7_1123p_92a_11232020_6_daf_no comp_RBC_multiple_CD61+_27.png,../prepare_data_source/revised_clusters/multi/chan11_1123p_92a_11232020_6_daf_no comp_RBC_multiple_CD61+_27.png,wbc platelet
../prepare_data_source/revised_clusters/multi/chan2_1123p_92a_11232020_6_daf_no comp_RBC_multiple_CD61+_28.png,../prepare_data_source/revised_clusters/multi/chan3_1123p_92a_11232020_6_daf_no comp_RBC_multiple_CD61+_28.png,../prepare_data_source/revised_clusters/multi/chan7_1123p_92a_11232020_6_daf_no comp_RBC_multiple_CD61+_28.png,../prepare_data_source/revised_clusters/multi/chan11_1123p_92a_11232020_6_daf_no comp_RBC_multiple_CD61+_28.png,platelet
../prepare_data_source/revised_clusters/multi/chan2_1123p_92a_11232020_6_daf_no comp_RBC_multiple_CD61+_29.png,../prepare_data_source/revised_clusters/multi/chan3_1123p_92a_11232020_6_daf_no comp_RBC_multiple_CD61+_29.png,../prepare_data_source/revised_clusters/multi/chan7_1123p_92a_11232020_6_daf_no comp_RBC_multiple_CD61+_29.png,../prepare_data_source/revised_clusters/multi/chan11_1123p_92a_11232020_6_daf_no comp_RBC_multiple_CD61+_29.png,wbc platelet
../prepare_data_source/revised_clusters/multi/chan2_1123p_92a_11232020_6_daf_no comp_RBC_multiple_CD61+_3.png,../prepare_data_source/revised_clusters/multi/chan3_1123p_92a_11232020_6_daf_no comp_RBC_multiple_CD61+_3.png,../prepare_data_source/revised_clusters/multi/chan7_1123p_92a_11232020_6_daf_no comp_RBC_multiple_CD61+_3.png,../prepare_data_source/revised_clusters/multi/chan11_1123p_92a_11232020_6_daf_no comp_RBC_multiple_CD61+_3.png,wbc platelet
../prepare_data_source/revised_clusters/multi/chan2_1123p_92a_11232020_6_daf_no comp_RBC_multiple_CD61+_30.png,../prepare_data_source/revised_clusters/multi/chan3_1123p_92a_11232020_6_daf_no comp_RBC_multiple_CD61+_30.png,../prepare_data_source/revised_clusters/multi/chan7_1123p_92a_11232020_6_daf_no comp_RBC_multiple_CD61+_30.png,../prepare_data_source/revised_clusters/multi/chan11_1123p_92a_11232020_6_daf_no comp_RBC_multiple_CD61+_30.png,platelet
../prepare_data_source/revised_clusters/multi/chan2_1123p_92a_11232020_6_daf_no comp_RBC_multiple_CD61+_31.png,../prepare_data_source/revised_clusters/multi/chan3_1123p_92a_11232020_6_daf_no comp_RBC_multiple_CD61+_31.png,../prepare_data_source/revised_clusters/multi/chan7_1123p_92a_11232020_6_daf_no comp_RBC_multiple_CD61+_31.png,../prepare_data_source/revised_clusters/multi/chan11_1123p_92a_11232020_6_daf_no comp_RBC_multiple_CD61+_31.png,wbc platelet
../prepare_data_source/revised_clusters/multi/chan2_1123p_92a_11232020_6_daf_no comp_RBC_multiple_CD61+_32.png,../prepare_data_source/revised_clusters/multi/chan3_1123p_92a_11232020_6_daf_no comp_RBC_multiple_CD61+_32.png,../prepare_data_source/revised_clusters/multi/chan7_1123p_92a_11232020_6_daf_no comp_RBC_multiple_CD61+_32.png,../prepare_data_source/revised_clusters/multi/chan11_1123p_92a_11232020_6_daf_no comp_RBC_multiple_CD61+_32.png,wbc platelet
../prepare_data_source/revised_clusters/multi/chan2_1123p_92a_11232020_6_daf_no comp_RBC_multiple_CD61+_33.png,../prepare_data_source/revised_clusters/multi/chan3_1123p_92a_11232020_6_daf_no comp_RBC_multiple_CD61+_33.png,../prepare_data_source/revised_clusters/multi/chan7_1123p_92a_11232020_6_daf_no comp_RBC_multiple_CD61+_33.png,../prepare_data_source/revised_clusters/multi/chan11_1123p_92a_11232020_6_daf_no comp_RBC_multiple_CD61+_33.png,wbc platelet
../prepare_data_source/revised_clusters/multi/chan2_1123p_92a_11232020_6_daf_no comp_RBC_multiple_CD61+_34.png,../prepare_data_source/revised_clusters/multi/chan3_1123p_92a_11232020_6_daf_no comp_RBC_multiple_CD61+_34.png,../prepare_data_source/revised_clusters/multi/chan7_1123p_92a_11232020_6_daf_no comp_RBC_multiple_CD61+_34.png,../prepare_data_source/revised_clusters/multi/chan11_1123p_92a_11232020_6_daf_no comp_RBC_multiple_CD61+_34.png,wbc platelet
../prepare_data_source/revised_clusters/multi/chan2_1123p_92a_11232020_6_daf_no comp_RBC_multiple_CD61+_35.png,../prepare_data_source/revised_clusters/multi/chan3_1123p_92a_11232020_6_daf_no comp_RBC_multiple_CD61+_35.png,../prepare_data_source/revised_clusters/multi/chan7_1123p_92a_11232020_6_daf_no comp_RBC_multiple_CD61+_35.png,../prepare_data_source/revised_clusters/multi/chan11_1123p_92a_11232020_6_daf_no comp_RBC_multiple_CD61+_35.png,wbc platelet
../prepare_data_source/revised_clusters/multi/chan2_1123p_92a_11232020_6_daf_no comp_RBC_multiple_CD61+_36.png,../prepare_data_source/revised_clusters/multi/chan3_1123p_92a_11232020_6_daf_no comp_RBC_multiple_CD61+_36.png,../prepare_data_source/revised_clusters/multi/chan7_1123p_92a_11232020_6_daf_no comp_RBC_multiple_CD61+_36.png,../prepare_data_source/revised_clusters/multi/chan11_1123p_92a_11232020_6_daf_no comp_RBC_multiple_CD61+_36.png,platelet
../prepare_data_source/revised_clusters/multi/chan2_1123p_92a_11232020_6_daf_no comp_RBC_multiple_CD61+_37.png,../prepare_data_source/revised_clusters/multi/chan3_1123p_92a_11232020_6_daf_no comp_RBC_multiple_CD61+_37.png,../prepare_data_source/revised_clusters/multi/chan7_1123p_92a_11232020_6_daf_no comp_RBC_multiple_CD61+_37.png,../prepare_data_source/revised_clusters/multi/chan11_1123p_92a_11232020_6_daf_no comp_RBC_multiple_CD61+_37.png,wbc platelet
../prepare_data_source/revised_clusters/multi/chan2_1123p_92a_11232020_6_daf_no comp_RBC_multiple_CD61+_38.png,../prepare_data_source/revised_clusters/multi/chan3_1123p_92a_11232020_6_daf_no comp_RBC_multiple_CD61+_38.png,../prepare_data_source/revised_clusters/multi/chan7_1123p_92a_11232020_6_daf_no comp_RBC_multiple_CD61+_38.png,../prepare_data_source/revised_clusters/multi/chan11_1123p_92a_11232020_6_daf_no comp_RBC_multiple_CD61+_38.png,wbc platelet
../prepare_data_source/revised_clusters/multi/chan2_1123p_92a_11232020_6_daf_no comp_RBC_multiple_CD61+_39.png,../prepare_data_source/revised_clusters/multi/chan3_1123p_92a_11232020_6_daf_no comp_RBC_multiple_CD61+_39.png,../prepare_data_source/revised_clusters/multi/chan7_1123p_92a_11232020_6_daf_no comp_RBC_multiple_CD61+_39.png,../prepare_data_source/revised_clusters/multi/chan11_1123p_92a_11232020_6_daf_no comp_RBC_multiple_CD61+_39.png,wbc platelet
../prepare_data_source/revised_clusters/multi/chan2_1123p_92a_11232020_6_daf_no comp_RBC_multiple_CD61+_4.png,../prepare_data_source/revised_clusters/multi/chan3_1123p_92a_11232020_6_daf_no comp_RBC_multiple_CD61+_4.png,../prepare_data_source/revised_clusters/multi/chan7_1123p_92a_11232020_6_daf_no comp_RBC_multiple_CD61+_4.png,../prepare_data_source/revised_clusters/multi/chan11_1123p_92a_11232020_6_daf_no comp_RBC_multiple_CD61+_4.png,wbc platelet
../prepare_data_source/revised_clusters/multi/chan2_1123p_92a_11232020_6_daf_no comp_RBC_multiple_CD61+_40.png,../prepare_data_source/revised_clusters/multi/chan3_1123p_92a_11232020_6_daf_no comp_RBC_multiple_CD61+_40.png,../prepare_data_source/revised_clusters/multi/chan7_1123p_92a_11232020_6_daf_no comp_RBC_multiple_CD61+_40.png,../prepare_data_source/revised_clusters/multi/chan11_1123p_92a_11232020_6_daf_no comp_RBC_multiple_CD61+_40.png,wbc platelet
../prepare_data_source/revised_clusters/multi/chan2_1123p_92a_11232020_6_daf_no comp_RBC_multiple_CD61+_41.png,../prepare_data_source/revised_clusters/multi/chan3_1123p_92a_11232020_6_daf_no comp_RBC_multiple_CD61+_41.png,../prepare_data_source/revised_clusters/multi/chan7_1123p_92a_11232020_6_daf_no comp_RBC_multiple_CD61+_41.png,../prepare_data_source/revised_clusters/multi/chan11_1123p_92a_11232020_6_daf_no comp_RBC_multiple_CD61+_41.png,wbc platelet
../prepare_data_source/revised_clusters/multi/chan2_1123p_92a_11232020_6_daf_no comp_RBC_multiple_CD61+_42.png,../prepare_data_source/revised_clusters/multi/chan3_1123p_92a_11232020_6_daf_no comp_RBC_multiple_CD61+_42.png,../prepare_data_source/revised_clusters/multi/chan7_1123p_92a_11232020_6_daf_no comp_RBC_multiple_CD61+_42.png,../prepare_data_source/revised_clusters/multi/chan11_1123p_92a_11232020_6_daf_no comp_RBC_multiple_CD61+_42.png,wbc platelet
../prepare_data_source/revised_clusters/multi/chan2_1123p_92a_11232020_6_daf_no comp_RBC_multiple_CD61+_43.png,../prepare_data_source/revised_clusters/multi/chan3_1123p_92a_11232020_6_daf_no comp_RBC_multiple_CD61+_43.png,../prepare_data_source/revised_clusters/multi/chan7_1123p_92a_11232020_6_daf_no comp_RBC_multiple_CD61+_43.png,../prepare_data_source/revised_clusters/multi/chan11_1123p_92a_11232020_6_daf_no comp_RBC_multiple_CD61+_43.png,wbc platelet
../prepare_data_source/revised_clusters/multi/chan2_1123p_92a_11232020_6_daf_no comp_RBC_multiple_CD61+_44.png,../prepare_data_source/revised_clusters/multi/chan3_1123p_92a_11232020_6_daf_no comp_RBC_multiple_CD61+_44.png,../prepare_data_source/revised_clusters/multi/chan7_1123p_92a_11232020_6_daf_no comp_RBC_multiple_CD61+_44.png,../prepare_data_source/revised_clusters/multi/chan11_1123p_92a_11232020_6_daf_no comp_RBC_multiple_CD61+_44.png,wbc platelet
../prepare_data_source/revised_clusters/multi/chan2_1123p_92a_11232020_6_daf_no comp_RBC_multiple_CD61+_45.png,../prepare_data_source/revised_clusters/multi/chan3_1123p_92a_11232020_6_daf_no comp_RBC_multiple_CD61+_45.png,../prepare_data_source/revised_clusters/multi/chan7_1123p_92a_11232020_6_daf_no comp_RBC_multiple_CD61+_45.png,../prepare_data_source/revised_clusters/multi/chan11_1123p_92a_11232020_6_daf_no comp_RBC_multiple_CD61+_45.png,wbc platelet
../prepare_data_source/revised_clusters/multi/chan2_1123p_92a_11232020_6_daf_no comp_RBC_multiple_CD61+_46.png,../prepare_data_source/revised_clusters/multi/chan3_1123p_92a_11232020_6_daf_no comp_RBC_multiple_CD61+_46.png,../prepare_data_source/revised_clusters/multi/chan7_1123p_92a_11232020_6_daf_no comp_RBC_multiple_CD61+_46.png,../prepare_data_source/revised_clusters/multi/chan11_1123p_92a_11232020_6_daf_no comp_RBC_multiple_CD61+_46.png,wbc platelet
../prepare_data_source/revised_clusters/multi/chan2_1123p_92a_11232020_6_daf_no comp_RBC_multiple_CD61+_47.png,../prepare_data_source/revised_clusters/multi/chan3_1123p_92a_11232020_6_daf_no comp_RBC_multiple_CD61+_47.png,../prepare_data_source/revised_clusters/multi/chan7_1123p_92a_11232020_6_daf_no comp_RBC_multiple_CD61+_47.png,../prepare_data_source/revised_clusters/multi/chan11_1123p_92a_11232020_6_daf_no comp_RBC_multiple_CD61+_47.png,wbc platelet
../prepare_data_source/revised_clusters/multi/chan2_1123p_92a_11232020_6_daf_no comp_RBC_multiple_CD61+_48.png,../prepare_data_source/revised_clusters/multi/chan3_1123p_92a_11232020_6_daf_no comp_RBC_multiple_CD61+_48.png,../prepare_data_source/revised_clusters/multi/chan7_1123p_92a_11232020_6_daf_no comp_RBC_multiple_CD61+_48.png,../prepare_data_source/revised_clusters/multi/chan11_1123p_92a_11232020_6_daf_no comp_RBC_multiple_CD61+_48.png,wbc platelet
../prepare_data_source/revised_clusters/multi/chan2_1123p_92a_11232020_6_daf_no comp_RBC_multiple_CD61+_49.png,../prepare_data_source/revised_clusters/multi/chan3_1123p_92a_11232020_6_daf_no comp_RBC_multiple_CD61+_49.png,../prepare_data_source/revised_clusters/multi/chan7_1123p_92a_11232020_6_daf_no comp_RBC_multiple_CD61+_49.png,../prepare_data_source/revised_clusters/multi/chan11_1123p_92a_11232020_6_daf_no comp_RBC_multiple_CD61+_49.png,wbc platelet
../prepare_data_source/revised_clusters/multi/chan2_1123p_92a_11232020_6_daf_no comp_RBC_multiple_CD61+_5.png,../prepare_data_source/revised_clusters/multi/chan3_1123p_92a_11232020_6_daf_no comp_RBC_multiple_CD61+_5.png,../prepare_data_source/revised_clusters/multi/chan7_1123p_92a_11232020_6_daf_no comp_RBC_multiple_CD61+_5.png,../prepare_data_source/revised_clusters/multi/chan11_1123p_92a_11232020_6_daf_no comp_RBC_multiple_CD61+_5.png,wbc platelet
../prepare_data_source/revised_clusters/multi/chan2_1123p_92a_11232020_6_daf_no comp_RBC_multiple_CD61+_50.png,../prepare_data_source/revised_clusters/multi/chan3_1123p_92a_11232020_6_daf_no comp_RBC_multiple_CD61+_50.png,../prepare_data_source/revised_clusters/multi/chan7_1123p_92a_11232020_6_daf_no comp_RBC_multiple_CD61+_50.png,../prepare_data_source/revised_clusters/multi/chan11_1123p_92a_11232020_6_daf_no comp_RBC_multiple_CD61+_50.png,platelet
../prepare_data_source/revised_clusters/multi/chan2_1123p_92a_11232020_6_daf_no comp_RBC_multiple_CD61+_51.png,../prepare_data_source/revised_clusters/multi/chan3_1123p_92a_11232020_6_daf_no comp_RBC_multiple_CD61+_51.png,../prepare_data_source/revised_clusters/multi/chan7_1123p_92a_11232020_6_daf_no comp_RBC_multiple_CD61+_51.png,../prepare_data_source/revised_clusters/multi/chan11_1123p_92a_11232020_6_daf_no comp_RBC_multiple_CD61+_51.png,wbc platelet
../prepare_data_source/revised_clusters/multi/chan2_1123p_92a_11232020_6_daf_no comp_RBC_multiple_CD61+_52.png,../prepare_data_source/revised_clusters/multi/chan3_1123p_92a_11232020_6_daf_no comp_RBC_multiple_CD61+_52.png,../prepare_data_source/revised_clusters/multi/chan7_1123p_92a_11232020_6_daf_no comp_RBC_multiple_CD61+_52.png,../prepare_data_source/revised_clusters/multi/chan11_1123p_92a_11232020_6_daf_no comp_RBC_multiple_CD61+_52.png,wbc platelet
../prepare_data_source/revised_clusters/multi/chan2_1123p_92a_11232020_6_daf_no comp_RBC_multiple_CD61+_53.png,../prepare_data_source/revised_clusters/multi/chan3_1123p_92a_11232020_6_daf_no comp_RBC_multiple_CD61+_53.png,../prepare_data_source/revised_clusters/multi/chan7_1123p_92a_11232020_6_daf_no comp_RBC_multiple_CD61+_53.png,../prepare_data_source/revised_clusters/multi/chan11_1123p_92a_11232020_6_daf_no comp_RBC_multiple_CD61+_53.png,wbc platelet
../prepare_data_source/revised_clusters/multi/chan2_1123p_92a_11232020_6_daf_no comp_RBC_multiple_CD61+_54.png,../prepare_data_source/revised_clusters/multi/chan3_1123p_92a_11232020_6_daf_no comp_RBC_multiple_CD61+_54.png,../prepare_data_source/revised_clusters/multi/chan7_1123p_92a_11232020_6_daf_no comp_RBC_multiple_CD61+_54.png,../prepare_data_source/revised_clusters/multi/chan11_1123p_92a_11232020_6_daf_no comp_RBC_multiple_CD61+_54.png,wbc platelet
../prepare_data_source/revised_clusters/multi/chan2_1123p_92a_11232020_6_daf_no comp_RBC_multiple_CD61+_55.png,../prepare_data_source/revised_clusters/multi/chan3_1123p_92a_11232020_6_daf_no comp_RBC_multiple_CD61+_55.png,../prepare_data_source/revised_clusters/multi/chan7_1123p_92a_11232020_6_daf_no comp_RBC_multiple_CD61+_55.png,../prepare_data_source/revised_clusters/multi/chan11_1123p_92a_11232020_6_daf_no comp_RBC_multiple_CD61+_55.png,platelet
../prepare_data_source/revised_clusters/multi/chan2_1123p_92a_11232020_6_daf_no comp_RBC_multiple_CD61+_56.png,../prepare_data_source/revised_clusters/multi/chan3_1123p_92a_11232020_6_daf_no comp_RBC_multiple_CD61+_56.png,../prepare_data_source/revised_clusters/multi/chan7_1123p_92a_11232020_6_daf_no comp_RBC_multiple_CD61+_56.png,../prepare_data_source/revised_clusters/multi/chan11_1123p_92a_11232020_6_daf_no comp_RBC_multiple_CD61+_56.png,platelet
../prepare_data_source/revised_clusters/multi/chan2_1123p_92a_11232020_6_daf_no comp_RBC_multiple_CD61+_57.png,../prepare_data_source/revised_clusters/multi/chan3_1123p_92a_11232020_6_daf_no comp_RBC_multiple_CD61+_57.png,../prepare_data_source/revised_clusters/multi/chan7_1123p_92a_11232020_6_daf_no comp_RBC_multiple_CD61+_57.png,../prepare_data_source/revised_clusters/multi/chan11_1123p_92a_11232020_6_daf_no comp_RBC_multiple_CD61+_57.png,wbc platelet
../prepare_data_source/revised_clusters/multi/chan2_1123p_92a_11232020_6_daf_no comp_RBC_multiple_CD61+_58.png,../prepare_data_source/revised_clusters/multi/chan3_1123p_92a_11232020_6_daf_no comp_RBC_multiple_CD61+_58.png,../prepare_data_source/revised_clusters/multi/chan7_1123p_92a_11232020_6_daf_no comp_RBC_multiple_CD61+_58.png,../prepare_data_source/revised_clusters/multi/chan11_1123p_92a_11232020_6_daf_no comp_RBC_multiple_CD61+_58.png,wbc platelet
../prepare_data_source/revised_clusters/multi/chan2_1123p_92a_11232020_6_daf_no comp_RBC_multiple_CD61+_59.png,../prepare_data_source/revised_clusters/multi/chan3_1123p_92a_11232020_6_daf_no comp_RBC_multiple_CD61+_59.png,../prepare_data_source/revised_clusters/multi/chan7_1123p_92a_11232020_6_daf_no comp_RBC_multiple_CD61+_59.png,../prepare_data_source/revised_clusters/multi/chan11_1123p_92a_11232020_6_daf_no comp_RBC_multiple_CD61+_59.png,wbc platelet
../prepare_data_source/revised_clusters/multi/chan2_1123p_92a_11232020_6_daf_no comp_RBC_multiple_CD61+_6.png,../prepare_data_source/revised_clusters/multi/chan3_1123p_92a_11232020_6_daf_no comp_RBC_multiple_CD61+_6.png,../prepare_data_source/revised_clusters/multi/chan7_1123p_92a_11232020_6_daf_no comp_RBC_multiple_CD61+_6.png,../prepare_data_source/revised_clusters/multi/chan11_1123p_92a_11232020_6_daf_no comp_RBC_multiple_CD61+_6.png,wbc platelet
../prepare_data_source/revised_clusters/multi/chan2_1123p_92a_11232020_6_daf_no comp_RBC_multiple_CD61+_60.png,../prepare_data_source/revised_clusters/multi/chan3_1123p_92a_11232020_6_daf_no comp_RBC_multiple_CD61+_60.png,../prepare_data_source/revised_clusters/multi/chan7_1123p_92a_11232020_6_daf_no comp_RBC_multiple_CD61+_60.png,../prepare_data_source/revised_clusters/multi/chan11_1123p_92a_11232020_6_daf_no comp_RBC_multiple_CD61+_60.png,wbc platelet
../prepare_data_source/revised_clusters/multi/chan2_1123p_92a_11232020_6_daf_no comp_RBC_multiple_CD61+_61.png,../prepare_data_source/revised_clusters/multi/chan3_1123p_92a_11232020_6_daf_no comp_RBC_multiple_CD61+_61.png,../prepare_data_source/revised_clusters/multi/chan7_1123p_92a_11232020_6_daf_no comp_RBC_multiple_CD61+_61.png,../prepare_data_source/revised_clusters/multi/chan11_1123p_92a_11232020_6_daf_no comp_RBC_multiple_CD61+_61.png,wbc platelet
../prepare_data_source/revised_clusters/multi/chan2_1123p_92a_11232020_6_daf_no comp_RBC_multiple_CD61+_62.png,../prepare_data_source/revised_clusters/multi/chan3_1123p_92a_11232020_6_daf_no comp_RBC_multiple_CD61+_62.png,../prepare_data_source/revised_clusters/multi/chan7_1123p_92a_11232020_6_daf_no comp_RBC_multiple_CD61+_62.png,../prepare_data_source/revised_clusters/multi/chan11_1123p_92a_11232020_6_daf_no comp_RBC_multiple_CD61+_62.png,wbc platelet
../prepare_data_source/revised_clusters/multi/chan2_1123p_92a_11232020_6_daf_no comp_RBC_multiple_CD61+_63.png,../prepare_data_source/revised_clusters/multi/chan3_1123p_92a_11232020_6_daf_no comp_RBC_multiple_CD61+_63.png,../prepare_data_source/revised_clusters/multi/chan7_1123p_92a_11232020_6_daf_no comp_RBC_multiple_CD61+_63.png,../prepare_data_source/revised_clusters/multi/chan11_1123p_92a_11232020_6_daf_no comp_RBC_multiple_CD61+_63.png,wbc platelet
../prepare_data_source/revised_clusters/multi/chan2_1123p_92a_11232020_6_daf_no comp_RBC_multiple_CD61+_64.png,../prepare_data_source/revised_clusters/multi/chan3_1123p_92a_11232020_6_daf_no comp_RBC_multiple_CD61+_64.png,../prepare_data_source/revised_clusters/multi/chan7_1123p_92a_11232020_6_daf_no comp_RBC_multiple_CD61+_64.png,../prepare_data_source/revised_clusters/multi/chan11_1123p_92a_11232020_6_daf_no comp_RBC_multiple_CD61+_64.png,wbc platelet
../prepare_data_source/revised_clusters/multi/chan2_1123p_92a_11232020_6_daf_no comp_RBC_multiple_CD61+_65.png,../prepare_data_source/revised_clusters/multi/chan3_1123p_92a_11232020_6_daf_no comp_RBC_multiple_CD61+_65.png,../prepare_data_source/revised_clusters/multi/chan7_1123p_92a_11232020_6_daf_no comp_RBC_multiple_CD61+_65.png,../prepare_data_source/revised_clusters/multi/chan11_1123p_92a_11232020_6_daf_no comp_RBC_multiple_CD61+_65.png,wbc platelet
../prepare_data_source/revised_clusters/multi/chan2_1123p_92a_11232020_6_daf_no comp_RBC_multiple_CD61+_66.png,../prepare_data_source/revised_clusters/multi/chan3_1123p_92a_11232020_6_daf_no comp_RBC_multiple_CD61+_66.png,../prepare_data_source/revised_clusters/multi/chan7_1123p_92a_11232020_6_daf_no comp_RBC_multiple_CD61+_66.png,../prepare_data_source/revised_clusters/multi/chan11_1123p_92a_11232020_6_daf_no comp_RBC_multiple_CD61+_66.png,wbc platelet
../prepare_data_source/revised_clusters/multi/chan2_1123p_92a_11232020_6_daf_no comp_RBC_multiple_CD61+_67.png,../prepare_data_source/revised_clusters/multi/chan3_1123p_92a_11232020_6_daf_no comp_RBC_multiple_CD61+_67.png,../prepare_data_source/revised_clusters/multi/chan7_1123p_92a_11232020_6_daf_no comp_RBC_multiple_CD61+_67.png,../prepare_data_source/revised_clusters/multi/chan11_1123p_92a_11232020_6_daf_no comp_RBC_multiple_CD61+_67.png,wbc platelet
../prepare_data_source/revised_clusters/multi/chan2_1123p_92a_11232020_6_daf_no comp_RBC_multiple_CD61+_68.png,../prepare_data_source/revised_clusters/multi/chan3_1123p_92a_11232020_6_daf_no comp_RBC_multiple_CD61+_68.png,../prepare_data_source/revised_clusters/multi/chan7_1123p_92a_11232020_6_daf_no comp_RBC_multiple_CD61+_68.png,../prepare_data_source/revised_clusters/multi/chan11_1123p_92a_11232020_6_daf_no comp_RBC_multiple_CD61+_68.png,wbc platelet
../prepare_data_source/revised_clusters/multi/chan2_1123p_92a_11232020_6_daf_no comp_RBC_multiple_CD61+_69.png,../prepare_data_source/revised_clusters/multi/chan3_1123p_92a_11232020_6_daf_no comp_RBC_multiple_CD61+_69.png,../prepare_data_source/revised_clusters/multi/chan7_1123p_92a_11232020_6_daf_no comp_RBC_multiple_CD61+_69.png,../prepare_data_source/revised_clusters/multi/chan11_1123p_92a_11232020_6_daf_no comp_RBC_multiple_CD61+_69.png,platelet
../prepare_data_source/revised_clusters/multi/chan2_1123p_92a_11232020_6_daf_no comp_RBC_multiple_CD61+_7.png,../prepare_data_source/revised_clusters/multi/chan3_1123p_92a_11232020_6_daf_no comp_RBC_multiple_CD61+_7.png,../prepare_data_source/revised_clusters/multi/chan7_1123p_92a_11232020_6_daf_no comp_RBC_multiple_CD61+_7.png,../prepare_data_source/revised_clusters/multi/chan11_1123p_92a_11232020_6_daf_no comp_RBC_multiple_CD61+_7.png,wbc platelet
../prepare_data_source/revised_clusters/multi/chan2_1123p_92a_11232020_6_daf_no comp_RBC_multiple_CD61+_70.png,../prepare_data_source/revised_clusters/multi/chan3_1123p_92a_11232020_6_daf_no comp_RBC_multiple_CD61+_70.png,../prepare_data_source/revised_clusters/multi/chan7_1123p_92a_11232020_6_daf_no comp_RBC_multiple_CD61+_70.png,../prepare_data_source/revised_clusters/multi/chan11_1123p_92a_11232020_6_daf_no comp_RBC_multiple_CD61+_70.png,wbc platelet
../prepare_data_source/revised_clusters/multi/chan2_1123p_92a_11232020_6_daf_no comp_RBC_multiple_CD61+_71.png,../prepare_data_source/revised_clusters/multi/chan3_1123p_92a_11232020_6_daf_no comp_RBC_multiple_CD61+_71.png,../prepare_data_source/revised_clusters/multi/chan7_1123p_92a_11232020_6_daf_no comp_RBC_multiple_CD61+_71.png,../prepare_data_source/revised_clusters/multi/chan11_1123p_92a_11232020_6_daf_no comp_RBC_multiple_CD61+_71.png,wbc platelet
../prepare_data_source/revised_clusters/multi/chan2_1123p_92a_11232020_6_daf_no comp_RBC_multiple_CD61+_72.png,../prepare_data_source/revised_clusters/multi/chan3_1123p_92a_11232020_6_daf_no comp_RBC_multiple_CD61+_72.png,../prepare_data_source/revised_clusters/multi/chan7_1123p_92a_11232020_6_daf_no comp_RBC_multiple_CD61+_72.png,../prepare_data_source/revised_clusters/multi/chan11_1123p_92a_11232020_6_daf_no comp_RBC_multiple_CD61+_72.png,wbc platelet
../prepare_data_source/revised_clusters/multi/chan2_1123p_92a_11232020_6_daf_no comp_RBC_multiple_CD61+_73.png,../prepare_data_source/revised_clusters/multi/chan3_1123p_92a_11232020_6_daf_no comp_RBC_multiple_CD61+_73.png,../prepare_data_source/revised_clusters/multi/chan7_1123p_92a_11232020_6_daf_no comp_RBC_multiple_CD61+_73.png,../prepare_data_source/revised_clusters/multi/chan11_1123p_92a_11232020_6_daf_no comp_RBC_multiple_CD61+_73.png,wbc platelet
../prepare_data_source/revised_clusters/multi/chan2_1123p_92a_11232020_6_daf_no comp_RBC_multiple_CD61+_74.png,../prepare_data_source/revised_clusters/multi/chan3_1123p_92a_11232020_6_daf_no comp_RBC_multiple_CD61+_74.png,../prepare_data_source/revised_clusters/multi/chan7_1123p_92a_11232020_6_daf_no comp_RBC_multiple_CD61+_74.png,../prepare_data_source/revised_clusters/multi/chan11_1123p_92a_11232020_6_daf_no comp_RBC_multiple_CD61+_74.png,wbc platelet
../prepare_data_source/revised_clusters/multi/chan2_1123p_92a_11232020_6_daf_no comp_RBC_multiple_CD61+_75.png,../prepare_data_source/revised_clusters/multi/chan3_1123p_92a_11232020_6_daf_no comp_RBC_multiple_CD61+_75.png,../prepare_data_source/revised_clusters/multi/chan7_1123p_92a_11232020_6_daf_no comp_RBC_multiple_CD61+_75.png,../prepare_data_source/revised_clusters/multi/chan11_1123p_92a_11232020_6_daf_no comp_RBC_multiple_CD61+_75.png,wbc platelet
../prepare_data_source/revised_clusters/multi/chan2_1123p_92a_11232020_6_daf_no comp_RBC_multiple_CD61+_76.png,../prepare_data_source/revised_clusters/multi/chan3_1123p_92a_11232020_6_daf_no comp_RBC_multiple_CD61+_76.png,../prepare_data_source/revised_clusters/multi/chan7_1123p_92a_11232020_6_daf_no comp_RBC_multiple_CD61+_76.png,../prepare_data_source/revised_clusters/multi/chan11_1123p_92a_11232020_6_daf_no comp_RBC_multiple_CD61+_76.png,wbc platelet
../prepare_data_source/revised_clusters/multi/chan2_1123p_92a_11232020_6_daf_no comp_RBC_multiple_CD61+_77.png,../prepare_data_source/revised_clusters/multi/chan3_1123p_92a_11232020_6_daf_no comp_RBC_multiple_CD61+_77.png,../prepare_data_source/revised_clusters/multi/chan7_1123p_92a_11232020_6_daf_no comp_RBC_multiple_CD61+_77.png,../prepare_data_source/revised_clusters/multi/chan11_1123p_92a_11232020_6_daf_no comp_RBC_multiple_CD61+_77.png,wbc platelet
../prepare_data_source/revised_clusters/multi/chan2_1123p_92a_11232020_6_daf_no comp_RBC_multiple_CD61+_78.png,../prepare_data_source/revised_clusters/multi/chan3_1123p_92a_11232020_6_daf_no comp_RBC_multiple_CD61+_78.png,../prepare_data_source/revised_clusters/multi/chan7_1123p_92a_11232020_6_daf_no comp_RBC_multiple_CD61+_78.png,../prepare_data_source/revised_clusters/multi/chan11_1123p_92a_11232020_6_daf_no comp_RBC_multiple_CD61+_78.png,platelet
../prepare_data_source/revised_clusters/multi/chan2_1123p_92a_11232020_6_daf_no comp_RBC_multiple_CD61+_79.png,../prepare_data_source/revised_clusters/multi/chan3_1123p_92a_11232020_6_daf_no comp_RBC_multiple_CD61+_79.png,../prepare_data_source/revised_clusters/multi/chan7_1123p_92a_11232020_6_daf_no comp_RBC_multiple_CD61+_79.png,../prepare_data_source/revised_clusters/multi/chan11_1123p_92a_11232020_6_daf_no comp_RBC_multiple_CD61+_79.png,platelet
../prepare_data_source/revised_clusters/multi/chan2_1123p_92a_11232020_6_daf_no comp_RBC_multiple_CD61+_8.png,../prepare_data_source/revised_clusters/multi/chan3_1123p_92a_11232020_6_daf_no comp_RBC_multiple_CD61+_8.png,../prepare_data_source/revised_clusters/multi/chan7_1123p_92a_11232020_6_daf_no comp_RBC_multiple_CD61+_8.png,../prepare_data_source/revised_clusters/multi/chan11_1123p_92a_11232020_6_daf_no comp_RBC_multiple_CD61+_8.png,wbc platelet
../prepare_data_source/revised_clusters/multi/chan2_1123p_92a_11232020_6_daf_no comp_RBC_multiple_CD61+_80.png,../prepare_data_source/revised_clusters/multi/chan3_1123p_92a_11232020_6_daf_no comp_RBC_multiple_CD61+_80.png,../prepare_data_source/revised_clusters/multi/chan7_1123p_92a_11232020_6_daf_no comp_RBC_multiple_CD61+_80.png,../prepare_data_source/revised_clusters/multi/chan11_1123p_92a_11232020_6_daf_no comp_RBC_multiple_CD61+_80.png,platelet
../prepare_data_source/revised_clusters/multi/chan2_1123p_92a_11232020_6_daf_no comp_RBC_multiple_CD61+_81.png,../prepare_data_source/revised_clusters/multi/chan3_1123p_92a_11232020_6_daf_no comp_RBC_multiple_CD61+_81.png,../prepare_data_source/revised_clusters/multi/chan7_1123p_92a_11232020_6_daf_no comp_RBC_multiple_CD61+_81.png,../prepare_data_source/revised_clusters/multi/chan11_1123p_92a_11232020_6_daf_no comp_RBC_multiple_CD61+_81.png,platelet
../prepare_data_source/revised_clusters/multi/chan2_1123p_92a_11232020_6_daf_no comp_RBC_multiple_CD61+_82.png,../prepare_data_source/revised_clusters/multi/chan3_1123p_92a_11232020_6_daf_no comp_RBC_multiple_CD61+_82.png,../prepare_data_source/revised_clusters/multi/chan7_1123p_92a_11232020_6_daf_no comp_RBC_multiple_CD61+_82.png,../prepare_data_source/revised_clusters/multi/chan11_1123p_92a_11232020_6_daf_no comp_RBC_multiple_CD61+_82.png,wbc platelet
../prepare_data_source/revised_clusters/multi/chan2_1123p_92a_11232020_6_daf_no comp_RBC_multiple_CD61+_83.png,../prepare_data_source/revised_clusters/multi/chan3_1123p_92a_11232020_6_daf_no comp_RBC_multiple_CD61+_83.png,../prepare_data_source/revised_clusters/multi/chan7_1123p_92a_11232020_6_daf_no comp_RBC_multiple_CD61+_83.png,../prepare_data_source/revised_clusters/multi/chan11_1123p_92a_11232020_6_daf_no comp_RBC_multiple_CD61+_83.png,wbc platelet
../prepare_data_source/revised_clusters/multi/chan2_1123p_92a_11232020_6_daf_no comp_RBC_multiple_CD61+_84.png,../prepare_data_source/revised_clusters/multi/chan3_1123p_92a_11232020_6_daf_no comp_RBC_multiple_CD61+_84.png,../prepare_data_source/revised_clusters/multi/chan7_1123p_92a_11232020_6_daf_no comp_RBC_multiple_CD61+_84.png,../prepare_data_source/revised_clusters/multi/chan11_1123p_92a_11232020_6_daf_no comp_RBC_multiple_CD61+_84.png,wbc platelet
../prepare_data_source/revised_clusters/multi/chan2_1123p_92a_11232020_6_daf_no comp_RBC_multiple_CD61+_85.png,../prepare_data_source/revised_clusters/multi/chan3_1123p_92a_11232020_6_daf_no comp_RBC_multiple_CD61+_85.png,../prepare_data_source/revised_clusters/multi/chan7_1123p_92a_11232020_6_daf_no comp_RBC_multiple_CD61+_85.png,../prepare_data_source/revised_clusters/multi/chan11_1123p_92a_11232020_6_daf_no comp_RBC_multiple_CD61+_85.png,wbc platelet
../prepare_data_source/revised_clusters/multi/chan2_1123p_92a_11232020_6_daf_no comp_RBC_multiple_CD61+_86.png,../prepare_data_source/revised_clusters/multi/chan3_1123p_92a_11232020_6_daf_no comp_RBC_multiple_CD61+_86.png,../prepare_data_source/revised_clusters/multi/chan7_1123p_92a_11232020_6_daf_no comp_RBC_multiple_CD61+_86.png,../prepare_data_source/revised_clusters/multi/chan11_1123p_92a_11232020_6_daf_no comp_RBC_multiple_CD61+_86.png,wbc platelet
../prepare_data_source/revised_clusters/multi/chan2_1123p_92a_11232020_6_daf_no comp_RBC_multiple_CD61+_87.png,../prepare_data_source/revised_clusters/multi/chan3_1123p_92a_11232020_6_daf_no comp_RBC_multiple_CD61+_87.png,../prepare_data_source/revised_clusters/multi/chan7_1123p_92a_11232020_6_daf_no comp_RBC_multiple_CD61+_87.png,../prepare_data_source/revised_clusters/multi/chan11_1123p_92a_11232020_6_daf_no comp_RBC_multiple_CD61+_87.png,wbc platelet
../prepare_data_source/revised_clusters/multi/chan2_1123p_92a_11232020_6_daf_no comp_RBC_multiple_CD61+_88.png,../prepare_data_source/revised_clusters/multi/chan3_1123p_92a_11232020_6_daf_no comp_RBC_multiple_CD61+_88.png,../prepare_data_source/revised_clusters/multi/chan7_1123p_92a_11232020_6_daf_no comp_RBC_multiple_CD61+_88.png,../prepare_data_source/revised_clusters/multi/chan11_1123p_92a_11232020_6_daf_no comp_RBC_multiple_CD61+_88.png,wbc platelet
../prepare_data_source/revised_clusters/multi/chan2_1123p_92a_11232020_6_daf_no comp_RBC_multiple_CD61+_89.png,../prepare_data_source/revised_clusters/multi/chan3_1123p_92a_11232020_6_daf_no comp_RBC_multiple_CD61+_89.png,../prepare_data_source/revised_clusters/multi/chan7_1123p_92a_11232020_6_daf_no comp_RBC_multiple_CD61+_89.png,../prepare_data_source/revised_clusters/multi/chan11_1123p_92a_11232020_6_daf_no comp_RBC_multiple_CD61+_89.png,wbc platelet
../prepare_data_source/revised_clusters/multi/chan2_1123p_92a_11232020_6_daf_no comp_RBC_multiple_CD61+_9.png,../prepare_data_source/revised_clusters/multi/chan3_1123p_92a_11232020_6_daf_no comp_RBC_multiple_CD61+_9.png,../prepare_data_source/revised_clusters/multi/chan7_1123p_92a_11232020_6_daf_no comp_RBC_multiple_CD61+_9.png,../prepare_data_source/revised_clusters/multi/chan11_1123p_92a_11232020_6_daf_no comp_RBC_multiple_CD61+_9.png,platelet
../prepare_data_source/revised_clusters/multi/chan2_1123p_92a_11232020_6_daf_no comp_RBC_multiple_CD61+_90.png,../prepare_data_source/revised_clusters/multi/chan3_1123p_92a_11232020_6_daf_no comp_RBC_multiple_CD61+_90.png,../prepare_data_source/revised_clusters/multi/chan7_1123p_92a_11232020_6_daf_no comp_RBC_multiple_CD61+_90.png,../prepare_data_source/revised_clusters/multi/chan11_1123p_92a_11232020_6_daf_no comp_RBC_multiple_CD61+_90.png,wbc platelet
../prepare_data_source/revised_clusters/multi/chan2_1123p_92a_11232020_6_daf_no comp_RBC_multiple_CD61+_91.png,../prepare_data_source/revised_clusters/multi/chan3_1123p_92a_11232020_6_daf_no comp_RBC_multiple_CD61+_91.png,../prepare_data_source/revised_clusters/multi/chan7_1123p_92a_11232020_6_daf_no comp_RBC_multiple_CD61+_91.png,../prepare_data_source/revised_clusters/multi/chan11_1123p_92a_11232020_6_daf_no comp_RBC_multiple_CD61+_91.png,wbc platelet
../prepare_data_source/revised_clusters/multi/chan2_1123p_92a_11232020_6_daf_no comp_RBC_multiple_CD61+_92.png,../prepare_data_source/revised_clusters/multi/chan3_1123p_92a_11232020_6_daf_no comp_RBC_multiple_CD61+_92.png,../prepare_data_source/revised_clusters/multi/chan7_1123p_92a_11232020_6_daf_no comp_RBC_multiple_CD61+_92.png,../prepare_data_source/revised_clusters/multi/chan11_1123p_92a_11232020_6_daf_no comp_RBC_multiple_CD61+_92.png,platelet
../prepare_data_source/revised_clusters/multi/chan2_1123p_92a_11232020_6_daf_no comp_RBC_multiple_CD61+_93.png,../prepare_data_source/revised_clusters/multi/chan3_1123p_92a_11232020_6_daf_no comp_RBC_multiple_CD61+_93.png,../prepare_data_source/revised_clusters/multi/chan7_1123p_92a_11232020_6_daf_no comp_RBC_multiple_CD61+_93.png,../prepare_data_source/revised_clusters/multi/chan11_1123p_92a_11232020_6_daf_no comp_RBC_multiple_CD61+_93.png,wbc platelet
../prepare_data_source/revised_clusters/multi/chan2_1123p_92a_11232020_6_daf_no comp_RBC_multiple_CD61+_94.png,../prepare_data_source/revised_clusters/multi/chan3_1123p_92a_11232020_6_daf_no comp_RBC_multiple_CD61+_94.png,../prepare_data_source/revised_clusters/multi/chan7_1123p_92a_11232020_6_daf_no comp_RBC_multiple_CD61+_94.png,../prepare_data_source/revised_clusters/multi/chan11_1123p_92a_11232020_6_daf_no comp_RBC_multiple_CD61+_94.png,wbc platelet
../prepare_data_source/revised_clusters/multi/chan2_1123p_92a_11232020_6_daf_no comp_RBC_multiple_CD61+_95.png,../prepare_data_source/revised_clusters/multi/chan3_1123p_92a_11232020_6_daf_no comp_RBC_multiple_CD61+_95.png,../prepare_data_source/revised_clusters/multi/chan7_1123p_92a_11232020_6_daf_no comp_RBC_multiple_CD61+_95.png,../prepare_data_source/revised_clusters/multi/chan11_1123p_92a_11232020_6_daf_no comp_RBC_multiple_CD61+_95.png,wbc platelet
../prepare_data_source/revised_clusters/multi/chan2_1123p_92a_11232020_6_daf_no comp_RBC_multiple_CD61+_96.png,../prepare_data_source/revised_clusters/multi/chan3_1123p_92a_11232020_6_daf_no comp_RBC_multiple_CD61+_96.png,../prepare_data_source/revised_clusters/multi/chan7_1123p_92a_11232020_6_daf_no comp_RBC_multiple_CD61+_96.png,../prepare_data_source/revised_clusters/multi/chan11_1123p_92a_11232020_6_daf_no comp_RBC_multiple_CD61+_96.png,wbc platelet
../prepare_data_source/revised_clusters/multi/chan2_1123p_92a_11232020_6_daf_no comp_RBC_multiple_CD61+_97.png,../prepare_data_source/revised_clusters/multi/chan3_1123p_92a_11232020_6_daf_no comp_RBC_multiple_CD61+_97.png,../prepare_data_source/revised_clusters/multi/chan7_1123p_92a_11232020_6_daf_no comp_RBC_multiple_CD61+_97.png,../prepare_data_source/revised_clusters/multi/chan11_1123p_92a_11232020_6_daf_no comp_RBC_multiple_CD61+_97.png,wbc platelet
../prepare_data_source/revised_clusters/multi/chan2_1123p_92a_11232020_6_daf_no comp_RBC_multiple_CD61+_98.png,../prepare_data_source/revised_clusters/multi/chan3_1123p_92a_11232020_6_daf_no comp_RBC_multiple_CD61+_98.png,../prepare_data_source/revised_clusters/multi/chan7_1123p_92a_11232020_6_daf_no comp_RBC_multiple_CD61+_98.png,../prepare_data_source/revised_clusters/multi/chan11_1123p_92a_11232020_6_daf_no comp_RBC_multiple_CD61+_98.png,platelet
../prepare_data_source/revised_clusters/multi/chan2_1123p_92a_11232020_6_daf_no comp_RBC_multiple_CD61+_99.png,../prepare_data_source/revised_clusters/multi/chan3_1123p_92a_11232020_6_daf_no comp_RBC_multiple_CD61+_99.png,../prepare_data_source/revised_clusters/multi/chan7_1123p_92a_11232020_6_daf_no comp_RBC_multiple_CD61+_99.png,../prepare_data_source/revised_clusters/multi/chan11_1123p_92a_11232020_6_daf_no comp_RBC_multiple_CD61+_99.png,platelet
../prepare_data_source/revised_clusters/multi/chan2_1123p_96a_11232020_4_DAPI+cells_1.png,../prepare_data_source/revised_clusters/multi/chan3_1123p_96a_11232020_4_DAPI+cells_1.png,../prepare_data_source/revised_clusters/multi/chan7_1123p_96a_11232020_4_DAPI+cells_1.png,../prepare_data_source/revised_clusters/multi/chan11_1123p_96a_11232020_4_DAPI+cells_1.png,wbc platelet
../prepare_data_source/revised_clusters/multi/chan2_1123p_96a_11232020_4_DAPI+cells_10.png,../prepare_data_source/revised_clusters/multi/chan3_1123p_96a_11232020_4_DAPI+cells_10.png,../prepare_data_source/revised_clusters/multi/chan7_1123p_96a_11232020_4_DAPI+cells_10.png,../prepare_data_source/revised_clusters/multi/chan11_1123p_96a_11232020_4_DAPI+cells_10.png,wbc platelet
../prepare_data_source/revised_clusters/multi/chan2_1123p_96a_11232020_4_DAPI+cells_11.png,../prepare_data_source/revised_clusters/multi/chan3_1123p_96a_11232020_4_DAPI+cells_11.png,../prepare_data_source/revised_clusters/multi/chan7_1123p_96a_11232020_4_DAPI+cells_11.png,../prepare_data_source/revised_clusters/multi/chan11_1123p_96a_11232020_4_DAPI+cells_11.png,wbc platelet
../prepare_data_source/revised_clusters/multi/chan2_1123p_96a_11232020_4_DAPI+cells_12.png,../prepare_data_source/revised_clusters/multi/chan3_1123p_96a_11232020_4_DAPI+cells_12.png,../prepare_data_source/revised_clusters/multi/chan7_1123p_96a_11232020_4_DAPI+cells_12.png,../prepare_data_source/revised_clusters/multi/chan11_1123p_96a_11232020_4_DAPI+cells_12.png,wbc platelet
../prepare_data_source/revised_clusters/multi/chan2_1123p_96a_11232020_4_DAPI+cells_13.png,../prepare_data_source/revised_clusters/multi/chan3_1123p_96a_11232020_4_DAPI+cells_13.png,../prepare_data_source/revised_clusters/multi/chan7_1123p_96a_11232020_4_DAPI+cells_13.png,../prepare_data_source/revised_clusters/multi/chan11_1123p_96a_11232020_4_DAPI+cells_13.png,wbc platelet
../prepare_data_source/revised_clusters/multi/chan2_1123p_96a_11232020_4_DAPI+cells_14.png,../prepare_data_source/revised_clusters/multi/chan3_1123p_96a_11232020_4_DAPI+cells_14.png,../prepare_data_source/revised_clusters/multi/chan7_1123p_96a_11232020_4_DAPI+cells_14.png,../prepare_data_source/revised_clusters/multi/chan11_1123p_96a_11232020_4_DAPI+cells_14.png,wbc platelet
../prepare_data_source/revised_clusters/multi/chan2_1123p_96a_11232020_4_DAPI+cells_15.png,../prepare_data_source/revised_clusters/multi/chan3_1123p_96a_11232020_4_DAPI+cells_15.png,../prepare_data_source/revised_clusters/multi/chan7_1123p_96a_11232020_4_DAPI+cells_15.png,../prepare_data_source/revised_clusters/multi/chan11_1123p_96a_11232020_4_DAPI+cells_15.png,wbc platelet
../prepare_data_source/revised_clusters/multi/chan2_1123p_96a_11232020_4_DAPI+cells_16.png,../prepare_data_source/revised_clusters/multi/chan3_1123p_96a_11232020_4_DAPI+cells_16.png,../prepare_data_source/revised_clusters/multi/chan7_1123p_96a_11232020_4_DAPI+cells_16.png,../prepare_data_source/revised_clusters/multi/chan11_1123p_96a_11232020_4_DAPI+cells_16.png,wbc platelet
../prepare_data_source/revised_clusters/multi/chan2_1123p_96a_11232020_4_DAPI+cells_17.png,../prepare_data_source/revised_clusters/multi/chan3_1123p_96a_11232020_4_DAPI+cells_17.png,../prepare_data_source/revised_clusters/multi/chan7_1123p_96a_11232020_4_DAPI+cells_17.png,../prepare_data_source/revised_clusters/multi/chan11_1123p_96a_11232020_4_DAPI+cells_17.png,wbc platelet
../prepare_data_source/revised_clusters/multi/chan2_1123p_96a_11232020_4_DAPI+cells_18.png,../prepare_data_source/revised_clusters/multi/chan3_1123p_96a_11232020_4_DAPI+cells_18.png,../prepare_data_source/revised_clusters/multi/chan7_1123p_96a_11232020_4_DAPI+cells_18.png,../prepare_data_source/revised_clusters/multi/chan11_1123p_96a_11232020_4_DAPI+cells_18.png,wbc platelet
../prepare_data_source/revised_clusters/multi/chan2_1123p_96a_11232020_4_DAPI+cells_19.png,../prepare_data_source/revised_clusters/multi/chan3_1123p_96a_11232020_4_DAPI+cells_19.png,../prepare_data_source/revised_clusters/multi/chan7_1123p_96a_11232020_4_DAPI+cells_19.png,../prepare_data_source/revised_clusters/multi/chan11_1123p_96a_11232020_4_DAPI+cells_19.png,wbc platelet
../prepare_data_source/revised_clusters/multi/chan2_1123p_96a_11232020_4_DAPI+cells_2.png,../prepare_data_source/revised_clusters/multi/chan3_1123p_96a_11232020_4_DAPI+cells_2.png,../prepare_data_source/revised_clusters/multi/chan7_1123p_96a_11232020_4_DAPI+cells_2.png,../prepare_data_source/revised_clusters/multi/chan11_1123p_96a_11232020_4_DAPI+cells_2.png,wbc platelet
../prepare_data_source/revised_clusters/multi/chan2_1123p_96a_11232020_4_DAPI+cells_20.png,../prepare_data_source/revised_clusters/multi/chan3_1123p_96a_11232020_4_DAPI+cells_20.png,../prepare_data_source/revised_clusters/multi/chan7_1123p_96a_11232020_4_DAPI+cells_20.png,../prepare_data_source/revised_clusters/multi/chan11_1123p_96a_11232020_4_DAPI+cells_20.png,wbc platelet
../prepare_data_source/revised_clusters/multi/chan2_1123p_96a_11232020_4_DAPI+cells_21.png,../prepare_data_source/revised_clusters/multi/chan3_1123p_96a_11232020_4_DAPI+cells_21.png,../prepare_data_source/revised_clusters/multi/chan7_1123p_96a_11232020_4_DAPI+cells_21.png,../prepare_data_source/revised_clusters/multi/chan11_1123p_96a_11232020_4_DAPI+cells_21.png,wbc platelet
../prepare_data_source/revised_clusters/multi/chan2_1123p_96a_11232020_4_DAPI+cells_22.png,../prepare_data_source/revised_clusters/multi/chan3_1123p_96a_11232020_4_DAPI+cells_22.png,../prepare_data_source/revised_clusters/multi/chan7_1123p_96a_11232020_4_DAPI+cells_22.png,../prepare_data_source/revised_clusters/multi/chan11_1123p_96a_11232020_4_DAPI+cells_22.png,wbc platelet
../prepare_data_source/revised_clusters/multi/chan2_1123p_96a_11232020_4_DAPI+cells_23.png,../prepare_data_source/revised_clusters/multi/chan3_1123p_96a_11232020_4_DAPI+cells_23.png,../prepare_data_source/revised_clusters/multi/chan7_1123p_96a_11232020_4_DAPI+cells_23.png,../prepare_data_source/revised_clusters/multi/chan11_1123p_96a_11232020_4_DAPI+cells_23.png,wbc platelet
../prepare_data_source/revised_clusters/multi/chan2_1123p_96a_11232020_4_DAPI+cells_24.png,../prepare_data_source/revised_clusters/multi/chan3_1123p_96a_11232020_4_DAPI+cells_24.png,../prepare_data_source/revised_clusters/multi/chan7_1123p_96a_11232020_4_DAPI+cells_24.png,../prepare_data_source/revised_clusters/multi/chan11_1123p_96a_11232020_4_DAPI+cells_24.png,wbc platelet
../prepare_data_source/revised_clusters/multi/chan2_1123p_96a_11232020_4_DAPI+cells_25.png,../prepare_data_source/revised_clusters/multi/chan3_1123p_96a_11232020_4_DAPI+cells_25.png,../prepare_data_source/revised_clusters/multi/chan7_1123p_96a_11232020_4_DAPI+cells_25.png,../prepare_data_source/revised_clusters/multi/chan11_1123p_96a_11232020_4_DAPI+cells_25.png,wbc platelet
../prepare_data_source/revised_clusters/multi/chan2_1123p_96a_11232020_4_DAPI+cells_26.png,../prepare_data_source/revised_clusters/multi/chan3_1123p_96a_11232020_4_DAPI+cells_26.png,../prepare_data_source/revised_clusters/multi/chan7_1123p_96a_11232020_4_DAPI+cells_26.png,../prepare_data_source/revised_clusters/multi/chan11_1123p_96a_11232020_4_DAPI+cells_26.png,wbc platelet
../prepare_data_source/revised_clusters/multi/chan2_1123p_96a_11232020_4_DAPI+cells_27.png,../prepare_data_source/revised_clusters/multi/chan3_1123p_96a_11232020_4_DAPI+cells_27.png,../prepare_data_source/revised_clusters/multi/chan7_1123p_96a_11232020_4_DAPI+cells_27.png,../prepare_data_source/revised_clusters/multi/chan11_1123p_96a_11232020_4_DAPI+cells_27.png,wbc platelet
../prepare_data_source/revised_clusters/multi/chan2_1123p_96a_11232020_4_DAPI+cells_28.png,../prepare_data_source/revised_clusters/multi/chan3_1123p_96a_11232020_4_DAPI+cells_28.png,../prepare_data_source/revised_clusters/multi/chan7_1123p_96a_11232020_4_DAPI+cells_28.png,../prepare_data_source/revised_clusters/multi/chan11_1123p_96a_11232020_4_DAPI+cells_28.png,wbc platelet
../prepare_data_source/revised_clusters/multi/chan2_1123p_96a_11232020_4_DAPI+cells_29.png,../prepare_data_source/revised_clusters/multi/chan3_1123p_96a_11232020_4_DAPI+cells_29.png,../prepare_data_source/revised_clusters/multi/chan7_1123p_96a_11232020_4_DAPI+cells_29.png,../prepare_data_source/revised_clusters/multi/chan11_1123p_96a_11232020_4_DAPI+cells_29.png,wbc platelet
../prepare_data_source/revised_clusters/multi/chan2_1123p_96a_11232020_4_DAPI+cells_3.png,../prepare_data_source/revised_clusters/multi/chan3_1123p_96a_11232020_4_DAPI+cells_3.png,../prepare_data_source/revised_clusters/multi/chan7_1123p_96a_11232020_4_DAPI+cells_3.png,../prepare_data_source/revised_clusters/multi/chan11_1123p_96a_11232020_4_DAPI+cells_3.png,wbc platelet
../prepare_data_source/revised_clusters/multi/chan2_1123p_96a_11232020_4_DAPI+cells_30.png,../prepare_data_source/revised_clusters/multi/chan3_1123p_96a_11232020_4_DAPI+cells_30.png,../prepare_data_source/revised_clusters/multi/chan7_1123p_96a_11232020_4_DAPI+cells_30.png,../prepare_data_source/revised_clusters/multi/chan11_1123p_96a_11232020_4_DAPI+cells_30.png,wbc platelet
../prepare_data_source/revised_clusters/multi/chan2_1123p_96a_11232020_4_DAPI+cells_31.png,../prepare_data_source/revised_clusters/multi/chan3_1123p_96a_11232020_4_DAPI+cells_31.png,../prepare_data_source/revised_clusters/multi/chan7_1123p_96a_11232020_4_DAPI+cells_31.png,../prepare_data_source/revised_clusters/multi/chan11_1123p_96a_11232020_4_DAPI+cells_31.png,wbc platelet
../prepare_data_source/revised_clusters/multi/chan2_1123p_96a_11232020_4_DAPI+cells_32.png,../prepare_data_source/revised_clusters/multi/chan3_1123p_96a_11232020_4_DAPI+cells_32.png,../prepare_data_source/revised_clusters/multi/chan7_1123p_96a_11232020_4_DAPI+cells_32.png,../prepare_data_source/revised_clusters/multi/chan11_1123p_96a_11232020_4_DAPI+cells_32.png,wbc platelet
../prepare_data_source/revised_clusters/multi/chan2_1123p_96a_11232020_4_DAPI+cells_33.png,../prepare_data_source/revised_clusters/multi/chan3_1123p_96a_11232020_4_DAPI+cells_33.png,../prepare_data_source/revised_clusters/multi/chan7_1123p_96a_11232020_4_DAPI+cells_33.png,../prepare_data_source/revised_clusters/multi/chan11_1123p_96a_11232020_4_DAPI+cells_33.png,wbc platelet
../prepare_data_source/revised_clusters/multi/chan2_1123p_96a_11232020_4_DAPI+cells_34.png,../prepare_data_source/revised_clusters/multi/chan3_1123p_96a_11232020_4_DAPI+cells_34.png,../prepare_data_source/revised_clusters/multi/chan7_1123p_96a_11232020_4_DAPI+cells_34.png,../prepare_data_source/revised_clusters/multi/chan11_1123p_96a_11232020_4_DAPI+cells_34.png,wbc platelet
../prepare_data_source/revised_clusters/multi/chan2_1123p_96a_11232020_4_DAPI+cells_35.png,../prepare_data_source/revised_clusters/multi/chan3_1123p_96a_11232020_4_DAPI+cells_35.png,../prepare_data_source/revised_clusters/multi/chan7_1123p_96a_11232020_4_DAPI+cells_35.png,../prepare_data_source/revised_clusters/multi/chan11_1123p_96a_11232020_4_DAPI+cells_35.png,wbc platelet
../prepare_data_source/revised_clusters/multi/chan2_1123p_96a_11232020_4_DAPI+cells_36.png,../prepare_data_source/revised_clusters/multi/chan3_1123p_96a_11232020_4_DAPI+cells_36.png,../prepare_data_source/revised_clusters/multi/chan7_1123p_96a_11232020_4_DAPI+cells_36.png,../prepare_data_source/revised_clusters/multi/chan11_1123p_96a_11232020_4_DAPI+cells_36.png,wbc platelet
../prepare_data_source/revised_clusters/multi/chan2_1123p_96a_11232020_4_DAPI+cells_37.png,../prepare_data_source/revised_clusters/multi/chan3_1123p_96a_11232020_4_DAPI+cells_37.png,../prepare_data_source/revised_clusters/multi/chan7_1123p_96a_11232020_4_DAPI+cells_37.png,../prepare_data_source/revised_clusters/multi/chan11_1123p_96a_11232020_4_DAPI+cells_37.png,wbc platelet
../prepare_data_source/revised_clusters/multi/chan2_1123p_96a_11232020_4_DAPI+cells_38.png,../prepare_data_source/revised_clusters/multi/chan3_1123p_96a_11232020_4_DAPI+cells_38.png,../prepare_data_source/revised_clusters/multi/chan7_1123p_96a_11232020_4_DAPI+cells_38.png,../prepare_data_source/revised_clusters/multi/chan11_1123p_96a_11232020_4_DAPI+cells_38.png,wbc platelet
../prepare_data_source/revised_clusters/multi/chan2_1123p_96a_11232020_4_DAPI+cells_39.png,../prepare_data_source/revised_clusters/multi/chan3_1123p_96a_11232020_4_DAPI+cells_39.png,../prepare_data_source/revised_clusters/multi/chan7_1123p_96a_11232020_4_DAPI+cells_39.png,../prepare_data_source/revised_clusters/multi/chan11_1123p_96a_11232020_4_DAPI+cells_39.png,wbc platelet
../prepare_data_source/revised_clusters/multi/chan2_1123p_96a_11232020_4_DAPI+cells_4.png,../prepare_data_source/revised_clusters/multi/chan3_1123p_96a_11232020_4_DAPI+cells_4.png,../prepare_data_source/revised_clusters/multi/chan7_1123p_96a_11232020_4_DAPI+cells_4.png,../prepare_data_source/revised_clusters/multi/chan11_1123p_96a_11232020_4_DAPI+cells_4.png,wbc platelet
../prepare_data_source/revised_clusters/multi/chan2_1123p_96a_11232020_4_DAPI+cells_40.png,../prepare_data_source/revised_clusters/multi/chan3_1123p_96a_11232020_4_DAPI+cells_40.png,../prepare_data_source/revised_clusters/multi/chan7_1123p_96a_11232020_4_DAPI+cells_40.png,../prepare_data_source/revised_clusters/multi/chan11_1123p_96a_11232020_4_DAPI+cells_40.png,wbc platelet
../prepare_data_source/revised_clusters/multi/chan2_1123p_96a_11232020_4_DAPI+cells_41.png,../prepare_data_source/revised_clusters/multi/chan3_1123p_96a_11232020_4_DAPI+cells_41.png,../prepare_data_source/revised_clusters/multi/chan7_1123p_96a_11232020_4_DAPI+cells_41.png,../prepare_data_source/revised_clusters/multi/chan11_1123p_96a_11232020_4_DAPI+cells_41.png,wbc platelet
../prepare_data_source/revised_clusters/multi/chan2_1123p_96a_11232020_4_DAPI+cells_42.png,../prepare_data_source/revised_clusters/multi/chan3_1123p_96a_11232020_4_DAPI+cells_42.png,../prepare_data_source/revised_clusters/multi/chan7_1123p_96a_11232020_4_DAPI+cells_42.png,../prepare_data_source/revised_clusters/multi/chan11_1123p_96a_11232020_4_DAPI+cells_42.png,wbc platelet
../prepare_data_source/revised_clusters/multi/chan2_1123p_96a_11232020_4_DAPI+cells_43.png,../prepare_data_source/revised_clusters/multi/chan3_1123p_96a_11232020_4_DAPI+cells_43.png,../prepare_data_source/revised_clusters/multi/chan7_1123p_96a_11232020_4_DAPI+cells_43.png,../prepare_data_source/revised_clusters/multi/chan11_1123p_96a_11232020_4_DAPI+cells_43.png,wbc platelet
../prepare_data_source/revised_clusters/multi/chan2_1123p_96a_11232020_4_DAPI+cells_44.png,../prepare_data_source/revised_clusters/multi/chan3_1123p_96a_11232020_4_DAPI+cells_44.png,../prepare_data_source/revised_clusters/multi/chan7_1123p_96a_11232020_4_DAPI+cells_44.png,../prepare_data_source/revised_clusters/multi/chan11_1123p_96a_11232020_4_DAPI+cells_44.png,wbc platelet
../prepare_data_source/revised_clusters/multi/chan2_1123p_96a_11232020_4_DAPI+cells_45.png,../prepare_data_source/revised_clusters/multi/chan3_1123p_96a_11232020_4_DAPI+cells_45.png,../prepare_data_source/revised_clusters/multi/chan7_1123p_96a_11232020_4_DAPI+cells_45.png,../prepare_data_source/revised_clusters/multi/chan11_1123p_96a_11232020_4_DAPI+cells_45.png,wbc platelet
../prepare_data_source/revised_clusters/multi/chan2_1123p_96a_11232020_4_DAPI+cells_46.png,../prepare_data_source/revised_clusters/multi/chan3_1123p_96a_11232020_4_DAPI+cells_46.png,../prepare_data_source/revised_clusters/multi/chan7_1123p_96a_11232020_4_DAPI+cells_46.png,../prepare_data_source/revised_clusters/multi/chan11_1123p_96a_11232020_4_DAPI+cells_46.png,wbc platelet
../prepare_data_source/revised_clusters/multi/chan2_1123p_96a_11232020_4_DAPI+cells_47.png,../prepare_data_source/revised_clusters/multi/chan3_1123p_96a_11232020_4_DAPI+cells_47.png,../prepare_data_source/revised_clusters/multi/chan7_1123p_96a_11232020_4_DAPI+cells_47.png,../prepare_data_source/revised_clusters/multi/chan11_1123p_96a_11232020_4_DAPI+cells_47.png,wbc platelet
../prepare_data_source/revised_clusters/multi/chan2_1123p_96a_11232020_4_DAPI+cells_48.png,../prepare_data_source/revised_clusters/multi/chan3_1123p_96a_11232020_4_DAPI+cells_48.png,../prepare_data_source/revised_clusters/multi/chan7_1123p_96a_11232020_4_DAPI+cells_48.png,../prepare_data_source/revised_clusters/multi/chan11_1123p_96a_11232020_4_DAPI+cells_48.png,wbc platelet
../prepare_data_source/revised_clusters/multi/chan2_1123p_96a_11232020_4_DAPI+cells_49.png,../prepare_data_source/revised_clusters/multi/chan3_1123p_96a_11232020_4_DAPI+cells_49.png,../prepare_data_source/revised_clusters/multi/chan7_1123p_96a_11232020_4_DAPI+cells_49.png,../prepare_data_source/revised_clusters/multi/chan11_1123p_96a_11232020_4_DAPI+cells_49.png,wbc platelet
../prepare_data_source/revised_clusters/multi/chan2_1123p_96a_11232020_4_DAPI+cells_5.png,../prepare_data_source/revised_clusters/multi/chan3_1123p_96a_11232020_4_DAPI+cells_5.png,../prepare_data_source/revised_clusters/multi/chan7_1123p_96a_11232020_4_DAPI+cells_5.png,../prepare_data_source/revised_clusters/multi/chan11_1123p_96a_11232020_4_DAPI+cells_5.png,wbc platelet
../prepare_data_source/revised_clusters/multi/chan2_1123p_96a_11232020_4_DAPI+cells_50.png,../prepare_data_source/revised_clusters/multi/chan3_1123p_96a_11232020_4_DAPI+cells_50.png,../prepare_data_source/revised_clusters/multi/chan7_1123p_96a_11232020_4_DAPI+cells_50.png,../prepare_data_source/revised_clusters/multi/chan11_1123p_96a_11232020_4_DAPI+cells_50.png,wbc platelet
../prepare_data_source/revised_clusters/multi/chan2_1123p_96a_11232020_4_DAPI+cells_51.png,../prepare_data_source/revised_clusters/multi/chan3_1123p_96a_11232020_4_DAPI+cells_51.png,../prepare_data_source/revised_clusters/multi/chan7_1123p_96a_11232020_4_DAPI+cells_51.png,../prepare_data_source/revised_clusters/multi/chan11_1123p_96a_11232020_4_DAPI+cells_51.png,wbc platelet
../prepare_data_source/revised_clusters/multi/chan2_1123p_96a_11232020_4_DAPI+cells_52.png,../prepare_data_source/revised_clusters/multi/chan3_1123p_96a_11232020_4_DAPI+cells_52.png,../prepare_data_source/revised_clusters/multi/chan7_1123p_96a_11232020_4_DAPI+cells_52.png,../prepare_data_source/revised_clusters/multi/chan11_1123p_96a_11232020_4_DAPI+cells_52.png,wbc platelet
../prepare_data_source/revised_clusters/multi/chan2_1123p_96a_11232020_4_DAPI+cells_53.png,../prepare_data_source/revised_clusters/multi/chan3_1123p_96a_11232020_4_DAPI+cells_53.png,../prepare_data_source/revised_clusters/multi/chan7_1123p_96a_11232020_4_DAPI+cells_53.png,../prepare_data_source/revised_clusters/multi/chan11_1123p_96a_11232020_4_DAPI+cells_53.png,wbc platelet
../prepare_data_source/revised_clusters/multi/chan2_1123p_96a_11232020_4_DAPI+cells_54.png,../prepare_data_source/revised_clusters/multi/chan3_1123p_96a_11232020_4_DAPI+cells_54.png,../prepare_data_source/revised_clusters/multi/chan7_1123p_96a_11232020_4_DAPI+cells_54.png,../prepare_data_source/revised_clusters/multi/chan11_1123p_96a_11232020_4_DAPI+cells_54.png,wbc platelet
../prepare_data_source/revised_clusters/multi/chan2_1123p_96a_11232020_4_DAPI+cells_55.png,../prepare_data_source/revised_clusters/multi/chan3_1123p_96a_11232020_4_DAPI+cells_55.png,../prepare_data_source/revised_clusters/multi/chan7_1123p_96a_11232020_4_DAPI+cells_55.png,../prepare_data_source/revised_clusters/multi/chan11_1123p_96a_11232020_4_DAPI+cells_55.png,wbc platelet
../prepare_data_source/revised_clusters/multi/chan2_1123p_96a_11232020_4_DAPI+cells_56.png,../prepare_data_source/revised_clusters/multi/chan3_1123p_96a_11232020_4_DAPI+cells_56.png,../prepare_data_source/revised_clusters/multi/chan7_1123p_96a_11232020_4_DAPI+cells_56.png,../prepare_data_source/revised_clusters/multi/chan11_1123p_96a_11232020_4_DAPI+cells_56.png,wbc platelet
../prepare_data_source/revised_clusters/multi/chan2_1123p_96a_11232020_4_DAPI+cells_57.png,../prepare_data_source/revised_clusters/multi/chan3_1123p_96a_11232020_4_DAPI+cells_57.png,../prepare_data_source/revised_clusters/multi/chan7_1123p_96a_11232020_4_DAPI+cells_57.png,../prepare_data_source/revised_clusters/multi/chan11_1123p_96a_11232020_4_DAPI+cells_57.png,wbc platelet
../prepare_data_source/revised_clusters/multi/chan2_1123p_96a_11232020_4_DAPI+cells_58.png,../prepare_data_source/revised_clusters/multi/chan3_1123p_96a_11232020_4_DAPI+cells_58.png,../prepare_data_source/revised_clusters/multi/chan7_1123p_96a_11232020_4_DAPI+cells_58.png,../prepare_data_source/revised_clusters/multi/chan11_1123p_96a_11232020_4_DAPI+cells_58.png,wbc platelet
../prepare_data_source/revised_clusters/multi/chan2_1123p_96a_11232020_4_DAPI+cells_59.png,../prepare_data_source/revised_clusters/multi/chan3_1123p_96a_11232020_4_DAPI+cells_59.png,../prepare_data_source/revised_clusters/multi/chan7_1123p_96a_11232020_4_DAPI+cells_59.png,../prepare_data_source/revised_clusters/multi/chan11_1123p_96a_11232020_4_DAPI+cells_59.png,wbc platelet
../prepare_data_source/revised_clusters/multi/chan2_1123p_96a_11232020_4_DAPI+cells_6.png,../prepare_data_source/revised_clusters/multi/chan3_1123p_96a_11232020_4_DAPI+cells_6.png,../prepare_data_source/revised_clusters/multi/chan7_1123p_96a_11232020_4_DAPI+cells_6.png,../prepare_data_source/revised_clusters/multi/chan11_1123p_96a_11232020_4_DAPI+cells_6.png,wbc platelet
../prepare_data_source/revised_clusters/multi/chan2_1123p_96a_11232020_4_DAPI+cells_60.png,../prepare_data_source/revised_clusters/multi/chan3_1123p_96a_11232020_4_DAPI+cells_60.png,../prepare_data_source/revised_clusters/multi/chan7_1123p_96a_11232020_4_DAPI+cells_60.png,../prepare_data_source/revised_clusters/multi/chan11_1123p_96a_11232020_4_DAPI+cells_60.png,wbc platelet
../prepare_data_source/revised_clusters/multi/chan2_1123p_96a_11232020_4_DAPI+cells_61.png,../prepare_data_source/revised_clusters/multi/chan3_1123p_96a_11232020_4_DAPI+cells_61.png,../prepare_data_source/revised_clusters/multi/chan7_1123p_96a_11232020_4_DAPI+cells_61.png,../prepare_data_source/revised_clusters/multi/chan11_1123p_96a_11232020_4_DAPI+cells_61.png,wbc platelet
../prepare_data_source/revised_clusters/multi/chan2_1123p_96a_11232020_4_DAPI+cells_62.png,../prepare_data_source/revised_clusters/multi/chan3_1123p_96a_11232020_4_DAPI+cells_62.png,../prepare_data_source/revised_clusters/multi/chan7_1123p_96a_11232020_4_DAPI+cells_62.png,../prepare_data_source/revised_clusters/multi/chan11_1123p_96a_11232020_4_DAPI+cells_62.png,wbc platelet
../prepare_data_source/revised_clusters/multi/chan2_1123p_96a_11232020_4_DAPI+cells_63.png,../prepare_data_source/revised_clusters/multi/chan3_1123p_96a_11232020_4_DAPI+cells_63.png,../prepare_data_source/revised_clusters/multi/chan7_1123p_96a_11232020_4_DAPI+cells_63.png,../prepare_data_source/revised_clusters/multi/chan11_1123p_96a_11232020_4_DAPI+cells_63.png,wbc platelet
../prepare_data_source/revised_clusters/multi/chan2_1123p_96a_11232020_4_DAPI+cells_64.png,../prepare_data_source/revised_clusters/multi/chan3_1123p_96a_11232020_4_DAPI+cells_64.png,../prepare_data_source/revised_clusters/multi/chan7_1123p_96a_11232020_4_DAPI+cells_64.png,../prepare_data_source/revised_clusters/multi/chan11_1123p_96a_11232020_4_DAPI+cells_64.png,wbc platelet
../prepare_data_source/revised_clusters/multi/chan2_1123p_96a_11232020_4_DAPI+cells_65.png,../prepare_data_source/revised_clusters/multi/chan3_1123p_96a_11232020_4_DAPI+cells_65.png,../prepare_data_source/revised_clusters/multi/chan7_1123p_96a_11232020_4_DAPI+cells_65.png,../prepare_data_source/revised_clusters/multi/chan11_1123p_96a_11232020_4_DAPI+cells_65.png,wbc platelet
../prepare_data_source/revised_clusters/multi/chan2_1123p_96a_11232020_4_DAPI+cells_66.png,../prepare_data_source/revised_clusters/multi/chan3_1123p_96a_11232020_4_DAPI+cells_66.png,../prepare_data_source/revised_clusters/multi/chan7_1123p_96a_11232020_4_DAPI+cells_66.png,../prepare_data_source/revised_clusters/multi/chan11_1123p_96a_11232020_4_DAPI+cells_66.png,wbc platelet
../prepare_data_source/revised_clusters/multi/chan2_1123p_96a_11232020_4_DAPI+cells_67.png,../prepare_data_source/revised_clusters/multi/chan3_1123p_96a_11232020_4_DAPI+cells_67.png,../prepare_data_source/revised_clusters/multi/chan7_1123p_96a_11232020_4_DAPI+cells_67.png,../prepare_data_source/revised_clusters/multi/chan11_1123p_96a_11232020_4_DAPI+cells_67.png,wbc platelet
../prepare_data_source/revised_clusters/multi/chan2_1123p_96a_11232020_4_DAPI+cells_68.png,../prepare_data_source/revised_clusters/multi/chan3_1123p_96a_11232020_4_DAPI+cells_68.png,../prepare_data_source/revised_clusters/multi/chan7_1123p_96a_11232020_4_DAPI+cells_68.png,../prepare_data_source/revised_clusters/multi/chan11_1123p_96a_11232020_4_DAPI+cells_68.png,wbc platelet
../prepare_data_source/revised_clusters/multi/chan2_1123p_96a_11232020_4_DAPI+cells_69.png,../prepare_data_source/revised_clusters/multi/chan3_1123p_96a_11232020_4_DAPI+cells_69.png,../prepare_data_source/revised_clusters/multi/chan7_1123p_96a_11232020_4_DAPI+cells_69.png,../prepare_data_source/revised_clusters/multi/chan11_1123p_96a_11232020_4_DAPI+cells_69.png,wbc platelet
../prepare_data_source/revised_clusters/multi/chan2_1123p_96a_11232020_4_DAPI+cells_7.png,../prepare_data_source/revised_clusters/multi/chan3_1123p_96a_11232020_4_DAPI+cells_7.png,../prepare_data_source/revised_clusters/multi/chan7_1123p_96a_11232020_4_DAPI+cells_7.png,../prepare_data_source/revised_clusters/multi/chan11_1123p_96a_11232020_4_DAPI+cells_7.png,wbc platelet
../prepare_data_source/revised_clusters/multi/chan2_1123p_96a_11232020_4_DAPI+cells_70.png,../prepare_data_source/revised_clusters/multi/chan3_1123p_96a_11232020_4_DAPI+cells_70.png,../prepare_data_source/revised_clusters/multi/chan7_1123p_96a_11232020_4_DAPI+cells_70.png,../prepare_data_source/revised_clusters/multi/chan11_1123p_96a_11232020_4_DAPI+cells_70.png,wbc platelet
../prepare_data_source/revised_clusters/multi/chan2_1123p_96a_11232020_4_DAPI+cells_71.png,../prepare_data_source/revised_clusters/multi/chan3_1123p_96a_11232020_4_DAPI+cells_71.png,../prepare_data_source/revised_clusters/multi/chan7_1123p_96a_11232020_4_DAPI+cells_71.png,../prepare_data_source/revised_clusters/multi/chan11_1123p_96a_11232020_4_DAPI+cells_71.png,wbc platelet
../prepare_data_source/revised_clusters/multi/chan2_1123p_96a_11232020_4_DAPI+cells_72.png,../prepare_data_source/revised_clusters/multi/chan3_1123p_96a_11232020_4_DAPI+cells_72.png,../prepare_data_source/revised_clusters/multi/chan7_1123p_96a_11232020_4_DAPI+cells_72.png,../prepare_data_source/revised_clusters/multi/chan11_1123p_96a_11232020_4_DAPI+cells_72.png,wbc platelet
../prepare_data_source/revised_clusters/multi/chan2_1123p_96a_11232020_4_DAPI+cells_73.png,../prepare_data_source/revised_clusters/multi/chan3_1123p_96a_11232020_4_DAPI+cells_73.png,../prepare_data_source/revised_clusters/multi/chan7_1123p_96a_11232020_4_DAPI+cells_73.png,../prepare_data_source/revised_clusters/multi/chan11_1123p_96a_11232020_4_DAPI+cells_73.png,wbc platelet
../prepare_data_source/revised_clusters/multi/chan2_1123p_96a_11232020_4_DAPI+cells_74.png,../prepare_data_source/revised_clusters/multi/chan3_1123p_96a_11232020_4_DAPI+cells_74.png,../prepare_data_source/revised_clusters/multi/chan7_1123p_96a_11232020_4_DAPI+cells_74.png,../prepare_data_source/revised_clusters/multi/chan11_1123p_96a_11232020_4_DAPI+cells_74.png,wbc platelet
../prepare_data_source/revised_clusters/multi/chan2_1123p_96a_11232020_4_DAPI+cells_75.png,../prepare_data_source/revised_clusters/multi/chan3_1123p_96a_11232020_4_DAPI+cells_75.png,../prepare_data_source/revised_clusters/multi/chan7_1123p_96a_11232020_4_DAPI+cells_75.png,../prepare_data_source/revised_clusters/multi/chan11_1123p_96a_11232020_4_DAPI+cells_75.png,wbc platelet
../prepare_data_source/revised_clusters/multi/chan2_1123p_96a_11232020_4_DAPI+cells_76.png,../prepare_data_source/revised_clusters/multi/chan3_1123p_96a_11232020_4_DAPI+cells_76.png,../prepare_data_source/revised_clusters/multi/chan7_1123p_96a_11232020_4_DAPI+cells_76.png,../prepare_data_source/revised_clusters/multi/chan11_1123p_96a_11232020_4_DAPI+cells_76.png,wbc platelet
../prepare_data_source/revised_clusters/multi/chan2_1123p_96a_11232020_4_DAPI+cells_77.png,../prepare_data_source/revised_clusters/multi/chan3_1123p_96a_11232020_4_DAPI+cells_77.png,../prepare_data_source/revised_clusters/multi/chan7_1123p_96a_11232020_4_DAPI+cells_77.png,../prepare_data_source/revised_clusters/multi/chan11_1123p_96a_11232020_4_DAPI+cells_77.png,wbc platelet
../prepare_data_source/revised_clusters/multi/chan2_1123p_96a_11232020_4_DAPI+cells_78.png,../prepare_data_source/revised_clusters/multi/chan3_1123p_96a_11232020_4_DAPI+cells_78.png,../prepare_data_source/revised_clusters/multi/chan7_1123p_96a_11232020_4_DAPI+cells_78.png,../prepare_data_source/revised_clusters/multi/chan11_1123p_96a_11232020_4_DAPI+cells_78.png,wbc platelet
../prepare_data_source/revised_clusters/multi/chan2_1123p_96a_11232020_4_DAPI+cells_79.png,../prepare_data_source/revised_clusters/multi/chan3_1123p_96a_11232020_4_DAPI+cells_79.png,../prepare_data_source/revised_clusters/multi/chan7_1123p_96a_11232020_4_DAPI+cells_79.png,../prepare_data_source/revised_clusters/multi/chan11_1123p_96a_11232020_4_DAPI+cells_79.png,wbc platelet
../prepare_data_source/revised_clusters/multi/chan2_1123p_96a_11232020_4_DAPI+cells_8.png,../prepare_data_source/revised_clusters/multi/chan3_1123p_96a_11232020_4_DAPI+cells_8.png,../prepare_data_source/revised_clusters/multi/chan7_1123p_96a_11232020_4_DAPI+cells_8.png,../prepare_data_source/revised_clusters/multi/chan11_1123p_96a_11232020_4_DAPI+cells_8.png,wbc platelet
../prepare_data_source/revised_clusters/multi/chan2_1123p_96a_11232020_4_DAPI+cells_80.png,../prepare_data_source/revised_clusters/multi/chan3_1123p_96a_11232020_4_DAPI+cells_80.png,../prepare_data_source/revised_clusters/multi/chan7_1123p_96a_11232020_4_DAPI+cells_80.png,../prepare_data_source/revised_clusters/multi/chan11_1123p_96a_11232020_4_DAPI+cells_80.png,wbc platelet
../prepare_data_source/revised_clusters/multi/chan2_1123p_96a_11232020_4_DAPI+cells_81.png,../prepare_data_source/revised_clusters/multi/chan3_1123p_96a_11232020_4_DAPI+cells_81.png,../prepare_data_source/revised_clusters/multi/chan7_1123p_96a_11232020_4_DAPI+cells_81.png,../prepare_data_source/revised_clusters/multi/chan11_1123p_96a_11232020_4_DAPI+cells_81.png,wbc platelet
../prepare_data_source/revised_clusters/multi/chan2_1123p_96a_11232020_4_DAPI+cells_82.png,../prepare_data_source/revised_clusters/multi/chan3_1123p_96a_11232020_4_DAPI+cells_82.png,../prepare_data_source/revised_clusters/multi/chan7_1123p_96a_11232020_4_DAPI+cells_82.png,../prepare_data_source/revised_clusters/multi/chan11_1123p_96a_11232020_4_DAPI+cells_82.png,wbc platelet
../prepare_data_source/revised_clusters/multi/chan2_1123p_96a_11232020_4_DAPI+cells_83.png,../prepare_data_source/revised_clusters/multi/chan3_1123p_96a_11232020_4_DAPI+cells_83.png,../prepare_data_source/revised_clusters/multi/chan7_1123p_96a_11232020_4_DAPI+cells_83.png,../prepare_data_source/revised_clusters/multi/chan11_1123p_96a_11232020_4_DAPI+cells_83.png,wbc platelet
../prepare_data_source/revised_clusters/multi/chan2_1123p_96a_11232020_4_DAPI+cells_84.png,../prepare_data_source/revised_clusters/multi/chan3_1123p_96a_11232020_4_DAPI+cells_84.png,../prepare_data_source/revised_clusters/multi/chan7_1123p_96a_11232020_4_DAPI+cells_84.png,../prepare_data_source/revised_clusters/multi/chan11_1123p_96a_11232020_4_DAPI+cells_84.png,wbc platelet
../prepare_data_source/revised_clusters/multi/chan2_1123p_96a_11232020_4_DAPI+cells_85.png,../prepare_data_source/revised_clusters/multi/chan3_1123p_96a_11232020_4_DAPI+cells_85.png,../prepare_data_source/revised_clusters/multi/chan7_1123p_96a_11232020_4_DAPI+cells_85.png,../prepare_data_source/revised_clusters/multi/chan11_1123p_96a_11232020_4_DAPI+cells_85.png,wbc platelet
../prepare_data_source/revised_clusters/multi/chan2_1123p_96a_11232020_4_DAPI+cells_86.png,../prepare_data_source/revised_clusters/multi/chan3_1123p_96a_11232020_4_DAPI+cells_86.png,../prepare_data_source/revised_clusters/multi/chan7_1123p_96a_11232020_4_DAPI+cells_86.png,../prepare_data_source/revised_clusters/multi/chan11_1123p_96a_11232020_4_DAPI+cells_86.png,wbc platelet
../prepare_data_source/revised_clusters/multi/chan2_1123p_96a_11232020_4_DAPI+cells_87.png,../prepare_data_source/revised_clusters/multi/chan3_1123p_96a_11232020_4_DAPI+cells_87.png,../prepare_data_source/revised_clusters/multi/chan7_1123p_96a_11232020_4_DAPI+cells_87.png,../prepare_data_source/revised_clusters/multi/chan11_1123p_96a_11232020_4_DAPI+cells_87.png,wbc platelet
../prepare_data_source/revised_clusters/multi/chan2_1123p_96a_11232020_4_DAPI+cells_88.png,../prepare_data_source/revised_clusters/multi/chan3_1123p_96a_11232020_4_DAPI+cells_88.png,../prepare_data_source/revised_clusters/multi/chan7_1123p_96a_11232020_4_DAPI+cells_88.png,../prepare_data_source/revised_clusters/multi/chan11_1123p_96a_11232020_4_DAPI+cells_88.png,wbc platelet
../prepare_data_source/revised_clusters/multi/chan2_1123p_96a_11232020_4_DAPI+cells_89.png,../prepare_data_source/revised_clusters/multi/chan3_1123p_96a_11232020_4_DAPI+cells_89.png,../prepare_data_source/revised_clusters/multi/chan7_1123p_96a_11232020_4_DAPI+cells_89.png,../prepare_data_source/revised_clusters/multi/chan11_1123p_96a_11232020_4_DAPI+cells_89.png,wbc platelet
../prepare_data_source/revised_clusters/multi/chan2_1123p_96a_11232020_4_DAPI+cells_9.png,../prepare_data_source/revised_clusters/multi/chan3_1123p_96a_11232020_4_DAPI+cells_9.png,../prepare_data_source/revised_clusters/multi/chan7_1123p_96a_11232020_4_DAPI+cells_9.png,../prepare_data_source/revised_clusters/multi/chan11_1123p_96a_11232020_4_DAPI+cells_9.png,wbc platelet
../prepare_data_source/revised_clusters/multi/chan2_1123p_96a_11232020_4_DAPI+cells_90.png,../prepare_data_source/revised_clusters/multi/chan3_1123p_96a_11232020_4_DAPI+cells_90.png,../prepare_data_source/revised_clusters/multi/chan7_1123p_96a_11232020_4_DAPI+cells_90.png,../prepare_data_source/revised_clusters/multi/chan11_1123p_96a_11232020_4_DAPI+cells_90.png,wbc platelet
../prepare_data_source/revised_clusters/multi/chan2_1123p_96a_11232020_4_DAPI+cells_91.png,../prepare_data_source/revised_clusters/multi/chan3_1123p_96a_11232020_4_DAPI+cells_91.png,../prepare_data_source/revised_clusters/multi/chan7_1123p_96a_11232020_4_DAPI+cells_91.png,../prepare_data_source/revised_clusters/multi/chan11_1123p_96a_11232020_4_DAPI+cells_91.png,wbc platelet
../prepare_data_source/revised_clusters/multi/chan2_1123p_96a_11232020_4_RBS_multiples_1.png,../prepare_data_source/revised_clusters/multi/chan3_1123p_96a_11232020_4_RBS_multiples_1.png,../prepare_data_source/revised_clusters/multi/chan7_1123p_96a_11232020_4_RBS_multiples_1.png,../prepare_data_source/revised_clusters/multi/chan11_1123p_96a_11232020_4_RBS_multiples_1.png,rbc
../prepare_data_source/revised_clusters/multi/chan2_1123p_96a_11232020_4_RBS_multiples_10.png,../prepare_data_source/revised_clusters/multi/chan3_1123p_96a_11232020_4_RBS_multiples_10.png,../prepare_data_source/revised_clusters/multi/chan7_1123p_96a_11232020_4_RBS_multiples_10.png,../prepare_data_source/revised_clusters/multi/chan11_1123p_96a_11232020_4_RBS_multiples_10.png,wbc platelet
../prepare_data_source/revised_clusters/multi/chan2_1123p_96a_11232020_4_RBS_multiples_100.png,../prepare_data_source/revised_clusters/multi/chan3_1123p_96a_11232020_4_RBS_multiples_100.png,../prepare_data_source/revised_clusters/multi/chan7_1123p_96a_11232020_4_RBS_multiples_100.png,../prepare_data_source/revised_clusters/multi/chan11_1123p_96a_11232020_4_RBS_multiples_100.png,platelet
../prepare_data_source/revised_clusters/multi/chan2_1123p_96a_11232020_4_RBS_multiples_101.png,../prepare_data_source/revised_clusters/multi/chan3_1123p_96a_11232020_4_RBS_multiples_101.png,../prepare_data_source/revised_clusters/multi/chan7_1123p_96a_11232020_4_RBS_multiples_101.png,../prepare_data_source/revised_clusters/multi/chan11_1123p_96a_11232020_4_RBS_multiples_101.png,platelet
../prepare_data_source/revised_clusters/multi/chan2_1123p_96a_11232020_4_RBS_multiples_102.png,../prepare_data_source/revised_clusters/multi/chan3_1123p_96a_11232020_4_RBS_multiples_102.png,../prepare_data_source/revised_clusters/multi/chan7_1123p_96a_11232020_4_RBS_multiples_102.png,../prepare_data_source/revised_clusters/multi/chan11_1123p_96a_11232020_4_RBS_multiples_102.png,platelet
../prepare_data_source/revised_clusters/multi/chan2_1123p_96a_11232020_4_RBS_multiples_103.png,../prepare_data_source/revised_clusters/multi/chan3_1123p_96a_11232020_4_RBS_multiples_103.png,../prepare_data_source/revised_clusters/multi/chan7_1123p_96a_11232020_4_RBS_multiples_103.png,../prepare_data_source/revised_clusters/multi/chan11_1123p_96a_11232020_4_RBS_multiples_103.png,wbc platelet
../prepare_data_source/revised_clusters/multi/chan2_1123p_96a_11232020_4_RBS_multiples_104.png,../prepare_data_source/revised_clusters/multi/chan3_1123p_96a_11232020_4_RBS_multiples_104.png,../prepare_data_source/revised_clusters/multi/chan7_1123p_96a_11232020_4_RBS_multiples_104.png,../prepare_data_source/revised_clusters/multi/chan11_1123p_96a_11232020_4_RBS_multiples_104.png,platelet
../prepare_data_source/revised_clusters/multi/chan2_1123p_96a_11232020_4_RBS_multiples_105.png,../prepare_data_source/revised_clusters/multi/chan3_1123p_96a_11232020_4_RBS_multiples_105.png,../prepare_data_source/revised_clusters/multi/chan7_1123p_96a_11232020_4_RBS_multiples_105.png,../prepare_data_source/revised_clusters/multi/chan11_1123p_96a_11232020_4_RBS_multiples_105.png,platelet
../prepare_data_source/revised_clusters/multi/chan2_1123p_96a_11232020_4_RBS_multiples_106.png,../prepare_data_source/revised_clusters/multi/chan3_1123p_96a_11232020_4_RBS_multiples_106.png,../prepare_data_source/revised_clusters/multi/chan7_1123p_96a_11232020_4_RBS_multiples_106.png,../prepare_data_source/revised_clusters/multi/chan11_1123p_96a_11232020_4_RBS_multiples_106.png,platelet
../prepare_data_source/revised_clusters/multi/chan2_1123p_96a_11232020_4_RBS_multiples_107.png,../prepare_data_source/revised_clusters/multi/chan3_1123p_96a_11232020_4_RBS_multiples_107.png,../prepare_data_source/revised_clusters/multi/chan7_1123p_96a_11232020_4_RBS_multiples_107.png,../prepare_data_source/revised_clusters/multi/chan11_1123p_96a_11232020_4_RBS_multiples_107.png,platelet
../prepare_data_source/revised_clusters/multi/chan2_1123p_96a_11232020_4_RBS_multiples_108.png,../prepare_data_source/revised_clusters/multi/chan3_1123p_96a_11232020_4_RBS_multiples_108.png,../prepare_data_source/revised_clusters/multi/chan7_1123p_96a_11232020_4_RBS_multiples_108.png,../prepare_data_source/revised_clusters/multi/chan11_1123p_96a_11232020_4_RBS_multiples_108.png,platelet
../prepare_data_source/revised_clusters/multi/chan2_1123p_96a_11232020_4_RBS_multiples_109.png,../prepare_data_source/revised_clusters/multi/chan3_1123p_96a_11232020_4_RBS_multiples_109.png,../prepare_data_source/revised_clusters/multi/chan7_1123p_96a_11232020_4_RBS_multiples_109.png,../prepare_data_source/revised_clusters/multi/chan11_1123p_96a_11232020_4_RBS_multiples_109.png,rbc
../prepare_data_source/revised_clusters/multi/chan2_1123p_96a_11232020_4_RBS_multiples_11.png,../prepare_data_source/revised_clusters/multi/chan3_1123p_96a_11232020_4_RBS_multiples_11.png,../prepare_data_source/revised_clusters/multi/chan7_1123p_96a_11232020_4_RBS_multiples_11.png,../prepare_data_source/revised_clusters/multi/chan11_1123p_96a_11232020_4_RBS_multiples_11.png,platelet
../prepare_data_source/revised_clusters/multi/chan2_1123p_96a_11232020_4_RBS_multiples_110.png,../prepare_data_source/revised_clusters/multi/chan3_1123p_96a_11232020_4_RBS_multiples_110.png,../prepare_data_source/revised_clusters/multi/chan7_1123p_96a_11232020_4_RBS_multiples_110.png,../prepare_data_source/revised_clusters/multi/chan11_1123p_96a_11232020_4_RBS_multiples_110.png,platelet
../prepare_data_source/revised_clusters/multi/chan2_1123p_96a_11232020_4_RBS_multiples_111.png,../prepare_data_source/revised_clusters/multi/chan3_1123p_96a_11232020_4_RBS_multiples_111.png,../prepare_data_source/revised_clusters/multi/chan7_1123p_96a_11232020_4_RBS_multiples_111.png,../prepare_data_source/revised_clusters/multi/chan11_1123p_96a_11232020_4_RBS_multiples_111.png,wbc platelet
../prepare_data_source/revised_clusters/multi/chan2_1123p_96a_11232020_4_RBS_multiples_112.png,../prepare_data_source/revised_clusters/multi/chan3_1123p_96a_11232020_4_RBS_multiples_112.png,../prepare_data_source/revised_clusters/multi/chan7_1123p_96a_11232020_4_RBS_multiples_112.png,../prepare_data_source/revised_clusters/multi/chan11_1123p_96a_11232020_4_RBS_multiples_112.png,platelet
../prepare_data_source/revised_clusters/multi/chan2_1123p_96a_11232020_4_RBS_multiples_113.png,../prepare_data_source/revised_clusters/multi/chan3_1123p_96a_11232020_4_RBS_multiples_113.png,../prepare_data_source/revised_clusters/multi/chan7_1123p_96a_11232020_4_RBS_multiples_113.png,../prepare_data_source/revised_clusters/multi/chan11_1123p_96a_11232020_4_RBS_multiples_113.png,platelet
../prepare_data_source/revised_clusters/multi/chan2_1123p_96a_11232020_4_RBS_multiples_114.png,../prepare_data_source/revised_clusters/multi/chan3_1123p_96a_11232020_4_RBS_multiples_114.png,../prepare_data_source/revised_clusters/multi/chan7_1123p_96a_11232020_4_RBS_multiples_114.png,../prepare_data_source/revised_clusters/multi/chan11_1123p_96a_11232020_4_RBS_multiples_114.png,rbc
../prepare_data_source/revised_clusters/multi/chan2_1123p_96a_11232020_4_RBS_multiples_115.png,../prepare_data_source/revised_clusters/multi/chan3_1123p_96a_11232020_4_RBS_multiples_115.png,../prepare_data_source/revised_clusters/multi/chan7_1123p_96a_11232020_4_RBS_multiples_115.png,../prepare_data_source/revised_clusters/multi/chan11_1123p_96a_11232020_4_RBS_multiples_115.png,platelet
../prepare_data_source/revised_clusters/multi/chan2_1123p_96a_11232020_4_RBS_multiples_116.png,../prepare_data_source/revised_clusters/multi/chan3_1123p_96a_11232020_4_RBS_multiples_116.png,../prepare_data_source/revised_clusters/multi/chan7_1123p_96a_11232020_4_RBS_multiples_116.png,../prepare_data_source/revised_clusters/multi/chan11_1123p_96a_11232020_4_RBS_multiples_116.png,rbc
../prepare_data_source/revised_clusters/multi/chan2_1123p_96a_11232020_4_RBS_multiples_117.png,../prepare_data_source/revised_clusters/multi/chan3_1123p_96a_11232020_4_RBS_multiples_117.png,../prepare_data_source/revised_clusters/multi/chan7_1123p_96a_11232020_4_RBS_multiples_117.png,../prepare_data_source/revised_clusters/multi/chan11_1123p_96a_11232020_4_RBS_multiples_117.png,rbc
../prepare_data_source/revised_clusters/multi/chan2_1123p_96a_11232020_4_RBS_multiples_12.png,../prepare_data_source/revised_clusters/multi/chan3_1123p_96a_11232020_4_RBS_multiples_12.png,../prepare_data_source/revised_clusters/multi/chan7_1123p_96a_11232020_4_RBS_multiples_12.png,../prepare_data_source/revised_clusters/multi/chan11_1123p_96a_11232020_4_RBS_multiples_12.png,platelet
../prepare_data_source/revised_clusters/multi/chan2_1123p_96a_11232020_4_RBS_multiples_13.png,../prepare_data_source/revised_clusters/multi/chan3_1123p_96a_11232020_4_RBS_multiples_13.png,../prepare_data_source/revised_clusters/multi/chan7_1123p_96a_11232020_4_RBS_multiples_13.png,../prepare_data_source/revised_clusters/multi/chan11_1123p_96a_11232020_4_RBS_multiples_13.png,platelet
../prepare_data_source/revised_clusters/multi/chan2_1123p_96a_11232020_4_RBS_multiples_14.png,../prepare_data_source/revised_clusters/multi/chan3_1123p_96a_11232020_4_RBS_multiples_14.png,../prepare_data_source/revised_clusters/multi/chan7_1123p_96a_11232020_4_RBS_multiples_14.png,../prepare_data_source/revised_clusters/multi/chan11_1123p_96a_11232020_4_RBS_multiples_14.png,platelet
../prepare_data_source/revised_clusters/multi/chan2_1123p_96a_11232020_4_RBS_multiples_15.png,../prepare_data_source/revised_clusters/multi/chan3_1123p_96a_11232020_4_RBS_multiples_15.png,../prepare_data_source/revised_clusters/multi/chan7_1123p_96a_11232020_4_RBS_multiples_15.png,../prepare_data_source/revised_clusters/multi/chan11_1123p_96a_11232020_4_RBS_multiples_15.png,rbc
../prepare_data_source/revised_clusters/multi/chan2_1123p_96a_11232020_4_RBS_multiples_16.png,../prepare_data_source/revised_clusters/multi/chan3_1123p_96a_11232020_4_RBS_multiples_16.png,../prepare_data_source/revised_clusters/multi/chan7_1123p_96a_11232020_4_RBS_multiples_16.png,../prepare_data_source/revised_clusters/multi/chan11_1123p_96a_11232020_4_RBS_multiples_16.png,rbc
../prepare_data_source/revised_clusters/multi/chan2_1123p_96a_11232020_4_RBS_multiples_17.png,../prepare_data_source/revised_clusters/multi/chan3_1123p_96a_11232020_4_RBS_multiples_17.png,../prepare_data_source/revised_clusters/multi/chan7_1123p_96a_11232020_4_RBS_multiples_17.png,../prepare_data_source/revised_clusters/multi/chan11_1123p_96a_11232020_4_RBS_multiples_17.png,platelet
../prepare_data_source/revised_clusters/multi/chan2_1123p_96a_11232020_4_RBS_multiples_18.png,../prepare_data_source/revised_clusters/multi/chan3_1123p_96a_11232020_4_RBS_multiples_18.png,../prepare_data_source/revised_clusters/multi/chan7_1123p_96a_11232020_4_RBS_multiples_18.png,../prepare_data_source/revised_clusters/multi/chan11_1123p_96a_11232020_4_RBS_multiples_18.png,platelet
../prepare_data_source/revised_clusters/multi/chan2_1123p_96a_11232020_4_RBS_multiples_19.png,../prepare_data_source/revised_clusters/multi/chan3_1123p_96a_11232020_4_RBS_multiples_19.png,../prepare_data_source/revised_clusters/multi/chan7_1123p_96a_11232020_4_RBS_multiples_19.png,../prepare_data_source/revised_clusters/multi/chan11_1123p_96a_11232020_4_RBS_multiples_19.png,wbc platelet
../prepare_data_source/revised_clusters/multi/chan2_1123p_96a_11232020_4_RBS_multiples_2.png,../prepare_data_source/revised_clusters/multi/chan3_1123p_96a_11232020_4_RBS_multiples_2.png,../prepare_data_source/revised_clusters/multi/chan7_1123p_96a_11232020_4_RBS_multiples_2.png,../prepare_data_source/revised_clusters/multi/chan11_1123p_96a_11232020_4_RBS_multiples_2.png,platelet
../prepare_data_source/revised_clusters/multi/chan2_1123p_96a_11232020_4_RBS_multiples_20.png,../prepare_data_source/revised_clusters/multi/chan3_1123p_96a_11232020_4_RBS_multiples_20.png,../prepare_data_source/revised_clusters/multi/chan7_1123p_96a_11232020_4_RBS_multiples_20.png,../prepare_data_source/revised_clusters/multi/chan11_1123p_96a_11232020_4_RBS_multiples_20.png,rbc
../prepare_data_source/revised_clusters/multi/chan2_1123p_96a_11232020_4_RBS_multiples_21.png,../prepare_data_source/revised_clusters/multi/chan3_1123p_96a_11232020_4_RBS_multiples_21.png,../prepare_data_source/revised_clusters/multi/chan7_1123p_96a_11232020_4_RBS_multiples_21.png,../prepare_data_source/revised_clusters/multi/chan11_1123p_96a_11232020_4_RBS_multiples_21.png,rbc
../prepare_data_source/revised_clusters/multi/chan2_1123p_96a_11232020_4_RBS_multiples_22.png,../prepare_data_source/revised_clusters/multi/chan3_1123p_96a_11232020_4_RBS_multiples_22.png,../prepare_data_source/revised_clusters/multi/chan7_1123p_96a_11232020_4_RBS_multiples_22.png,../prepare_data_source/revised_clusters/multi/chan11_1123p_96a_11232020_4_RBS_multiples_22.png,platelet
../prepare_data_source/revised_clusters/multi/chan2_1123p_96a_11232020_4_RBS_multiples_23.png,../prepare_data_source/revised_clusters/multi/chan3_1123p_96a_11232020_4_RBS_multiples_23.png,../prepare_data_source/revised_clusters/multi/chan7_1123p_96a_11232020_4_RBS_multiples_23.png,../prepare_data_source/revised_clusters/multi/chan11_1123p_96a_11232020_4_RBS_multiples_23.png,rbc
../prepare_data_source/revised_clusters/multi/chan2_1123p_96a_11232020_4_RBS_multiples_24.png,../prepare_data_source/revised_clusters/multi/chan3_1123p_96a_11232020_4_RBS_multiples_24.png,../prepare_data_source/revised_clusters/multi/chan7_1123p_96a_11232020_4_RBS_multiples_24.png,../prepare_data_source/revised_clusters/multi/chan11_1123p_96a_11232020_4_RBS_multiples_24.png,rbc
../prepare_data_source/revised_clusters/multi/chan2_1123p_96a_11232020_4_RBS_multiples_25.png,../prepare_data_source/revised_clusters/multi/chan3_1123p_96a_11232020_4_RBS_multiples_25.png,../prepare_data_source/revised_clusters/multi/chan7_1123p_96a_11232020_4_RBS_multiples_25.png,../prepare_data_source/revised_clusters/multi/chan11_1123p_96a_11232020_4_RBS_multiples_25.png,platelet
../prepare_data_source/revised_clusters/multi/chan2_1123p_96a_11232020_4_RBS_multiples_26.png,../prepare_data_source/revised_clusters/multi/chan3_1123p_96a_11232020_4_RBS_multiples_26.png,../prepare_data_source/revised_clusters/multi/chan7_1123p_96a_11232020_4_RBS_multiples_26.png,../prepare_data_source/revised_clusters/multi/chan11_1123p_96a_11232020_4_RBS_multiples_26.png,platelet
../prepare_data_source/revised_clusters/multi/chan2_1123p_96a_11232020_4_RBS_multiples_27.png,../prepare_data_source/revised_clusters/multi/chan3_1123p_96a_11232020_4_RBS_multiples_27.png,../prepare_data_source/revised_clusters/multi/chan7_1123p_96a_11232020_4_RBS_multiples_27.png,../prepare_data_source/revised_clusters/multi/chan11_1123p_96a_11232020_4_RBS_multiples_27.png,rbc
../prepare_data_source/revised_clusters/multi/chan2_1123p_96a_11232020_4_RBS_multiples_28.png,../prepare_data_source/revised_clusters/multi/chan3_1123p_96a_11232020_4_RBS_multiples_28.png,../prepare_data_source/revised_clusters/multi/chan7_1123p_96a_11232020_4_RBS_multiples_28.png,../prepare_data_source/revised_clusters/multi/chan11_1123p_96a_11232020_4_RBS_multiples_28.png,rbc
../prepare_data_source/revised_clusters/multi/chan2_1123p_96a_11232020_4_RBS_multiples_29.png,../prepare_data_source/revised_clusters/multi/chan3_1123p_96a_11232020_4_RBS_multiples_29.png,../prepare_data_source/revised_clusters/multi/chan7_1123p_96a_11232020_4_RBS_multiples_29.png,../prepare_data_source/revised_clusters/multi/chan11_1123p_96a_11232020_4_RBS_multiples_29.png,platelet
../prepare_data_source/revised_clusters/multi/chan2_1123p_96a_11232020_4_RBS_multiples_3.png,../prepare_data_source/revised_clusters/multi/chan3_1123p_96a_11232020_4_RBS_multiples_3.png,../prepare_data_source/revised_clusters/multi/chan7_1123p_96a_11232020_4_RBS_multiples_3.png,../prepare_data_source/revised_clusters/multi/chan11_1123p_96a_11232020_4_RBS_multiples_3.png,platelet
../prepare_data_source/revised_clusters/multi/chan2_1123p_96a_11232020_4_RBS_multiples_30.png,../prepare_data_source/revised_clusters/multi/chan3_1123p_96a_11232020_4_RBS_multiples_30.png,../prepare_data_source/revised_clusters/multi/chan7_1123p_96a_11232020_4_RBS_multiples_30.png,../prepare_data_source/revised_clusters/multi/chan11_1123p_96a_11232020_4_RBS_multiples_30.png,rbc
../prepare_data_source/revised_clusters/multi/chan2_1123p_96a_11232020_4_RBS_multiples_31.png,../prepare_data_source/revised_clusters/multi/chan3_1123p_96a_11232020_4_RBS_multiples_31.png,../prepare_data_source/revised_clusters/multi/chan7_1123p_96a_11232020_4_RBS_multiples_31.png,../prepare_data_source/revised_clusters/multi/chan11_1123p_96a_11232020_4_RBS_multiples_31.png,platelet
../prepare_data_source/revised_clusters/multi/chan2_1123p_96a_11232020_4_RBS_multiples_32.png,../prepare_data_source/revised_clusters/multi/chan3_1123p_96a_11232020_4_RBS_multiples_32.png,../prepare_data_source/revised_clusters/multi/chan7_1123p_96a_11232020_4_RBS_multiples_32.png,../prepare_data_source/revised_clusters/multi/chan11_1123p_96a_11232020_4_RBS_multiples_32.png,platelet
../prepare_data_source/revised_clusters/multi/chan2_1123p_96a_11232020_4_RBS_multiples_33.png,../prepare_data_source/revised_clusters/multi/chan3_1123p_96a_11232020_4_RBS_multiples_33.png,../prepare_data_source/revised_clusters/multi/chan7_1123p_96a_11232020_4_RBS_multiples_33.png,../prepare_data_source/revised_clusters/multi/chan11_1123p_96a_11232020_4_RBS_multiples_33.png,platelet
../prepare_data_source/revised_clusters/multi/chan2_1123p_96a_11232020_4_RBS_multiples_34.png,../prepare_data_source/revised_clusters/multi/chan3_1123p_96a_11232020_4_RBS_multiples_34.png,../prepare_data_source/revised_clusters/multi/chan7_1123p_96a_11232020_4_RBS_multiples_34.png,../prepare_data_source/revised_clusters/multi/chan11_1123p_96a_11232020_4_RBS_multiples_34.png,platelet
../prepare_data_source/revised_clusters/multi/chan2_1123p_96a_11232020_4_RBS_multiples_35.png,../prepare_data_source/revised_clusters/multi/chan3_1123p_96a_11232020_4_RBS_multiples_35.png,../prepare_data_source/revised_clusters/multi/chan7_1123p_96a_11232020_4_RBS_multiples_35.png,../prepare_data_source/revised_clusters/multi/chan11_1123p_96a_11232020_4_RBS_multiples_35.png,platelet
../prepare_data_source/revised_clusters/multi/chan2_1123p_96a_11232020_4_RBS_multiples_36.png,../prepare_data_source/revised_clusters/multi/chan3_1123p_96a_11232020_4_RBS_multiples_36.png,../prepare_data_source/revised_clusters/multi/chan7_1123p_96a_11232020_4_RBS_multiples_36.png,../prepare_data_source/revised_clusters/multi/chan11_1123p_96a_11232020_4_RBS_multiples_36.png,platelet
../prepare_data_source/revised_clusters/multi/chan2_1123p_96a_11232020_4_RBS_multiples_37.png,../prepare_data_source/revised_clusters/multi/chan3_1123p_96a_11232020_4_RBS_multiples_37.png,../prepare_data_source/revised_clusters/multi/chan7_1123p_96a_11232020_4_RBS_multiples_37.png,../prepare_data_source/revised_clusters/multi/chan11_1123p_96a_11232020_4_RBS_multiples_37.png,platelet
../prepare_data_source/revised_clusters/multi/chan2_1123p_96a_11232020_4_RBS_multiples_38.png,../prepare_data_source/revised_clusters/multi/chan3_1123p_96a_11232020_4_RBS_multiples_38.png,../prepare_data_source/revised_clusters/multi/chan7_1123p_96a_11232020_4_RBS_multiples_38.png,../prepare_data_source/revised_clusters/multi/chan11_1123p_96a_11232020_4_RBS_multiples_38.png,rbc
../prepare_data_source/revised_clusters/multi/chan2_1123p_96a_11232020_4_RBS_multiples_39.png,../prepare_data_source/revised_clusters/multi/chan3_1123p_96a_11232020_4_RBS_multiples_39.png,../prepare_data_source/revised_clusters/multi/chan7_1123p_96a_11232020_4_RBS_multiples_39.png,../prepare_data_source/revised_clusters/multi/chan11_1123p_96a_11232020_4_RBS_multiples_39.png,platelet
../prepare_data_source/revised_clusters/multi/chan2_1123p_96a_11232020_4_RBS_multiples_4.png,../prepare_data_source/revised_clusters/multi/chan3_1123p_96a_11232020_4_RBS_multiples_4.png,../prepare_data_source/revised_clusters/multi/chan7_1123p_96a_11232020_4_RBS_multiples_4.png,../prepare_data_source/revised_clusters/multi/chan11_1123p_96a_11232020_4_RBS_multiples_4.png,rbc
../prepare_data_source/revised_clusters/multi/chan2_1123p_96a_11232020_4_RBS_multiples_40.png,../prepare_data_source/revised_clusters/multi/chan3_1123p_96a_11232020_4_RBS_multiples_40.png,../prepare_data_source/revised_clusters/multi/chan7_1123p_96a_11232020_4_RBS_multiples_40.png,../prepare_data_source/revised_clusters/multi/chan11_1123p_96a_11232020_4_RBS_multiples_40.png,rbc
../prepare_data_source/revised_clusters/multi/chan2_1123p_96a_11232020_4_RBS_multiples_41.png,../prepare_data_source/revised_clusters/multi/chan3_1123p_96a_11232020_4_RBS_multiples_41.png,../prepare_data_source/revised_clusters/multi/chan7_1123p_96a_11232020_4_RBS_multiples_41.png,../prepare_data_source/revised_clusters/multi/chan11_1123p_96a_11232020_4_RBS_multiples_41.png,platelet
../prepare_data_source/revised_clusters/multi/chan2_1123p_96a_11232020_4_RBS_multiples_42.png,../prepare_data_source/revised_clusters/multi/chan3_1123p_96a_11232020_4_RBS_multiples_42.png,../prepare_data_source/revised_clusters/multi/chan7_1123p_96a_11232020_4_RBS_multiples_42.png,../prepare_data_source/revised_clusters/multi/chan11_1123p_96a_11232020_4_RBS_multiples_42.png,wbc platelet
../prepare_data_source/revised_clusters/multi/chan2_1123p_96a_11232020_4_RBS_multiples_43.png,../prepare_data_source/revised_clusters/multi/chan3_1123p_96a_11232020_4_RBS_multiples_43.png,../prepare_data_source/revised_clusters/multi/chan7_1123p_96a_11232020_4_RBS_multiples_43.png,../prepare_data_source/revised_clusters/multi/chan11_1123p_96a_11232020_4_RBS_multiples_43.png,platelet
../prepare_data_source/revised_clusters/multi/chan2_1123p_96a_11232020_4_RBS_multiples_44.png,../prepare_data_source/revised_clusters/multi/chan3_1123p_96a_11232020_4_RBS_multiples_44.png,../prepare_data_source/revised_clusters/multi/chan7_1123p_96a_11232020_4_RBS_multiples_44.png,../prepare_data_source/revised_clusters/multi/chan11_1123p_96a_11232020_4_RBS_multiples_44.png,rbc
../prepare_data_source/revised_clusters/multi/chan2_1123p_96a_11232020_4_RBS_multiples_45.png,../prepare_data_source/revised_clusters/multi/chan3_1123p_96a_11232020_4_RBS_multiples_45.png,../prepare_data_source/revised_clusters/multi/chan7_1123p_96a_11232020_4_RBS_multiples_45.png,../prepare_data_source/revised_clusters/multi/chan11_1123p_96a_11232020_4_RBS_multiples_45.png,rbc
../prepare_data_source/revised_clusters/multi/chan2_1123p_96a_11232020_4_RBS_multiples_46.png,../prepare_data_source/revised_clusters/multi/chan3_1123p_96a_11232020_4_RBS_multiples_46.png,../prepare_data_source/revised_clusters/multi/chan7_1123p_96a_11232020_4_RBS_multiples_46.png,../prepare_data_source/revised_clusters/multi/chan11_1123p_96a_11232020_4_RBS_multiples_46.png,platelet
../prepare_data_source/revised_clusters/multi/chan2_1123p_96a_11232020_4_RBS_multiples_47.png,../prepare_data_source/revised_clusters/multi/chan3_1123p_96a_11232020_4_RBS_multiples_47.png,../prepare_data_source/revised_clusters/multi/chan7_1123p_96a_11232020_4_RBS_multiples_47.png,../prepare_data_source/revised_clusters/multi/chan11_1123p_96a_11232020_4_RBS_multiples_47.png,platelet
../prepare_data_source/revised_clusters/multi/chan2_1123p_96a_11232020_4_RBS_multiples_48.png,../prepare_data_source/revised_clusters/multi/chan3_1123p_96a_11232020_4_RBS_multiples_48.png,../prepare_data_source/revised_clusters/multi/chan7_1123p_96a_11232020_4_RBS_multiples_48.png,../prepare_data_source/revised_clusters/multi/chan11_1123p_96a_11232020_4_RBS_multiples_48.png,platelet
../prepare_data_source/revised_clusters/multi/chan2_1123p_96a_11232020_4_RBS_multiples_49.png,../prepare_data_source/revised_clusters/multi/chan3_1123p_96a_11232020_4_RBS_multiples_49.png,../prepare_data_source/revised_clusters/multi/chan7_1123p_96a_11232020_4_RBS_multiples_49.png,../prepare_data_source/revised_clusters/multi/chan11_1123p_96a_11232020_4_RBS_multiples_49.png,platelet
../prepare_data_source/revised_clusters/multi/chan2_1123p_96a_11232020_4_RBS_multiples_5.png,../prepare_data_source/revised_clusters/multi/chan3_1123p_96a_11232020_4_RBS_multiples_5.png,../prepare_data_source/revised_clusters/multi/chan7_1123p_96a_11232020_4_RBS_multiples_5.png,../prepare_data_source/revised_clusters/multi/chan11_1123p_96a_11232020_4_RBS_multiples_5.png,rbc
../prepare_data_source/revised_clusters/multi/chan2_1123p_96a_11232020_4_RBS_multiples_50.png,../prepare_data_source/revised_clusters/multi/chan3_1123p_96a_11232020_4_RBS_multiples_50.png,../prepare_data_source/revised_clusters/multi/chan7_1123p_96a_11232020_4_RBS_multiples_50.png,../prepare_data_source/revised_clusters/multi/chan11_1123p_96a_11232020_4_RBS_multiples_50.png,platelet
../prepare_data_source/revised_clusters/multi/chan2_1123p_96a_11232020_4_RBS_multiples_51.png,../prepare_data_source/revised_clusters/multi/chan3_1123p_96a_11232020_4_RBS_multiples_51.png,../prepare_data_source/revised_clusters/multi/chan7_1123p_96a_11232020_4_RBS_multiples_51.png,../prepare_data_source/revised_clusters/multi/chan11_1123p_96a_11232020_4_RBS_multiples_51.png,platelet
../prepare_data_source/revised_clusters/multi/chan2_1123p_96a_11232020_4_RBS_multiples_52.png,../prepare_data_source/revised_clusters/multi/chan3_1123p_96a_11232020_4_RBS_multiples_52.png,../prepare_data_source/revised_clusters/multi/chan7_1123p_96a_11232020_4_RBS_multiples_52.png,../prepare_data_source/revised_clusters/multi/chan11_1123p_96a_11232020_4_RBS_multiples_52.png,rbc
../prepare_data_source/revised_clusters/multi/chan2_1123p_96a_11232020_4_RBS_multiples_53.png,../prepare_data_source/revised_clusters/multi/chan3_1123p_96a_11232020_4_RBS_multiples_53.png,../prepare_data_source/revised_clusters/multi/chan7_1123p_96a_11232020_4_RBS_multiples_53.png,../prepare_data_source/revised_clusters/multi/chan11_1123p_96a_11232020_4_RBS_multiples_53.png,wbc platelet
../prepare_data_source/revised_clusters/multi/chan2_1123p_96a_11232020_4_RBS_multiples_54.png,../prepare_data_source/revised_clusters/multi/chan3_1123p_96a_11232020_4_RBS_multiples_54.png,../prepare_data_source/revised_clusters/multi/chan7_1123p_96a_11232020_4_RBS_multiples_54.png,../prepare_data_source/revised_clusters/multi/chan11_1123p_96a_11232020_4_RBS_multiples_54.png,platelet
../prepare_data_source/revised_clusters/multi/chan2_1123p_96a_11232020_4_RBS_multiples_55.png,../prepare_data_source/revised_clusters/multi/chan3_1123p_96a_11232020_4_RBS_multiples_55.png,../prepare_data_source/revised_clusters/multi/chan7_1123p_96a_11232020_4_RBS_multiples_55.png,../prepare_data_source/revised_clusters/multi/chan11_1123p_96a_11232020_4_RBS_multiples_55.png,rbc
../prepare_data_source/revised_clusters/multi/chan2_1123p_96a_11232020_4_RBS_multiples_56.png,../prepare_data_source/revised_clusters/multi/chan3_1123p_96a_11232020_4_RBS_multiples_56.png,../prepare_data_source/revised_clusters/multi/chan7_1123p_96a_11232020_4_RBS_multiples_56.png,../prepare_data_source/revised_clusters/multi/chan11_1123p_96a_11232020_4_RBS_multiples_56.png,platelet
../prepare_data_source/revised_clusters/multi/chan2_1123p_96a_11232020_4_RBS_multiples_57.png,../prepare_data_source/revised_clusters/multi/chan3_1123p_96a_11232020_4_RBS_multiples_57.png,../prepare_data_source/revised_clusters/multi/chan7_1123p_96a_11232020_4_RBS_multiples_57.png,../prepare_data_source/revised_clusters/multi/chan11_1123p_96a_11232020_4_RBS_multiples_57.png,platelet
../prepare_data_source/revised_clusters/multi/chan2_1123p_96a_11232020_4_RBS_multiples_58.png,../prepare_data_source/revised_clusters/multi/chan3_1123p_96a_11232020_4_RBS_multiples_58.png,../prepare_data_source/revised_clusters/multi/chan7_1123p_96a_11232020_4_RBS_multiples_58.png,../prepare_data_source/revised_clusters/multi/chan11_1123p_96a_11232020_4_RBS_multiples_58.png,wbc platelet
../prepare_data_source/revised_clusters/multi/chan2_1123p_96a_11232020_4_RBS_multiples_59.png,../prepare_data_source/revised_clusters/multi/chan3_1123p_96a_11232020_4_RBS_multiples_59.png,../prepare_data_source/revised_clusters/multi/chan7_1123p_96a_11232020_4_RBS_multiples_59.png,../prepare_data_source/revised_clusters/multi/chan11_1123p_96a_11232020_4_RBS_multiples_59.png,platelet
../prepare_data_source/revised_clusters/multi/chan2_1123p_96a_11232020_4_RBS_multiples_6.png,../prepare_data_source/revised_clusters/multi/chan3_1123p_96a_11232020_4_RBS_multiples_6.png,../prepare_data_source/revised_clusters/multi/chan7_1123p_96a_11232020_4_RBS_multiples_6.png,../prepare_data_source/revised_clusters/multi/chan11_1123p_96a_11232020_4_RBS_multiples_6.png,wbc
../prepare_data_source/revised_clusters/multi/chan2_1123p_96a_11232020_4_RBS_multiples_60.png,../prepare_data_source/revised_clusters/multi/chan3_1123p_96a_11232020_4_RBS_multiples_60.png,../prepare_data_source/revised_clusters/multi/chan7_1123p_96a_11232020_4_RBS_multiples_60.png,../prepare_data_source/revised_clusters/multi/chan11_1123p_96a_11232020_4_RBS_multiples_60.png,platelet
../prepare_data_source/revised_clusters/multi/chan2_1123p_96a_11232020_4_RBS_multiples_61.png,../prepare_data_source/revised_clusters/multi/chan3_1123p_96a_11232020_4_RBS_multiples_61.png,../prepare_data_source/revised_clusters/multi/chan7_1123p_96a_11232020_4_RBS_multiples_61.png,../prepare_data_source/revised_clusters/multi/chan11_1123p_96a_11232020_4_RBS_multiples_61.png,platelet
../prepare_data_source/revised_clusters/multi/chan2_1123p_96a_11232020_4_RBS_multiples_62.png,../prepare_data_source/revised_clusters/multi/chan3_1123p_96a_11232020_4_RBS_multiples_62.png,../prepare_data_source/revised_clusters/multi/chan7_1123p_96a_11232020_4_RBS_multiples_62.png,../prepare_data_source/revised_clusters/multi/chan11_1123p_96a_11232020_4_RBS_multiples_62.png,wbc
../prepare_data_source/revised_clusters/multi/chan2_1123p_96a_11232020_4_RBS_multiples_63.png,../prepare_data_source/revised_clusters/multi/chan3_1123p_96a_11232020_4_RBS_multiples_63.png,../prepare_data_source/revised_clusters/multi/chan7_1123p_96a_11232020_4_RBS_multiples_63.png,../prepare_data_source/revised_clusters/multi/chan11_1123p_96a_11232020_4_RBS_multiples_63.png,rbc
../prepare_data_source/revised_clusters/multi/chan2_1123p_96a_11232020_4_RBS_multiples_64.png,../prepare_data_source/revised_clusters/multi/chan3_1123p_96a_11232020_4_RBS_multiples_64.png,../prepare_data_source/revised_clusters/multi/chan7_1123p_96a_11232020_4_RBS_multiples_64.png,../prepare_data_source/revised_clusters/multi/chan11_1123p_96a_11232020_4_RBS_multiples_64.png,platelet
../prepare_data_source/revised_clusters/multi/chan2_1123p_96a_11232020_4_RBS_multiples_65.png,../prepare_data_source/revised_clusters/multi/chan3_1123p_96a_11232020_4_RBS_multiples_65.png,../prepare_data_source/revised_clusters/multi/chan7_1123p_96a_11232020_4_RBS_multiples_65.png,../prepare_data_source/revised_clusters/multi/chan11_1123p_96a_11232020_4_RBS_multiples_65.png,wbc platelet
../prepare_data_source/revised_clusters/multi/chan2_1123p_96a_11232020_4_RBS_multiples_66.png,../prepare_data_source/revised_clusters/multi/chan3_1123p_96a_11232020_4_RBS_multiples_66.png,../prepare_data_source/revised_clusters/multi/chan7_1123p_96a_11232020_4_RBS_multiples_66.png,../prepare_data_source/revised_clusters/multi/chan11_1123p_96a_11232020_4_RBS_multiples_66.png,platelet
../prepare_data_source/revised_clusters/multi/chan2_1123p_96a_11232020_4_RBS_multiples_67.png,../prepare_data_source/revised_clusters/multi/chan3_1123p_96a_11232020_4_RBS_multiples_67.png,../prepare_data_source/revised_clusters/multi/chan7_1123p_96a_11232020_4_RBS_multiples_67.png,../prepare_data_source/revised_clusters/multi/chan11_1123p_96a_11232020_4_RBS_multiples_67.png,rbc
../prepare_data_source/revised_clusters/multi/chan2_1123p_96a_11232020_4_RBS_multiples_68.png,../prepare_data_source/revised_clusters/multi/chan3_1123p_96a_11232020_4_RBS_multiples_68.png,../prepare_data_source/revised_clusters/multi/chan7_1123p_96a_11232020_4_RBS_multiples_68.png,../prepare_data_source/revised_clusters/multi/chan11_1123p_96a_11232020_4_RBS_multiples_68.png,platelet
../prepare_data_source/revised_clusters/multi/chan2_1123p_96a_11232020_4_RBS_multiples_69.png,../prepare_data_source/revised_clusters/multi/chan3_1123p_96a_11232020_4_RBS_multiples_69.png,../prepare_data_source/revised_clusters/multi/chan7_1123p_96a_11232020_4_RBS_multiples_69.png,../prepare_data_source/revised_clusters/multi/chan11_1123p_96a_11232020_4_RBS_multiples_69.png,rbc
../prepare_data_source/revised_clusters/multi/chan2_1123p_96a_11232020_4_RBS_multiples_7.png,../prepare_data_source/revised_clusters/multi/chan3_1123p_96a_11232020_4_RBS_multiples_7.png,../prepare_data_source/revised_clusters/multi/chan7_1123p_96a_11232020_4_RBS_multiples_7.png,../prepare_data_source/revised_clusters/multi/chan11_1123p_96a_11232020_4_RBS_multiples_7.png,platelet
../prepare_data_source/revised_clusters/multi/chan2_1123p_96a_11232020_4_RBS_multiples_70.png,../prepare_data_source/revised_clusters/multi/chan3_1123p_96a_11232020_4_RBS_multiples_70.png,../prepare_data_source/revised_clusters/multi/chan7_1123p_96a_11232020_4_RBS_multiples_70.png,../prepare_data_source/revised_clusters/multi/chan11_1123p_96a_11232020_4_RBS_multiples_70.png,wbc platelet
../prepare_data_source/revised_clusters/multi/chan2_1123p_96a_11232020_4_RBS_multiples_71.png,../prepare_data_source/revised_clusters/multi/chan3_1123p_96a_11232020_4_RBS_multiples_71.png,../prepare_data_source/revised_clusters/multi/chan7_1123p_96a_11232020_4_RBS_multiples_71.png,../prepare_data_source/revised_clusters/multi/chan11_1123p_96a_11232020_4_RBS_multiples_71.png,platelet
../prepare_data_source/revised_clusters/multi/chan2_1123p_96a_11232020_4_RBS_multiples_72.png,../prepare_data_source/revised_clusters/multi/chan3_1123p_96a_11232020_4_RBS_multiples_72.png,../prepare_data_source/revised_clusters/multi/chan7_1123p_96a_11232020_4_RBS_multiples_72.png,../prepare_data_source/revised_clusters/multi/chan11_1123p_96a_11232020_4_RBS_multiples_72.png,platelet
../prepare_data_source/revised_clusters/multi/chan2_1123p_96a_11232020_4_RBS_multiples_73.png,../prepare_data_source/revised_clusters/multi/chan3_1123p_96a_11232020_4_RBS_multiples_73.png,../prepare_data_source/revised_clusters/multi/chan7_1123p_96a_11232020_4_RBS_multiples_73.png,../prepare_data_source/revised_clusters/multi/chan11_1123p_96a_11232020_4_RBS_multiples_73.png,rbc
../prepare_data_source/revised_clusters/multi/chan2_1123p_96a_11232020_4_RBS_multiples_74.png,../prepare_data_source/revised_clusters/multi/chan3_1123p_96a_11232020_4_RBS_multiples_74.png,../prepare_data_source/revised_clusters/multi/chan7_1123p_96a_11232020_4_RBS_multiples_74.png,../prepare_data_source/revised_clusters/multi/chan11_1123p_96a_11232020_4_RBS_multiples_74.png,platelet
../prepare_data_source/revised_clusters/multi/chan2_1123p_96a_11232020_4_RBS_multiples_75.png,../prepare_data_source/revised_clusters/multi/chan3_1123p_96a_11232020_4_RBS_multiples_75.png,../prepare_data_source/revised_clusters/multi/chan7_1123p_96a_11232020_4_RBS_multiples_75.png,../prepare_data_source/revised_clusters/multi/chan11_1123p_96a_11232020_4_RBS_multiples_75.png,wbc platelet
../prepare_data_source/revised_clusters/multi/chan2_1123p_96a_11232020_4_RBS_multiples_76.png,../prepare_data_source/revised_clusters/multi/chan3_1123p_96a_11232020_4_RBS_multiples_76.png,../prepare_data_source/revised_clusters/multi/chan7_1123p_96a_11232020_4_RBS_multiples_76.png,../prepare_data_source/revised_clusters/multi/chan11_1123p_96a_11232020_4_RBS_multiples_76.png,rbc
../prepare_data_source/revised_clusters/multi/chan2_1123p_96a_11232020_4_RBS_multiples_77.png,../prepare_data_source/revised_clusters/multi/chan3_1123p_96a_11232020_4_RBS_multiples_77.png,../prepare_data_source/revised_clusters/multi/chan7_1123p_96a_11232020_4_RBS_multiples_77.png,../prepare_data_source/revised_clusters/multi/chan11_1123p_96a_11232020_4_RBS_multiples_77.png,platelet
../prepare_data_source/revised_clusters/multi/chan2_1123p_96a_11232020_4_RBS_multiples_78.png,../prepare_data_source/revised_clusters/multi/chan3_1123p_96a_11232020_4_RBS_multiples_78.png,../prepare_data_source/revised_clusters/multi/chan7_1123p_96a_11232020_4_RBS_multiples_78.png,../prepare_data_source/revised_clusters/multi/chan11_1123p_96a_11232020_4_RBS_multiples_78.png,rbc
../prepare_data_source/revised_clusters/multi/chan2_1123p_96a_11232020_4_RBS_multiples_79.png,../prepare_data_source/revised_clusters/multi/chan3_1123p_96a_11232020_4_RBS_multiples_79.png,../prepare_data_source/revised_clusters/multi/chan7_1123p_96a_11232020_4_RBS_multiples_79.png,../prepare_data_source/revised_clusters/multi/chan11_1123p_96a_11232020_4_RBS_multiples_79.png,rbc
../prepare_data_source/revised_clusters/multi/chan2_1123p_96a_11232020_4_RBS_multiples_8.png,../prepare_data_source/revised_clusters/multi/chan3_1123p_96a_11232020_4_RBS_multiples_8.png,../prepare_data_source/revised_clusters/multi/chan7_1123p_96a_11232020_4_RBS_multiples_8.png,../prepare_data_source/revised_clusters/multi/chan11_1123p_96a_11232020_4_RBS_multiples_8.png,rbc
../prepare_data_source/revised_clusters/multi/chan2_1123p_96a_11232020_4_RBS_multiples_80.png,../prepare_data_source/revised_clusters/multi/chan3_1123p_96a_11232020_4_RBS_multiples_80.png,../prepare_data_source/revised_clusters/multi/chan7_1123p_96a_11232020_4_RBS_multiples_80.png,../prepare_data_source/revised_clusters/multi/chan11_1123p_96a_11232020_4_RBS_multiples_80.png,platelet
../prepare_data_source/revised_clusters/multi/chan2_1123p_96a_11232020_4_RBS_multiples_81.png,../prepare_data_source/revised_clusters/multi/chan3_1123p_96a_11232020_4_RBS_multiples_81.png,../prepare_data_source/revised_clusters/multi/chan7_1123p_96a_11232020_4_RBS_multiples_81.png,../prepare_data_source/revised_clusters/multi/chan11_1123p_96a_11232020_4_RBS_multiples_81.png,rbc
../prepare_data_source/revised_clusters/multi/chan2_1123p_96a_11232020_4_RBS_multiples_82.png,../prepare_data_source/revised_clusters/multi/chan3_1123p_96a_11232020_4_RBS_multiples_82.png,../prepare_data_source/revised_clusters/multi/chan7_1123p_96a_11232020_4_RBS_multiples_82.png,../prepare_data_source/revised_clusters/multi/chan11_1123p_96a_11232020_4_RBS_multiples_82.png,rbc
../prepare_data_source/revised_clusters/multi/chan2_1123p_96a_11232020_4_RBS_multiples_83.png,../prepare_data_source/revised_clusters/multi/chan3_1123p_96a_11232020_4_RBS_multiples_83.png,../prepare_data_source/revised_clusters/multi/chan7_1123p_96a_11232020_4_RBS_multiples_83.png,../prepare_data_source/revised_clusters/multi/chan11_1123p_96a_11232020_4_RBS_multiples_83.png,wbc platelet
../prepare_data_source/revised_clusters/multi/chan2_1123p_96a_11232020_4_RBS_multiples_84.png,../prepare_data_source/revised_clusters/multi/chan3_1123p_96a_11232020_4_RBS_multiples_84.png,../prepare_data_source/revised_clusters/multi/chan7_1123p_96a_11232020_4_RBS_multiples_84.png,../prepare_data_source/revised_clusters/multi/chan11_1123p_96a_11232020_4_RBS_multiples_84.png,platelet
../prepare_data_source/revised_clusters/multi/chan2_1123p_96a_11232020_4_RBS_multiples_85.png,../prepare_data_source/revised_clusters/multi/chan3_1123p_96a_11232020_4_RBS_multiples_85.png,../prepare_data_source/revised_clusters/multi/chan7_1123p_96a_11232020_4_RBS_multiples_85.png,../prepare_data_source/revised_clusters/multi/chan11_1123p_96a_11232020_4_RBS_multiples_85.png,rbc
../prepare_data_source/revised_clusters/multi/chan2_1123p_96a_11232020_4_RBS_multiples_86.png,../prepare_data_source/revised_clusters/multi/chan3_1123p_96a_11232020_4_RBS_multiples_86.png,../prepare_data_source/revised_clusters/multi/chan7_1123p_96a_11232020_4_RBS_multiples_86.png,../prepare_data_source/revised_clusters/multi/chan11_1123p_96a_11232020_4_RBS_multiples_86.png,platelet
../prepare_data_source/revised_clusters/multi/chan2_1123p_96a_11232020_4_RBS_multiples_87.png,../prepare_data_source/revised_clusters/multi/chan3_1123p_96a_11232020_4_RBS_multiples_87.png,../prepare_data_source/revised_clusters/multi/chan7_1123p_96a_11232020_4_RBS_multiples_87.png,../prepare_data_source/revised_clusters/multi/chan11_1123p_96a_11232020_4_RBS_multiples_87.png,platelet
../prepare_data_source/revised_clusters/multi/chan2_1123p_96a_11232020_4_RBS_multiples_88.png,../prepare_data_source/revised_clusters/multi/chan3_1123p_96a_11232020_4_RBS_multiples_88.png,../prepare_data_source/revised_clusters/multi/chan7_1123p_96a_11232020_4_RBS_multiples_88.png,../prepare_data_source/revised_clusters/multi/chan11_1123p_96a_11232020_4_RBS_multiples_88.png,platelet
../prepare_data_source/revised_clusters/multi/chan2_1123p_96a_11232020_4_RBS_multiples_89.png,../prepare_data_source/revised_clusters/multi/chan3_1123p_96a_11232020_4_RBS_multiples_89.png,../prepare_data_source/revised_clusters/multi/chan7_1123p_96a_11232020_4_RBS_multiples_89.png,../prepare_data_source/revised_clusters/multi/chan11_1123p_96a_11232020_4_RBS_multiples_89.png,wbc platelet
../prepare_data_source/revised_clusters/multi/chan2_1123p_96a_11232020_4_RBS_multiples_9.png,../prepare_data_source/revised_clusters/multi/chan3_1123p_96a_11232020_4_RBS_multiples_9.png,../prepare_data_source/revised_clusters/multi/chan7_1123p_96a_11232020_4_RBS_multiples_9.png,../prepare_data_source/revised_clusters/multi/chan11_1123p_96a_11232020_4_RBS_multiples_9.png,rbc
../prepare_data_source/revised_clusters/multi/chan2_1123p_96a_11232020_4_RBS_multiples_90.png,../prepare_data_source/revised_clusters/multi/chan3_1123p_96a_11232020_4_RBS_multiples_90.png,../prepare_data_source/revised_clusters/multi/chan7_1123p_96a_11232020_4_RBS_multiples_90.png,../prepare_data_source/revised_clusters/multi/chan11_1123p_96a_11232020_4_RBS_multiples_90.png,rbc
../prepare_data_source/revised_clusters/multi/chan2_1123p_96a_11232020_4_RBS_multiples_91.png,../prepare_data_source/revised_clusters/multi/chan3_1123p_96a_11232020_4_RBS_multiples_91.png,../prepare_data_source/revised_clusters/multi/chan7_1123p_96a_11232020_4_RBS_multiples_91.png,../prepare_data_source/revised_clusters/multi/chan11_1123p_96a_11232020_4_RBS_multiples_91.png,wbc platelet
../prepare_data_source/revised_clusters/multi/chan2_1123p_96a_11232020_4_RBS_multiples_92.png,../prepare_data_source/revised_clusters/multi/chan3_1123p_96a_11232020_4_RBS_multiples_92.png,../prepare_data_source/revised_clusters/multi/chan7_1123p_96a_11232020_4_RBS_multiples_92.png,../prepare_data_source/revised_clusters/multi/chan11_1123p_96a_11232020_4_RBS_multiples_92.png,platelet
../prepare_data_source/revised_clusters/multi/chan2_1123p_96a_11232020_4_RBS_multiples_93.png,../prepare_data_source/revised_clusters/multi/chan3_1123p_96a_11232020_4_RBS_multiples_93.png,../prepare_data_source/revised_clusters/multi/chan7_1123p_96a_11232020_4_RBS_multiples_93.png,../prepare_data_source/revised_clusters/multi/chan11_1123p_96a_11232020_4_RBS_multiples_93.png,rbc
../prepare_data_source/revised_clusters/multi/chan2_1123p_96a_11232020_4_RBS_multiples_94.png,../prepare_data_source/revised_clusters/multi/chan3_1123p_96a_11232020_4_RBS_multiples_94.png,../prepare_data_source/revised_clusters/multi/chan7_1123p_96a_11232020_4_RBS_multiples_94.png,../prepare_data_source/revised_clusters/multi/chan11_1123p_96a_11232020_4_RBS_multiples_94.png,platelet
../prepare_data_source/revised_clusters/multi/chan2_1123p_96a_11232020_4_RBS_multiples_95.png,../prepare_data_source/revised_clusters/multi/chan3_1123p_96a_11232020_4_RBS_multiples_95.png,../prepare_data_source/revised_clusters/multi/chan7_1123p_96a_11232020_4_RBS_multiples_95.png,../prepare_data_source/revised_clusters/multi/chan11_1123p_96a_11232020_4_RBS_multiples_95.png,wbc platelet
../prepare_data_source/revised_clusters/multi/chan2_1123p_96a_11232020_4_RBS_multiples_96.png,../prepare_data_source/revised_clusters/multi/chan3_1123p_96a_11232020_4_RBS_multiples_96.png,../prepare_data_source/revised_clusters/multi/chan7_1123p_96a_11232020_4_RBS_multiples_96.png,../prepare_data_source/revised_clusters/multi/chan11_1123p_96a_11232020_4_RBS_multiples_96.png,platelet
../prepare_data_source/revised_clusters/multi/chan2_1123p_96a_11232020_4_RBS_multiples_97.png,../prepare_data_source/revised_clusters/multi/chan3_1123p_96a_11232020_4_RBS_multiples_97.png,../prepare_data_source/revised_clusters/multi/chan7_1123p_96a_11232020_4_RBS_multiples_97.png,../prepare_data_source/revised_clusters/multi/chan11_1123p_96a_11232020_4_RBS_multiples_97.png,rbc
../prepare_data_source/revised_clusters/multi/chan2_1123p_96a_11232020_4_RBS_multiples_98.png,../prepare_data_source/revised_clusters/multi/chan3_1123p_96a_11232020_4_RBS_multiples_98.png,../prepare_data_source/revised_clusters/multi/chan7_1123p_96a_11232020_4_RBS_multiples_98.png,../prepare_data_source/revised_clusters/multi/chan11_1123p_96a_11232020_4_RBS_multiples_98.png,platelet
../prepare_data_source/revised_clusters/multi/chan2_1123p_96a_11232020_4_RBS_multiples_99.png,../prepare_data_source/revised_clusters/multi/chan3_1123p_96a_11232020_4_RBS_multiples_99.png,../prepare_data_source/revised_clusters/multi/chan7_1123p_96a_11232020_4_RBS_multiples_99.png,../prepare_data_source/revised_clusters/multi/chan11_1123p_96a_11232020_4_RBS_multiples_99.png,platelet
../prepare_data_source/revised_clusters/multi/chan2_1204p_12042020_100B_11_RBC_multiple_CD61+_1.png,../prepare_data_source/revised_clusters/multi/chan3_1204p_12042020_100B_11_RBC_multiple_CD61+_1.png,../prepare_data_source/revised_clusters/multi/chan7_1204p_12042020_100B_11_RBC_multiple_CD61+_1.png,../prepare_data_source/revised_clusters/multi/chan11_1204p_12042020_100B_11_RBC_multiple_CD61+_1.png,wbc platelet
../prepare_data_source/revised_clusters/multi/chan2_1204p_12042020_100B_11_RBC_multiple_CD61+_10.png,../prepare_data_source/revised_clusters/multi/chan3_1204p_12042020_100B_11_RBC_multiple_CD61+_10.png,../prepare_data_source/revised_clusters/multi/chan7_1204p_12042020_100B_11_RBC_multiple_CD61+_10.png,../prepare_data_source/revised_clusters/multi/chan11_1204p_12042020_100B_11_RBC_multiple_CD61+_10.png,wbc platelet
../prepare_data_source/revised_clusters/multi/chan2_1204p_12042020_100B_11_RBC_multiple_CD61+_100.png,../prepare_data_source/revised_clusters/multi/chan3_1204p_12042020_100B_11_RBC_multiple_CD61+_100.png,../prepare_data_source/revised_clusters/multi/chan7_1204p_12042020_100B_11_RBC_multiple_CD61+_100.png,../prepare_data_source/revised_clusters/multi/chan11_1204p_12042020_100B_11_RBC_multiple_CD61+_100.png,wbc platelet
../prepare_data_source/revised_clusters/multi/chan2_1204p_12042020_100B_11_RBC_multiple_CD61+_101.png,../prepare_data_source/revised_clusters/multi/chan3_1204p_12042020_100B_11_RBC_multiple_CD61+_101.png,../prepare_data_source/revised_clusters/multi/chan7_1204p_12042020_100B_11_RBC_multiple_CD61+_101.png,../prepare_data_source/revised_clusters/multi/chan11_1204p_12042020_100B_11_RBC_multiple_CD61+_101.png,wbc platelet
../prepare_data_source/revised_clusters/multi/chan2_1204p_12042020_100B_11_RBC_multiple_CD61+_102.png,../prepare_data_source/revised_clusters/multi/chan3_1204p_12042020_100B_11_RBC_multiple_CD61+_102.png,../prepare_data_source/revised_clusters/multi/chan7_1204p_12042020_100B_11_RBC_multiple_CD61+_102.png,../prepare_data_source/revised_clusters/multi/chan11_1204p_12042020_100B_11_RBC_multiple_CD61+_102.png,wbc platelet
../prepare_data_source/revised_clusters/multi/chan2_1204p_12042020_100B_11_RBC_multiple_CD61+_103.png,../prepare_data_source/revised_clusters/multi/chan3_1204p_12042020_100B_11_RBC_multiple_CD61+_103.png,../prepare_data_source/revised_clusters/multi/chan7_1204p_12042020_100B_11_RBC_multiple_CD61+_103.png,../prepare_data_source/revised_clusters/multi/chan11_1204p_12042020_100B_11_RBC_multiple_CD61+_103.png,wbc platelet
../prepare_data_source/revised_clusters/multi/chan2_1204p_12042020_100B_11_RBC_multiple_CD61+_104.png,../prepare_data_source/revised_clusters/multi/chan3_1204p_12042020_100B_11_RBC_multiple_CD61+_104.png,../prepare_data_source/revised_clusters/multi/chan7_1204p_12042020_100B_11_RBC_multiple_CD61+_104.png,../prepare_data_source/revised_clusters/multi/chan11_1204p_12042020_100B_11_RBC_multiple_CD61+_104.png,wbc platelet
../prepare_data_source/revised_clusters/multi/chan2_1204p_12042020_100B_11_RBC_multiple_CD61+_11.png,../prepare_data_source/revised_clusters/multi/chan3_1204p_12042020_100B_11_RBC_multiple_CD61+_11.png,../prepare_data_source/revised_clusters/multi/chan7_1204p_12042020_100B_11_RBC_multiple_CD61+_11.png,../prepare_data_source/revised_clusters/multi/chan11_1204p_12042020_100B_11_RBC_multiple_CD61+_11.png,wbc platelet
../prepare_data_source/revised_clusters/multi/chan2_1204p_12042020_100B_11_RBC_multiple_CD61+_12.png,../prepare_data_source/revised_clusters/multi/chan3_1204p_12042020_100B_11_RBC_multiple_CD61+_12.png,../prepare_data_source/revised_clusters/multi/chan7_1204p_12042020_100B_11_RBC_multiple_CD61+_12.png,../prepare_data_source/revised_clusters/multi/chan11_1204p_12042020_100B_11_RBC_multiple_CD61+_12.png,wbc platelet
../prepare_data_source/revised_clusters/multi/chan2_1204p_12042020_100B_11_RBC_multiple_CD61+_13.png,../prepare_data_source/revised_clusters/multi/chan3_1204p_12042020_100B_11_RBC_multiple_CD61+_13.png,../prepare_data_source/revised_clusters/multi/chan7_1204p_12042020_100B_11_RBC_multiple_CD61+_13.png,../prepare_data_source/revised_clusters/multi/chan11_1204p_12042020_100B_11_RBC_multiple_CD61+_13.png,wbc platelet
../prepare_data_source/revised_clusters/multi/chan2_1204p_12042020_100B_11_RBC_multiple_CD61+_14.png,../prepare_data_source/revised_clusters/multi/chan3_1204p_12042020_100B_11_RBC_multiple_CD61+_14.png,../prepare_data_source/revised_clusters/multi/chan7_1204p_12042020_100B_11_RBC_multiple_CD61+_14.png,../prepare_data_source/revised_clusters/multi/chan11_1204p_12042020_100B_11_RBC_multiple_CD61+_14.png,wbc platelet
../prepare_data_source/revised_clusters/multi/chan2_1204p_12042020_100B_11_RBC_multiple_CD61+_15.png,../prepare_data_source/revised_clusters/multi/chan3_1204p_12042020_100B_11_RBC_multiple_CD61+_15.png,../prepare_data_source/revised_clusters/multi/chan7_1204p_12042020_100B_11_RBC_multiple_CD61+_15.png,../prepare_data_source/revised_clusters/multi/chan11_1204p_12042020_100B_11_RBC_multiple_CD61+_15.png,wbc
../prepare_data_source/revised_clusters/multi/chan2_1204p_12042020_100B_11_RBC_multiple_CD61+_16.png,../prepare_data_source/revised_clusters/multi/chan3_1204p_12042020_100B_11_RBC_multiple_CD61+_16.png,../prepare_data_source/revised_clusters/multi/chan7_1204p_12042020_100B_11_RBC_multiple_CD61+_16.png,../prepare_data_source/revised_clusters/multi/chan11_1204p_12042020_100B_11_RBC_multiple_CD61+_16.png,wbc
../prepare_data_source/revised_clusters/multi/chan2_1204p_12042020_100B_11_RBC_multiple_CD61+_17.png,../prepare_data_source/revised_clusters/multi/chan3_1204p_12042020_100B_11_RBC_multiple_CD61+_17.png,../prepare_data_source/revised_clusters/multi/chan7_1204p_12042020_100B_11_RBC_multiple_CD61+_17.png,../prepare_data_source/revised_clusters/multi/chan11_1204p_12042020_100B_11_RBC_multiple_CD61+_17.png,wbc platelet
../prepare_data_source/revised_clusters/multi/chan2_1204p_12042020_100B_11_RBC_multiple_CD61+_18.png,../prepare_data_source/revised_clusters/multi/chan3_1204p_12042020_100B_11_RBC_multiple_CD61+_18.png,../prepare_data_source/revised_clusters/multi/chan7_1204p_12042020_100B_11_RBC_multiple_CD61+_18.png,../prepare_data_source/revised_clusters/multi/chan11_1204p_12042020_100B_11_RBC_multiple_CD61+_18.png,wbc
../prepare_data_source/revised_clusters/multi/chan2_1204p_12042020_100B_11_RBC_multiple_CD61+_19.png,../prepare_data_source/revised_clusters/multi/chan3_1204p_12042020_100B_11_RBC_multiple_CD61+_19.png,../prepare_data_source/revised_clusters/multi/chan7_1204p_12042020_100B_11_RBC_multiple_CD61+_19.png,../prepare_data_source/revised_clusters/multi/chan11_1204p_12042020_100B_11_RBC_multiple_CD61+_19.png,wbc platelet
../prepare_data_source/revised_clusters/multi/chan2_1204p_12042020_100B_11_RBC_multiple_CD61+_2.png,../prepare_data_source/revised_clusters/multi/chan3_1204p_12042020_100B_11_RBC_multiple_CD61+_2.png,../prepare_data_source/revised_clusters/multi/chan7_1204p_12042020_100B_11_RBC_multiple_CD61+_2.png,../prepare_data_source/revised_clusters/multi/chan11_1204p_12042020_100B_11_RBC_multiple_CD61+_2.png,rbc
../prepare_data_source/revised_clusters/multi/chan2_1204p_12042020_100B_11_RBC_multiple_CD61+_20.png,../prepare_data_source/revised_clusters/multi/chan3_1204p_12042020_100B_11_RBC_multiple_CD61+_20.png,../prepare_data_source/revised_clusters/multi/chan7_1204p_12042020_100B_11_RBC_multiple_CD61+_20.png,../prepare_data_source/revised_clusters/multi/chan11_1204p_12042020_100B_11_RBC_multiple_CD61+_20.png,wbc
../prepare_data_source/revised_clusters/multi/chan2_1204p_12042020_100B_11_RBC_multiple_CD61+_21.png,../prepare_data_source/revised_clusters/multi/chan3_1204p_12042020_100B_11_RBC_multiple_CD61+_21.png,../prepare_data_source/revised_clusters/multi/chan7_1204p_12042020_100B_11_RBC_multiple_CD61+_21.png,../prepare_data_source/revised_clusters/multi/chan11_1204p_12042020_100B_11_RBC_multiple_CD61+_21.png,wbc platelet
../prepare_data_source/revised_clusters/multi/chan2_1204p_12042020_100B_11_RBC_multiple_CD61+_22.png,../prepare_data_source/revised_clusters/multi/chan3_1204p_12042020_100B_11_RBC_multiple_CD61+_22.png,../prepare_data_source/revised_clusters/multi/chan7_1204p_12042020_100B_11_RBC_multiple_CD61+_22.png,../prepare_data_source/revised_clusters/multi/chan11_1204p_12042020_100B_11_RBC_multiple_CD61+_22.png,wbc platelet
../prepare_data_source/revised_clusters/multi/chan2_1204p_12042020_100B_11_RBC_multiple_CD61+_23.png,../prepare_data_source/revised_clusters/multi/chan3_1204p_12042020_100B_11_RBC_multiple_CD61+_23.png,../prepare_data_source/revised_clusters/multi/chan7_1204p_12042020_100B_11_RBC_multiple_CD61+_23.png,../prepare_data_source/revised_clusters/multi/chan11_1204p_12042020_100B_11_RBC_multiple_CD61+_23.png,wbc platelet
../prepare_data_source/revised_clusters/multi/chan2_1204p_12042020_100B_11_RBC_multiple_CD61+_24.png,../prepare_data_source/revised_clusters/multi/chan3_1204p_12042020_100B_11_RBC_multiple_CD61+_24.png,../prepare_data_source/revised_clusters/multi/chan7_1204p_12042020_100B_11_RBC_multiple_CD61+_24.png,../prepare_data_source/revised_clusters/multi/chan11_1204p_12042020_100B_11_RBC_multiple_CD61+_24.png,wbc platelet
../prepare_data_source/revised_clusters/multi/chan2_1204p_12042020_100B_11_RBC_multiple_CD61+_25.png,../prepare_data_source/revised_clusters/multi/chan3_1204p_12042020_100B_11_RBC_multiple_CD61+_25.png,../prepare_data_source/revised_clusters/multi/chan7_1204p_12042020_100B_11_RBC_multiple_CD61+_25.png,../prepare_data_source/revised_clusters/multi/chan11_1204p_12042020_100B_11_RBC_multiple_CD61+_25.png,wbc platelet
../prepare_data_source/revised_clusters/multi/chan2_1204p_12042020_100B_11_RBC_multiple_CD61+_26.png,../prepare_data_source/revised_clusters/multi/chan3_1204p_12042020_100B_11_RBC_multiple_CD61+_26.png,../prepare_data_source/revised_clusters/multi/chan7_1204p_12042020_100B_11_RBC_multiple_CD61+_26.png,../prepare_data_source/revised_clusters/multi/chan11_1204p_12042020_100B_11_RBC_multiple_CD61+_26.png,wbc platelet
../prepare_data_source/revised_clusters/multi/chan2_1204p_12042020_100B_11_RBC_multiple_CD61+_27.png,../prepare_data_source/revised_clusters/multi/chan3_1204p_12042020_100B_11_RBC_multiple_CD61+_27.png,../prepare_data_source/revised_clusters/multi/chan7_1204p_12042020_100B_11_RBC_multiple_CD61+_27.png,../prepare_data_source/revised_clusters/multi/chan11_1204p_12042020_100B_11_RBC_multiple_CD61+_27.png,wbc
../prepare_data_source/revised_clusters/multi/chan2_1204p_12042020_100B_11_RBC_multiple_CD61+_28.png,../prepare_data_source/revised_clusters/multi/chan3_1204p_12042020_100B_11_RBC_multiple_CD61+_28.png,../prepare_data_source/revised_clusters/multi/chan7_1204p_12042020_100B_11_RBC_multiple_CD61+_28.png,../prepare_data_source/revised_clusters/multi/chan11_1204p_12042020_100B_11_RBC_multiple_CD61+_28.png,wbc platelet
../prepare_data_source/revised_clusters/multi/chan2_1204p_12042020_100B_11_RBC_multiple_CD61+_29.png,../prepare_data_source/revised_clusters/multi/chan3_1204p_12042020_100B_11_RBC_multiple_CD61+_29.png,../prepare_data_source/revised_clusters/multi/chan7_1204p_12042020_100B_11_RBC_multiple_CD61+_29.png,../prepare_data_source/revised_clusters/multi/chan11_1204p_12042020_100B_11_RBC_multiple_CD61+_29.png,wbc platelet
../prepare_data_source/revised_clusters/multi/chan2_1204p_12042020_100B_11_RBC_multiple_CD61+_3.png,../prepare_data_source/revised_clusters/multi/chan3_1204p_12042020_100B_11_RBC_multiple_CD61+_3.png,../prepare_data_source/revised_clusters/multi/chan7_1204p_12042020_100B_11_RBC_multiple_CD61+_3.png,../prepare_data_source/revised_clusters/multi/chan11_1204p_12042020_100B_11_RBC_multiple_CD61+_3.png,wbc
../prepare_data_source/revised_clusters/multi/chan2_1204p_12042020_100B_11_RBC_multiple_CD61+_30.png,../prepare_data_source/revised_clusters/multi/chan3_1204p_12042020_100B_11_RBC_multiple_CD61+_30.png,../prepare_data_source/revised_clusters/multi/chan7_1204p_12042020_100B_11_RBC_multiple_CD61+_30.png,../prepare_data_source/revised_clusters/multi/chan11_1204p_12042020_100B_11_RBC_multiple_CD61+_30.png,wbc platelet
../prepare_data_source/revised_clusters/multi/chan2_1204p_12042020_100B_11_RBC_multiple_CD61+_31.png,../prepare_data_source/revised_clusters/multi/chan3_1204p_12042020_100B_11_RBC_multiple_CD61+_31.png,../prepare_data_source/revised_clusters/multi/chan7_1204p_12042020_100B_11_RBC_multiple_CD61+_31.png,../prepare_data_source/revised_clusters/multi/chan11_1204p_12042020_100B_11_RBC_multiple_CD61+_31.png,wbc platelet
../prepare_data_source/revised_clusters/multi/chan2_1204p_12042020_100B_11_RBC_multiple_CD61+_32.png,../prepare_data_source/revised_clusters/multi/chan3_1204p_12042020_100B_11_RBC_multiple_CD61+_32.png,../prepare_data_source/revised_clusters/multi/chan7_1204p_12042020_100B_11_RBC_multiple_CD61+_32.png,../prepare_data_source/revised_clusters/multi/chan11_1204p_12042020_100B_11_RBC_multiple_CD61+_32.png,wbc platelet
../prepare_data_source/revised_clusters/multi/chan2_1204p_12042020_100B_11_RBC_multiple_CD61+_33.png,../prepare_data_source/revised_clusters/multi/chan3_1204p_12042020_100B_11_RBC_multiple_CD61+_33.png,../prepare_data_source/revised_clusters/multi/chan7_1204p_12042020_100B_11_RBC_multiple_CD61+_33.png,../prepare_data_source/revised_clusters/multi/chan11_1204p_12042020_100B_11_RBC_multiple_CD61+_33.png,wbc platelet
../prepare_data_source/revised_clusters/multi/chan2_1204p_12042020_100B_11_RBC_multiple_CD61+_34.png,../prepare_data_source/revised_clusters/multi/chan3_1204p_12042020_100B_11_RBC_multiple_CD61+_34.png,../prepare_data_source/revised_clusters/multi/chan7_1204p_12042020_100B_11_RBC_multiple_CD61+_34.png,../prepare_data_source/revised_clusters/multi/chan11_1204p_12042020_100B_11_RBC_multiple_CD61+_34.png,wbc platelet
../prepare_data_source/revised_clusters/multi/chan2_1204p_12042020_100B_11_RBC_multiple_CD61+_35.png,../prepare_data_source/revised_clusters/multi/chan3_1204p_12042020_100B_11_RBC_multiple_CD61+_35.png,../prepare_data_source/revised_clusters/multi/chan7_1204p_12042020_100B_11_RBC_multiple_CD61+_35.png,../prepare_data_source/revised_clusters/multi/chan11_1204p_12042020_100B_11_RBC_multiple_CD61+_35.png,wbc
../prepare_data_source/revised_clusters/multi/chan2_1204p_12042020_100B_11_RBC_multiple_CD61+_36.png,../prepare_data_source/revised_clusters/multi/chan3_1204p_12042020_100B_11_RBC_multiple_CD61+_36.png,../prepare_data_source/revised_clusters/multi/chan7_1204p_12042020_100B_11_RBC_multiple_CD61+_36.png,../prepare_data_source/revised_clusters/multi/chan11_1204p_12042020_100B_11_RBC_multiple_CD61+_36.png,wbc platelet
../prepare_data_source/revised_clusters/multi/chan2_1204p_12042020_100B_11_RBC_multiple_CD61+_37.png,../prepare_data_source/revised_clusters/multi/chan3_1204p_12042020_100B_11_RBC_multiple_CD61+_37.png,../prepare_data_source/revised_clusters/multi/chan7_1204p_12042020_100B_11_RBC_multiple_CD61+_37.png,../prepare_data_source/revised_clusters/multi/chan11_1204p_12042020_100B_11_RBC_multiple_CD61+_37.png,wbc platelet
../prepare_data_source/revised_clusters/multi/chan2_1204p_12042020_100B_11_RBC_multiple_CD61+_38.png,../prepare_data_source/revised_clusters/multi/chan3_1204p_12042020_100B_11_RBC_multiple_CD61+_38.png,../prepare_data_source/revised_clusters/multi/chan7_1204p_12042020_100B_11_RBC_multiple_CD61+_38.png,../prepare_data_source/revised_clusters/multi/chan11_1204p_12042020_100B_11_RBC_multiple_CD61+_38.png,wbc platelet
../prepare_data_source/revised_clusters/multi/chan2_1204p_12042020_100B_11_RBC_multiple_CD61+_39.png,../prepare_data_source/revised_clusters/multi/chan3_1204p_12042020_100B_11_RBC_multiple_CD61+_39.png,../prepare_data_source/revised_clusters/multi/chan7_1204p_12042020_100B_11_RBC_multiple_CD61+_39.png,../prepare_data_source/revised_clusters/multi/chan11_1204p_12042020_100B_11_RBC_multiple_CD61+_39.png,wbc platelet
../prepare_data_source/revised_clusters/multi/chan2_1204p_12042020_100B_11_RBC_multiple_CD61+_4.png,../prepare_data_source/revised_clusters/multi/chan3_1204p_12042020_100B_11_RBC_multiple_CD61+_4.png,../prepare_data_source/revised_clusters/multi/chan7_1204p_12042020_100B_11_RBC_multiple_CD61+_4.png,../prepare_data_source/revised_clusters/multi/chan11_1204p_12042020_100B_11_RBC_multiple_CD61+_4.png,wbc
../prepare_data_source/revised_clusters/multi/chan2_1204p_12042020_100B_11_RBC_multiple_CD61+_40.png,../prepare_data_source/revised_clusters/multi/chan3_1204p_12042020_100B_11_RBC_multiple_CD61+_40.png,../prepare_data_source/revised_clusters/multi/chan7_1204p_12042020_100B_11_RBC_multiple_CD61+_40.png,../prepare_data_source/revised_clusters/multi/chan11_1204p_12042020_100B_11_RBC_multiple_CD61+_40.png,wbc platelet
../prepare_data_source/revised_clusters/multi/chan2_1204p_12042020_100B_11_RBC_multiple_CD61+_41.png,../prepare_data_source/revised_clusters/multi/chan3_1204p_12042020_100B_11_RBC_multiple_CD61+_41.png,../prepare_data_source/revised_clusters/multi/chan7_1204p_12042020_100B_11_RBC_multiple_CD61+_41.png,../prepare_data_source/revised_clusters/multi/chan11_1204p_12042020_100B_11_RBC_multiple_CD61+_41.png,wbc platelet
../prepare_data_source/revised_clusters/multi/chan2_1204p_12042020_100B_11_RBC_multiple_CD61+_42.png,../prepare_data_source/revised_clusters/multi/chan3_1204p_12042020_100B_11_RBC_multiple_CD61+_42.png,../prepare_data_source/revised_clusters/multi/chan7_1204p_12042020_100B_11_RBC_multiple_CD61+_42.png,../prepare_data_source/revised_clusters/multi/chan11_1204p_12042020_100B_11_RBC_multiple_CD61+_42.png,wbc platelet
../prepare_data_source/revised_clusters/multi/chan2_1204p_12042020_100B_11_RBC_multiple_CD61+_43.png,../prepare_data_source/revised_clusters/multi/chan3_1204p_12042020_100B_11_RBC_multiple_CD61+_43.png,../prepare_data_source/revised_clusters/multi/chan7_1204p_12042020_100B_11_RBC_multiple_CD61+_43.png,../prepare_data_source/revised_clusters/multi/chan11_1204p_12042020_100B_11_RBC_multiple_CD61+_43.png,wbc
../prepare_data_source/revised_clusters/multi/chan2_1204p_12042020_100B_11_RBC_multiple_CD61+_44.png,../prepare_data_source/revised_clusters/multi/chan3_1204p_12042020_100B_11_RBC_multiple_CD61+_44.png,../prepare_data_source/revised_clusters/multi/chan7_1204p_12042020_100B_11_RBC_multiple_CD61+_44.png,../prepare_data_source/revised_clusters/multi/chan11_1204p_12042020_100B_11_RBC_multiple_CD61+_44.png,wbc platelet
../prepare_data_source/revised_clusters/multi/chan2_1204p_12042020_100B_11_RBC_multiple_CD61+_45.png,../prepare_data_source/revised_clusters/multi/chan3_1204p_12042020_100B_11_RBC_multiple_CD61+_45.png,../prepare_data_source/revised_clusters/multi/chan7_1204p_12042020_100B_11_RBC_multiple_CD61+_45.png,../prepare_data_source/revised_clusters/multi/chan11_1204p_12042020_100B_11_RBC_multiple_CD61+_45.png,wbc
../prepare_data_source/revised_clusters/multi/chan2_1204p_12042020_100B_11_RBC_multiple_CD61+_46.png,../prepare_data_source/revised_clusters/multi/chan3_1204p_12042020_100B_11_RBC_multiple_CD61+_46.png,../prepare_data_source/revised_clusters/multi/chan7_1204p_12042020_100B_11_RBC_multiple_CD61+_46.png,../prepare_data_source/revised_clusters/multi/chan11_1204p_12042020_100B_11_RBC_multiple_CD61+_46.png,wbc platelet
../prepare_data_source/revised_clusters/multi/chan2_1204p_12042020_100B_11_RBC_multiple_CD61+_47.png,../prepare_data_source/revised_clusters/multi/chan3_1204p_12042020_100B_11_RBC_multiple_CD61+_47.png,../prepare_data_source/revised_clusters/multi/chan7_1204p_12042020_100B_11_RBC_multiple_CD61+_47.png,../prepare_data_source/revised_clusters/multi/chan11_1204p_12042020_100B_11_RBC_multiple_CD61+_47.png,wbc platelet
../prepare_data_source/revised_clusters/multi/chan2_1204p_12042020_100B_11_RBC_multiple_CD61+_48.png,../prepare_data_source/revised_clusters/multi/chan3_1204p_12042020_100B_11_RBC_multiple_CD61+_48.png,../prepare_data_source/revised_clusters/multi/chan7_1204p_12042020_100B_11_RBC_multiple_CD61+_48.png,../prepare_data_source/revised_clusters/multi/chan11_1204p_12042020_100B_11_RBC_multiple_CD61+_48.png,platelet
../prepare_data_source/revised_clusters/multi/chan2_1204p_12042020_100B_11_RBC_multiple_CD61+_49.png,../prepare_data_source/revised_clusters/multi/chan3_1204p_12042020_100B_11_RBC_multiple_CD61+_49.png,../prepare_data_source/revised_clusters/multi/chan7_1204p_12042020_100B_11_RBC_multiple_CD61+_49.png,../prepare_data_source/revised_clusters/multi/chan11_1204p_12042020_100B_11_RBC_multiple_CD61+_49.png,rbc
../prepare_data_source/revised_clusters/multi/chan2_1204p_12042020_100B_11_RBC_multiple_CD61+_5.png,../prepare_data_source/revised_clusters/multi/chan3_1204p_12042020_100B_11_RBC_multiple_CD61+_5.png,../prepare_data_source/revised_clusters/multi/chan7_1204p_12042020_100B_11_RBC_multiple_CD61+_5.png,../prepare_data_source/revised_clusters/multi/chan11_1204p_12042020_100B_11_RBC_multiple_CD61+_5.png,wbc
../prepare_data_source/revised_clusters/multi/chan2_1204p_12042020_100B_11_RBC_multiple_CD61+_50.png,../prepare_data_source/revised_clusters/multi/chan3_1204p_12042020_100B_11_RBC_multiple_CD61+_50.png,../prepare_data_source/revised_clusters/multi/chan7_1204p_12042020_100B_11_RBC_multiple_CD61+_50.png,../prepare_data_source/revised_clusters/multi/chan11_1204p_12042020_100B_11_RBC_multiple_CD61+_50.png,wbc platelet
../prepare_data_source/revised_clusters/multi/chan2_1204p_12042020_100B_11_RBC_multiple_CD61+_51.png,../prepare_data_source/revised_clusters/multi/chan3_1204p_12042020_100B_11_RBC_multiple_CD61+_51.png,../prepare_data_source/revised_clusters/multi/chan7_1204p_12042020_100B_11_RBC_multiple_CD61+_51.png,../prepare_data_source/revised_clusters/multi/chan11_1204p_12042020_100B_11_RBC_multiple_CD61+_51.png,wbc platelet
../prepare_data_source/revised_clusters/multi/chan2_1204p_12042020_100B_11_RBC_multiple_CD61+_52.png,../prepare_data_source/revised_clusters/multi/chan3_1204p_12042020_100B_11_RBC_multiple_CD61+_52.png,../prepare_data_source/revised_clusters/multi/chan7_1204p_12042020_100B_11_RBC_multiple_CD61+_52.png,../prepare_data_source/revised_clusters/multi/chan11_1204p_12042020_100B_11_RBC_multiple_CD61+_52.png,wbc
../prepare_data_source/revised_clusters/multi/chan2_1204p_12042020_100B_11_RBC_multiple_CD61+_53.png,../prepare_data_source/revised_clusters/multi/chan3_1204p_12042020_100B_11_RBC_multiple_CD61+_53.png,../prepare_data_source/revised_clusters/multi/chan7_1204p_12042020_100B_11_RBC_multiple_CD61+_53.png,../prepare_data_source/revised_clusters/multi/chan11_1204p_12042020_100B_11_RBC_multiple_CD61+_53.png,wbc platelet
../prepare_data_source/revised_clusters/multi/chan2_1204p_12042020_100B_11_RBC_multiple_CD61+_54.png,../prepare_data_source/revised_clusters/multi/chan3_1204p_12042020_100B_11_RBC_multiple_CD61+_54.png,../prepare_data_source/revised_clusters/multi/chan7_1204p_12042020_100B_11_RBC_multiple_CD61+_54.png,../prepare_data_source/revised_clusters/multi/chan11_1204p_12042020_100B_11_RBC_multiple_CD61+_54.png,wbc
../prepare_data_source/revised_clusters/multi/chan2_1204p_12042020_100B_11_RBC_multiple_CD61+_55.png,../prepare_data_source/revised_clusters/multi/chan3_1204p_12042020_100B_11_RBC_multiple_CD61+_55.png,../prepare_data_source/revised_clusters/multi/chan7_1204p_12042020_100B_11_RBC_multiple_CD61+_55.png,../prepare_data_source/revised_clusters/multi/chan11_1204p_12042020_100B_11_RBC_multiple_CD61+_55.png,wbc platelet
../prepare_data_source/revised_clusters/multi/chan2_1204p_12042020_100B_11_RBC_multiple_CD61+_56.png,../prepare_data_source/revised_clusters/multi/chan3_1204p_12042020_100B_11_RBC_multiple_CD61+_56.png,../prepare_data_source/revised_clusters/multi/chan7_1204p_12042020_100B_11_RBC_multiple_CD61+_56.png,../prepare_data_source/revised_clusters/multi/chan11_1204p_12042020_100B_11_RBC_multiple_CD61+_56.png,wbc platelet
../prepare_data_source/revised_clusters/multi/chan2_1204p_12042020_100B_11_RBC_multiple_CD61+_57.png,../prepare_data_source/revised_clusters/multi/chan3_1204p_12042020_100B_11_RBC_multiple_CD61+_57.png,../prepare_data_source/revised_clusters/multi/chan7_1204p_12042020_100B_11_RBC_multiple_CD61+_57.png,../prepare_data_source/revised_clusters/multi/chan11_1204p_12042020_100B_11_RBC_multiple_CD61+_57.png,wbc
../prepare_data_source/revised_clusters/multi/chan2_1204p_12042020_100B_11_RBC_multiple_CD61+_58.png,../prepare_data_source/revised_clusters/multi/chan3_1204p_12042020_100B_11_RBC_multiple_CD61+_58.png,../prepare_data_source/revised_clusters/multi/chan7_1204p_12042020_100B_11_RBC_multiple_CD61+_58.png,../prepare_data_source/revised_clusters/multi/chan11_1204p_12042020_100B_11_RBC_multiple_CD61+_58.png,wbc platelet
../prepare_data_source/revised_clusters/multi/chan2_1204p_12042020_100B_11_RBC_multiple_CD61+_59.png,../prepare_data_source/revised_clusters/multi/chan3_1204p_12042020_100B_11_RBC_multiple_CD61+_59.png,../prepare_data_source/revised_clusters/multi/chan7_1204p_12042020_100B_11_RBC_multiple_CD61+_59.png,../prepare_data_source/revised_clusters/multi/chan11_1204p_12042020_100B_11_RBC_multiple_CD61+_59.png,wbc
../prepare_data_source/revised_clusters/multi/chan2_1204p_12042020_100B_11_RBC_multiple_CD61+_6.png,../prepare_data_source/revised_clusters/multi/chan3_1204p_12042020_100B_11_RBC_multiple_CD61+_6.png,../prepare_data_source/revised_clusters/multi/chan7_1204p_12042020_100B_11_RBC_multiple_CD61+_6.png,../prepare_data_source/revised_clusters/multi/chan11_1204p_12042020_100B_11_RBC_multiple_CD61+_6.png,wbc
../prepare_data_source/revised_clusters/multi/chan2_1204p_12042020_100B_11_RBC_multiple_CD61+_60.png,../prepare_data_source/revised_clusters/multi/chan3_1204p_12042020_100B_11_RBC_multiple_CD61+_60.png,../prepare_data_source/revised_clusters/multi/chan7_1204p_12042020_100B_11_RBC_multiple_CD61+_60.png,../prepare_data_source/revised_clusters/multi/chan11_1204p_12042020_100B_11_RBC_multiple_CD61+_60.png,wbc platelet
../prepare_data_source/revised_clusters/multi/chan2_1204p_12042020_100B_11_RBC_multiple_CD61+_61.png,../prepare_data_source/revised_clusters/multi/chan3_1204p_12042020_100B_11_RBC_multiple_CD61+_61.png,../prepare_data_source/revised_clusters/multi/chan7_1204p_12042020_100B_11_RBC_multiple_CD61+_61.png,../prepare_data_source/revised_clusters/multi/chan11_1204p_12042020_100B_11_RBC_multiple_CD61+_61.png,wbc platelet
../prepare_data_source/revised_clusters/multi/chan2_1204p_12042020_100B_11_RBC_multiple_CD61+_62.png,../prepare_data_source/revised_clusters/multi/chan3_1204p_12042020_100B_11_RBC_multiple_CD61+_62.png,../prepare_data_source/revised_clusters/multi/chan7_1204p_12042020_100B_11_RBC_multiple_CD61+_62.png,../prepare_data_source/revised_clusters/multi/chan11_1204p_12042020_100B_11_RBC_multiple_CD61+_62.png,wbc platelet
../prepare_data_source/revised_clusters/multi/chan2_1204p_12042020_100B_11_RBC_multiple_CD61+_63.png,../prepare_data_source/revised_clusters/multi/chan3_1204p_12042020_100B_11_RBC_multiple_CD61+_63.png,../prepare_data_source/revised_clusters/multi/chan7_1204p_12042020_100B_11_RBC_multiple_CD61+_63.png,../prepare_data_source/revised_clusters/multi/chan11_1204p_12042020_100B_11_RBC_multiple_CD61+_63.png,wbc platelet
../prepare_data_source/revised_clusters/multi/chan2_1204p_12042020_100B_11_RBC_multiple_CD61+_64.png,../prepare_data_source/revised_clusters/multi/chan3_1204p_12042020_100B_11_RBC_multiple_CD61+_64.png,../prepare_data_source/revised_clusters/multi/chan7_1204p_12042020_100B_11_RBC_multiple_CD61+_64.png,../prepare_data_source/revised_clusters/multi/chan11_1204p_12042020_100B_11_RBC_multiple_CD61+_64.png,wbc platelet
../prepare_data_source/revised_clusters/multi/chan2_1204p_12042020_100B_11_RBC_multiple_CD61+_65.png,../prepare_data_source/revised_clusters/multi/chan3_1204p_12042020_100B_11_RBC_multiple_CD61+_65.png,../prepare_data_source/revised_clusters/multi/chan7_1204p_12042020_100B_11_RBC_multiple_CD61+_65.png,../prepare_data_source/revised_clusters/multi/chan11_1204p_12042020_100B_11_RBC_multiple_CD61+_65.png,platelet
../prepare_data_source/revised_clusters/multi/chan2_1204p_12042020_100B_11_RBC_multiple_CD61+_66.png,../prepare_data_source/revised_clusters/multi/chan3_1204p_12042020_100B_11_RBC_multiple_CD61+_66.png,../prepare_data_source/revised_clusters/multi/chan7_1204p_12042020_100B_11_RBC_multiple_CD61+_66.png,../prepare_data_source/revised_clusters/multi/chan11_1204p_12042020_100B_11_RBC_multiple_CD61+_66.png,platelet
../prepare_data_source/revised_clusters/multi/chan2_1204p_12042020_100B_11_RBC_multiple_CD61+_67.png,../prepare_data_source/revised_clusters/multi/chan3_1204p_12042020_100B_11_RBC_multiple_CD61+_67.png,../prepare_data_source/revised_clusters/multi/chan7_1204p_12042020_100B_11_RBC_multiple_CD61+_67.png,../prepare_data_source/revised_clusters/multi/chan11_1204p_12042020_100B_11_RBC_multiple_CD61+_67.png,wbc platelet
../prepare_data_source/revised_clusters/multi/chan2_1204p_12042020_100B_11_RBC_multiple_CD61+_68.png,../prepare_data_source/revised_clusters/multi/chan3_1204p_12042020_100B_11_RBC_multiple_CD61+_68.png,../prepare_data_source/revised_clusters/multi/chan7_1204p_12042020_100B_11_RBC_multiple_CD61+_68.png,../prepare_data_source/revised_clusters/multi/chan11_1204p_12042020_100B_11_RBC_multiple_CD61+_68.png,wbc platelet
../prepare_data_source/revised_clusters/multi/chan2_1204p_12042020_100B_11_RBC_multiple_CD61+_69.png,../prepare_data_source/revised_clusters/multi/chan3_1204p_12042020_100B_11_RBC_multiple_CD61+_69.png,../prepare_data_source/revised_clusters/multi/chan7_1204p_12042020_100B_11_RBC_multiple_CD61+_69.png,../prepare_data_source/revised_clusters/multi/chan11_1204p_12042020_100B_11_RBC_multiple_CD61+_69.png,wbc platelet
../prepare_data_source/revised_clusters/multi/chan2_1204p_12042020_100B_11_RBC_multiple_CD61+_7.png,../prepare_data_source/revised_clusters/multi/chan3_1204p_12042020_100B_11_RBC_multiple_CD61+_7.png,../prepare_data_source/revised_clusters/multi/chan7_1204p_12042020_100B_11_RBC_multiple_CD61+_7.png,../prepare_data_source/revised_clusters/multi/chan11_1204p_12042020_100B_11_RBC_multiple_CD61+_7.png,wbc
../prepare_data_source/revised_clusters/multi/chan2_1204p_12042020_100B_11_RBC_multiple_CD61+_70.png,../prepare_data_source/revised_clusters/multi/chan3_1204p_12042020_100B_11_RBC_multiple_CD61+_70.png,../prepare_data_source/revised_clusters/multi/chan7_1204p_12042020_100B_11_RBC_multiple_CD61+_70.png,../prepare_data_source/revised_clusters/multi/chan11_1204p_12042020_100B_11_RBC_multiple_CD61+_70.png,wbc platelet
../prepare_data_source/revised_clusters/multi/chan2_1204p_12042020_100B_11_RBC_multiple_CD61+_71.png,../prepare_data_source/revised_clusters/multi/chan3_1204p_12042020_100B_11_RBC_multiple_CD61+_71.png,../prepare_data_source/revised_clusters/multi/chan7_1204p_12042020_100B_11_RBC_multiple_CD61+_71.png,../prepare_data_source/revised_clusters/multi/chan11_1204p_12042020_100B_11_RBC_multiple_CD61+_71.png,wbc platelet
../prepare_data_source/revised_clusters/multi/chan2_1204p_12042020_100B_11_RBC_multiple_CD61+_72.png,../prepare_data_source/revised_clusters/multi/chan3_1204p_12042020_100B_11_RBC_multiple_CD61+_72.png,../prepare_data_source/revised_clusters/multi/chan7_1204p_12042020_100B_11_RBC_multiple_CD61+_72.png,../prepare_data_source/revised_clusters/multi/chan11_1204p_12042020_100B_11_RBC_multiple_CD61+_72.png,wbc platelet
../prepare_data_source/revised_clusters/multi/chan2_1204p_12042020_100B_11_RBC_multiple_CD61+_73.png,../prepare_data_source/revised_clusters/multi/chan3_1204p_12042020_100B_11_RBC_multiple_CD61+_73.png,../prepare_data_source/revised_clusters/multi/chan7_1204p_12042020_100B_11_RBC_multiple_CD61+_73.png,../prepare_data_source/revised_clusters/multi/chan11_1204p_12042020_100B_11_RBC_multiple_CD61+_73.png,wbc platelet
../prepare_data_source/revised_clusters/multi/chan2_1204p_12042020_100B_11_RBC_multiple_CD61+_74.png,../prepare_data_source/revised_clusters/multi/chan3_1204p_12042020_100B_11_RBC_multiple_CD61+_74.png,../prepare_data_source/revised_clusters/multi/chan7_1204p_12042020_100B_11_RBC_multiple_CD61+_74.png,../prepare_data_source/revised_clusters/multi/chan11_1204p_12042020_100B_11_RBC_multiple_CD61+_74.png,wbc platelet
../prepare_data_source/revised_clusters/multi/chan2_1204p_12042020_100B_11_RBC_multiple_CD61+_75.png,../prepare_data_source/revised_clusters/multi/chan3_1204p_12042020_100B_11_RBC_multiple_CD61+_75.png,../prepare_data_source/revised_clusters/multi/chan7_1204p_12042020_100B_11_RBC_multiple_CD61+_75.png,../prepare_data_source/revised_clusters/multi/chan11_1204p_12042020_100B_11_RBC_multiple_CD61+_75.png,wbc platelet
../prepare_data_source/revised_clusters/multi/chan2_1204p_12042020_100B_11_RBC_multiple_CD61+_76.png,../prepare_data_source/revised_clusters/multi/chan3_1204p_12042020_100B_11_RBC_multiple_CD61+_76.png,../prepare_data_source/revised_clusters/multi/chan7_1204p_12042020_100B_11_RBC_multiple_CD61+_76.png,../prepare_data_source/revised_clusters/multi/chan11_1204p_12042020_100B_11_RBC_multiple_CD61+_76.png,wbc platelet
../prepare_data_source/revised_clusters/multi/chan2_1204p_12042020_100B_11_RBC_multiple_CD61+_77.png,../prepare_data_source/revised_clusters/multi/chan3_1204p_12042020_100B_11_RBC_multiple_CD61+_77.png,../prepare_data_source/revised_clusters/multi/chan7_1204p_12042020_100B_11_RBC_multiple_CD61+_77.png,../prepare_data_source/revised_clusters/multi/chan11_1204p_12042020_100B_11_RBC_multiple_CD61+_77.png,wbc platelet
../prepare_data_source/revised_clusters/multi/chan2_1204p_12042020_100B_11_RBC_multiple_CD61+_78.png,../prepare_data_source/revised_clusters/multi/chan3_1204p_12042020_100B_11_RBC_multiple_CD61+_78.png,../prepare_data_source/revised_clusters/multi/chan7_1204p_12042020_100B_11_RBC_multiple_CD61+_78.png,../prepare_data_source/revised_clusters/multi/chan11_1204p_12042020_100B_11_RBC_multiple_CD61+_78.png,wbc
../prepare_data_source/revised_clusters/multi/chan2_1204p_12042020_100B_11_RBC_multiple_CD61+_79.png,../prepare_data_source/revised_clusters/multi/chan3_1204p_12042020_100B_11_RBC_multiple_CD61+_79.png,../prepare_data_source/revised_clusters/multi/chan7_1204p_12042020_100B_11_RBC_multiple_CD61+_79.png,../prepare_data_source/revised_clusters/multi/chan11_1204p_12042020_100B_11_RBC_multiple_CD61+_79.png,wbc platelet
../prepare_data_source/revised_clusters/multi/chan2_1204p_12042020_100B_11_RBC_multiple_CD61+_8.png,../prepare_data_source/revised_clusters/multi/chan3_1204p_12042020_100B_11_RBC_multiple_CD61+_8.png,../prepare_data_source/revised_clusters/multi/chan7_1204p_12042020_100B_11_RBC_multiple_CD61+_8.png,../prepare_data_source/revised_clusters/multi/chan11_1204p_12042020_100B_11_RBC_multiple_CD61+_8.png,wbc
../prepare_data_source/revised_clusters/multi/chan2_1204p_12042020_100B_11_RBC_multiple_CD61+_80.png,../prepare_data_source/revised_clusters/multi/chan3_1204p_12042020_100B_11_RBC_multiple_CD61+_80.png,../prepare_data_source/revised_clusters/multi/chan7_1204p_12042020_100B_11_RBC_multiple_CD61+_80.png,../prepare_data_source/revised_clusters/multi/chan11_1204p_12042020_100B_11_RBC_multiple_CD61+_80.png,wbc platelet
../prepare_data_source/revised_clusters/multi/chan2_1204p_12042020_100B_11_RBC_multiple_CD61+_81.png,../prepare_data_source/revised_clusters/multi/chan3_1204p_12042020_100B_11_RBC_multiple_CD61+_81.png,../prepare_data_source/revised_clusters/multi/chan7_1204p_12042020_100B_11_RBC_multiple_CD61+_81.png,../prepare_data_source/revised_clusters/multi/chan11_1204p_12042020_100B_11_RBC_multiple_CD61+_81.png,wbc platelet
../prepare_data_source/revised_clusters/multi/chan2_1204p_12042020_100B_11_RBC_multiple_CD61+_82.png,../prepare_data_source/revised_clusters/multi/chan3_1204p_12042020_100B_11_RBC_multiple_CD61+_82.png,../prepare_data_source/revised_clusters/multi/chan7_1204p_12042020_100B_11_RBC_multiple_CD61+_82.png,../prepare_data_source/revised_clusters/multi/chan11_1204p_12042020_100B_11_RBC_multiple_CD61+_82.png,wbc platelet
../prepare_data_source/revised_clusters/multi/chan2_1204p_12042020_100B_11_RBC_multiple_CD61+_83.png,../prepare_data_source/revised_clusters/multi/chan3_1204p_12042020_100B_11_RBC_multiple_CD61+_83.png,../prepare_data_source/revised_clusters/multi/chan7_1204p_12042020_100B_11_RBC_multiple_CD61+_83.png,../prepare_data_source/revised_clusters/multi/chan11_1204p_12042020_100B_11_RBC_multiple_CD61+_83.png,wbc platelet
../prepare_data_source/revised_clusters/multi/chan2_1204p_12042020_100B_11_RBC_multiple_CD61+_84.png,../prepare_data_source/revised_clusters/multi/chan3_1204p_12042020_100B_11_RBC_multiple_CD61+_84.png,../prepare_data_source/revised_clusters/multi/chan7_1204p_12042020_100B_11_RBC_multiple_CD61+_84.png,../prepare_data_source/revised_clusters/multi/chan11_1204p_12042020_100B_11_RBC_multiple_CD61+_84.png,wbc platelet
../prepare_data_source/revised_clusters/multi/chan2_1204p_12042020_100B_11_RBC_multiple_CD61+_85.png,../prepare_data_source/revised_clusters/multi/chan3_1204p_12042020_100B_11_RBC_multiple_CD61+_85.png,../prepare_data_source/revised_clusters/multi/chan7_1204p_12042020_100B_11_RBC_multiple_CD61+_85.png,../prepare_data_source/revised_clusters/multi/chan11_1204p_12042020_100B_11_RBC_multiple_CD61+_85.png,wbc platelet
../prepare_data_source/revised_clusters/multi/chan2_1204p_12042020_100B_11_RBC_multiple_CD61+_86.png,../prepare_data_source/revised_clusters/multi/chan3_1204p_12042020_100B_11_RBC_multiple_CD61+_86.png,../prepare_data_source/revised_clusters/multi/chan7_1204p_12042020_100B_11_RBC_multiple_CD61+_86.png,../prepare_data_source/revised_clusters/multi/chan11_1204p_12042020_100B_11_RBC_multiple_CD61+_86.png,wbc platelet
../prepare_data_source/revised_clusters/multi/chan2_1204p_12042020_100B_11_RBC_multiple_CD61+_87.png,../prepare_data_source/revised_clusters/multi/chan3_1204p_12042020_100B_11_RBC_multiple_CD61+_87.png,../prepare_data_source/revised_clusters/multi/chan7_1204p_12042020_100B_11_RBC_multiple_CD61+_87.png,../prepare_data_source/revised_clusters/multi/chan11_1204p_12042020_100B_11_RBC_multiple_CD61+_87.png,wbc platelet
../prepare_data_source/revised_clusters/multi/chan2_1204p_12042020_100B_11_RBC_multiple_CD61+_88.png,../prepare_data_source/revised_clusters/multi/chan3_1204p_12042020_100B_11_RBC_multiple_CD61+_88.png,../prepare_data_source/revised_clusters/multi/chan7_1204p_12042020_100B_11_RBC_multiple_CD61+_88.png,../prepare_data_source/revised_clusters/multi/chan11_1204p_12042020_100B_11_RBC_multiple_CD61+_88.png,wbc platelet
../prepare_data_source/revised_clusters/multi/chan2_1204p_12042020_100B_11_RBC_multiple_CD61+_89.png,../prepare_data_source/revised_clusters/multi/chan3_1204p_12042020_100B_11_RBC_multiple_CD61+_89.png,../prepare_data_source/revised_clusters/multi/chan7_1204p_12042020_100B_11_RBC_multiple_CD61+_89.png,../prepare_data_source/revised_clusters/multi/chan11_1204p_12042020_100B_11_RBC_multiple_CD61+_89.png,wbc platelet
../prepare_data_source/revised_clusters/multi/chan2_1204p_12042020_100B_11_RBC_multiple_CD61+_9.png,../prepare_data_source/revised_clusters/multi/chan3_1204p_12042020_100B_11_RBC_multiple_CD61+_9.png,../prepare_data_source/revised_clusters/multi/chan7_1204p_12042020_100B_11_RBC_multiple_CD61+_9.png,../prepare_data_source/revised_clusters/multi/chan11_1204p_12042020_100B_11_RBC_multiple_CD61+_9.png,wbc
../prepare_data_source/revised_clusters/multi/chan2_1204p_12042020_100B_11_RBC_multiple_CD61+_90.png,../prepare_data_source/revised_clusters/multi/chan3_1204p_12042020_100B_11_RBC_multiple_CD61+_90.png,../prepare_data_source/revised_clusters/multi/chan7_1204p_12042020_100B_11_RBC_multiple_CD61+_90.png,../prepare_data_source/revised_clusters/multi/chan11_1204p_12042020_100B_11_RBC_multiple_CD61+_90.png,wbc platelet
../prepare_data_source/revised_clusters/multi/chan2_1204p_12042020_100B_11_RBC_multiple_CD61+_91.png,../prepare_data_source/revised_clusters/multi/chan3_1204p_12042020_100B_11_RBC_multiple_CD61+_91.png,../prepare_data_source/revised_clusters/multi/chan7_1204p_12042020_100B_11_RBC_multiple_CD61+_91.png,../prepare_data_source/revised_clusters/multi/chan11_1204p_12042020_100B_11_RBC_multiple_CD61+_91.png,wbc platelet
../prepare_data_source/revised_clusters/multi/chan2_1204p_12042020_100B_11_RBC_multiple_CD61+_92.png,../prepare_data_source/revised_clusters/multi/chan3_1204p_12042020_100B_11_RBC_multiple_CD61+_92.png,../prepare_data_source/revised_clusters/multi/chan7_1204p_12042020_100B_11_RBC_multiple_CD61+_92.png,../prepare_data_source/revised_clusters/multi/chan11_1204p_12042020_100B_11_RBC_multiple_CD61+_92.png,wbc platelet
../prepare_data_source/revised_clusters/multi/chan2_1204p_12042020_100B_11_RBC_multiple_CD61+_93.png,../prepare_data_source/revised_clusters/multi/chan3_1204p_12042020_100B_11_RBC_multiple_CD61+_93.png,../prepare_data_source/revised_clusters/multi/chan7_1204p_12042020_100B_11_RBC_multiple_CD61+_93.png,../prepare_data_source/revised_clusters/multi/chan11_1204p_12042020_100B_11_RBC_multiple_CD61+_93.png,wbc platelet
../prepare_data_source/revised_clusters/multi/chan2_1204p_12042020_100B_11_RBC_multiple_CD61+_94.png,../prepare_data_source/revised_clusters/multi/chan3_1204p_12042020_100B_11_RBC_multiple_CD61+_94.png,../prepare_data_source/revised_clusters/multi/chan7_1204p_12042020_100B_11_RBC_multiple_CD61+_94.png,../prepare_data_source/revised_clusters/multi/chan11_1204p_12042020_100B_11_RBC_multiple_CD61+_94.png,wbc platelet
../prepare_data_source/revised_clusters/multi/chan2_1204p_12042020_100B_11_RBC_multiple_CD61+_95.png,../prepare_data_source/revised_clusters/multi/chan3_1204p_12042020_100B_11_RBC_multiple_CD61+_95.png,../prepare_data_source/revised_clusters/multi/chan7_1204p_12042020_100B_11_RBC_multiple_CD61+_95.png,../prepare_data_source/revised_clusters/multi/chan11_1204p_12042020_100B_11_RBC_multiple_CD61+_95.png,wbc platelet
../prepare_data_source/revised_clusters/multi/chan2_1204p_12042020_100B_11_RBC_multiple_CD61+_96.png,../prepare_data_source/revised_clusters/multi/chan3_1204p_12042020_100B_11_RBC_multiple_CD61+_96.png,../prepare_data_source/revised_clusters/multi/chan7_1204p_12042020_100B_11_RBC_multiple_CD61+_96.png,../prepare_data_source/revised_clusters/multi/chan11_1204p_12042020_100B_11_RBC_multiple_CD61+_96.png,wbc platelet
../prepare_data_source/revised_clusters/multi/chan2_1204p_12042020_100B_11_RBC_multiple_CD61+_97.png,../prepare_data_source/revised_clusters/multi/chan3_1204p_12042020_100B_11_RBC_multiple_CD61+_97.png,../prepare_data_source/revised_clusters/multi/chan7_1204p_12042020_100B_11_RBC_multiple_CD61+_97.png,../prepare_data_source/revised_clusters/multi/chan11_1204p_12042020_100B_11_RBC_multiple_CD61+_97.png,wbc platelet
../prepare_data_source/revised_clusters/multi/chan2_1204p_12042020_100B_11_RBC_multiple_CD61+_99.png,../prepare_data_source/revised_clusters/multi/chan3_1204p_12042020_100B_11_RBC_multiple_CD61+_99.png,../prepare_data_source/revised_clusters/multi/chan7_1204p_12042020_100B_11_RBC_multiple_CD61+_99.png,../prepare_data_source/revised_clusters/multi/chan11_1204p_12042020_100B_11_RBC_multiple_CD61+_99.png,wbc platelet
../prepare_data_source/revised_clusters/multi/chan2_1204p_12042020_87A_8_daf_no comp_RBC_multiple_CD61+_1.png,../prepare_data_source/revised_clusters/multi/chan3_1204p_12042020_87A_8_daf_no comp_RBC_multiple_CD61+_1.png,../prepare_data_source/revised_clusters/multi/chan7_1204p_12042020_87A_8_daf_no comp_RBC_multiple_CD61+_1.png,../prepare_data_source/revised_clusters/multi/chan11_1204p_12042020_87A_8_daf_no comp_RBC_multiple_CD61+_1.png,wbc platelet
../prepare_data_source/revised_clusters/multi/chan2_1204p_12042020_87A_8_daf_no comp_RBC_multiple_CD61+_10.png,../prepare_data_source/revised_clusters/multi/chan3_1204p_12042020_87A_8_daf_no comp_RBC_multiple_CD61+_10.png,../prepare_data_source/revised_clusters/multi/chan7_1204p_12042020_87A_8_daf_no comp_RBC_multiple_CD61+_10.png,../prepare_data_source/revised_clusters/multi/chan11_1204p_12042020_87A_8_daf_no comp_RBC_multiple_CD61+_10.png,wbc platelet
../prepare_data_source/revised_clusters/multi/chan2_1204p_12042020_87A_8_daf_no comp_RBC_multiple_CD61+_100.png,../prepare_data_source/revised_clusters/multi/chan3_1204p_12042020_87A_8_daf_no comp_RBC_multiple_CD61+_100.png,../prepare_data_source/revised_clusters/multi/chan7_1204p_12042020_87A_8_daf_no comp_RBC_multiple_CD61+_100.png,../prepare_data_source/revised_clusters/multi/chan11_1204p_12042020_87A_8_daf_no comp_RBC_multiple_CD61+_100.png,wbc platelet
../prepare_data_source/revised_clusters/multi/chan2_1204p_12042020_87A_8_daf_no comp_RBC_multiple_CD61+_101.png,../prepare_data_source/revised_clusters/multi/chan3_1204p_12042020_87A_8_daf_no comp_RBC_multiple_CD61+_101.png,../prepare_data_source/revised_clusters/multi/chan7_1204p_12042020_87A_8_daf_no comp_RBC_multiple_CD61+_101.png,../prepare_data_source/revised_clusters/multi/chan11_1204p_12042020_87A_8_daf_no comp_RBC_multiple_CD61+_101.png,platelet
../prepare_data_source/revised_clusters/multi/chan2_1204p_12042020_87A_8_daf_no comp_RBC_multiple_CD61+_102.png,../prepare_data_source/revised_clusters/multi/chan3_1204p_12042020_87A_8_daf_no comp_RBC_multiple_CD61+_102.png,../prepare_data_source/revised_clusters/multi/chan7_1204p_12042020_87A_8_daf_no comp_RBC_multiple_CD61+_102.png,../prepare_data_source/revised_clusters/multi/chan11_1204p_12042020_87A_8_daf_no comp_RBC_multiple_CD61+_102.png,wbc platelet
../prepare_data_source/revised_clusters/multi/chan2_1204p_12042020_87A_8_daf_no comp_RBC_multiple_CD61+_103.png,../prepare_data_source/revised_clusters/multi/chan3_1204p_12042020_87A_8_daf_no comp_RBC_multiple_CD61+_103.png,../prepare_data_source/revised_clusters/multi/chan7_1204p_12042020_87A_8_daf_no comp_RBC_multiple_CD61+_103.png,../prepare_data_source/revised_clusters/multi/chan11_1204p_12042020_87A_8_daf_no comp_RBC_multiple_CD61+_103.png,wbc platelet
../prepare_data_source/revised_clusters/multi/chan2_1204p_12042020_87A_8_daf_no comp_RBC_multiple_CD61+_104.png,../prepare_data_source/revised_clusters/multi/chan3_1204p_12042020_87A_8_daf_no comp_RBC_multiple_CD61+_104.png,../prepare_data_source/revised_clusters/multi/chan7_1204p_12042020_87A_8_daf_no comp_RBC_multiple_CD61+_104.png,../prepare_data_source/revised_clusters/multi/chan11_1204p_12042020_87A_8_daf_no comp_RBC_multiple_CD61+_104.png,wbc platelet
../prepare_data_source/revised_clusters/multi/chan2_1204p_12042020_87A_8_daf_no comp_RBC_multiple_CD61+_11.png,../prepare_data_source/revised_clusters/multi/chan3_1204p_12042020_87A_8_daf_no comp_RBC_multiple_CD61+_11.png,../prepare_data_source/revised_clusters/multi/chan7_1204p_12042020_87A_8_daf_no comp_RBC_multiple_CD61+_11.png,../prepare_data_source/revised_clusters/multi/chan11_1204p_12042020_87A_8_daf_no comp_RBC_multiple_CD61+_11.png,platelet
../prepare_data_source/revised_clusters/multi/chan2_1204p_12042020_87A_8_daf_no comp_RBC_multiple_CD61+_12.png,../prepare_data_source/revised_clusters/multi/chan3_1204p_12042020_87A_8_daf_no comp_RBC_multiple_CD61+_12.png,../prepare_data_source/revised_clusters/multi/chan7_1204p_12042020_87A_8_daf_no comp_RBC_multiple_CD61+_12.png,../prepare_data_source/revised_clusters/multi/chan11_1204p_12042020_87A_8_daf_no comp_RBC_multiple_CD61+_12.png,wbc platelet
../prepare_data_source/revised_clusters/multi/chan2_1204p_12042020_87A_8_daf_no comp_RBC_multiple_CD61+_13.png,../prepare_data_source/revised_clusters/multi/chan3_1204p_12042020_87A_8_daf_no comp_RBC_multiple_CD61+_13.png,../prepare_data_source/revised_clusters/multi/chan7_1204p_12042020_87A_8_daf_no comp_RBC_multiple_CD61+_13.png,../prepare_data_source/revised_clusters/multi/chan11_1204p_12042020_87A_8_daf_no comp_RBC_multiple_CD61+_13.png,wbc platelet
../prepare_data_source/revised_clusters/multi/chan2_1204p_12042020_87A_8_daf_no comp_RBC_multiple_CD61+_14.png,../prepare_data_source/revised_clusters/multi/chan3_1204p_12042020_87A_8_daf_no comp_RBC_multiple_CD61+_14.png,../prepare_data_source/revised_clusters/multi/chan7_1204p_12042020_87A_8_daf_no comp_RBC_multiple_CD61+_14.png,../prepare_data_source/revised_clusters/multi/chan11_1204p_12042020_87A_8_daf_no comp_RBC_multiple_CD61+_14.png,wbc platelet
../prepare_data_source/revised_clusters/multi/chan2_1204p_12042020_87A_8_daf_no comp_RBC_multiple_CD61+_15.png,../prepare_data_source/revised_clusters/multi/chan3_1204p_12042020_87A_8_daf_no comp_RBC_multiple_CD61+_15.png,../prepare_data_source/revised_clusters/multi/chan7_1204p_12042020_87A_8_daf_no comp_RBC_multiple_CD61+_15.png,../prepare_data_source/revised_clusters/multi/chan11_1204p_12042020_87A_8_daf_no comp_RBC_multiple_CD61+_15.png,wbc platelet
../prepare_data_source/revised_clusters/multi/chan2_1204p_12042020_87A_8_daf_no comp_RBC_multiple_CD61+_16.png,../prepare_data_source/revised_clusters/multi/chan3_1204p_12042020_87A_8_daf_no comp_RBC_multiple_CD61+_16.png,../prepare_data_source/revised_clusters/multi/chan7_1204p_12042020_87A_8_daf_no comp_RBC_multiple_CD61+_16.png,../prepare_data_source/revised_clusters/multi/chan11_1204p_12042020_87A_8_daf_no comp_RBC_multiple_CD61+_16.png,wbc platelet
../prepare_data_source/revised_clusters/multi/chan2_1204p_12042020_87A_8_daf_no comp_RBC_multiple_CD61+_17.png,../prepare_data_source/revised_clusters/multi/chan3_1204p_12042020_87A_8_daf_no comp_RBC_multiple_CD61+_17.png,../prepare_data_source/revised_clusters/multi/chan7_1204p_12042020_87A_8_daf_no comp_RBC_multiple_CD61+_17.png,../prepare_data_source/revised_clusters/multi/chan11_1204p_12042020_87A_8_daf_no comp_RBC_multiple_CD61+_17.png,wbc platelet
../prepare_data_source/revised_clusters/multi/chan2_1204p_12042020_87A_8_daf_no comp_RBC_multiple_CD61+_18.png,../prepare_data_source/revised_clusters/multi/chan3_1204p_12042020_87A_8_daf_no comp_RBC_multiple_CD61+_18.png,../prepare_data_source/revised_clusters/multi/chan7_1204p_12042020_87A_8_daf_no comp_RBC_multiple_CD61+_18.png,../prepare_data_source/revised_clusters/multi/chan11_1204p_12042020_87A_8_daf_no comp_RBC_multiple_CD61+_18.png,platelet
../prepare_data_source/revised_clusters/multi/chan2_1204p_12042020_87A_8_daf_no comp_RBC_multiple_CD61+_19.png,../prepare_data_source/revised_clusters/multi/chan3_1204p_12042020_87A_8_daf_no comp_RBC_multiple_CD61+_19.png,../prepare_data_source/revised_clusters/multi/chan7_1204p_12042020_87A_8_daf_no comp_RBC_multiple_CD61+_19.png,../prepare_data_source/revised_clusters/multi/chan11_1204p_12042020_87A_8_daf_no comp_RBC_multiple_CD61+_19.png,wbc platelet
../prepare_data_source/revised_clusters/multi/chan2_1204p_12042020_87A_8_daf_no comp_RBC_multiple_CD61+_2.png,../prepare_data_source/revised_clusters/multi/chan3_1204p_12042020_87A_8_daf_no comp_RBC_multiple_CD61+_2.png,../prepare_data_source/revised_clusters/multi/chan7_1204p_12042020_87A_8_daf_no comp_RBC_multiple_CD61+_2.png,../prepare_data_source/revised_clusters/multi/chan11_1204p_12042020_87A_8_daf_no comp_RBC_multiple_CD61+_2.png,wbc platelet
../prepare_data_source/revised_clusters/multi/chan2_1204p_12042020_87A_8_daf_no comp_RBC_multiple_CD61+_20.png,../prepare_data_source/revised_clusters/multi/chan3_1204p_12042020_87A_8_daf_no comp_RBC_multiple_CD61+_20.png,../prepare_data_source/revised_clusters/multi/chan7_1204p_12042020_87A_8_daf_no comp_RBC_multiple_CD61+_20.png,../prepare_data_source/revised_clusters/multi/chan11_1204p_12042020_87A_8_daf_no comp_RBC_multiple_CD61+_20.png,wbc platelet
../prepare_data_source/revised_clusters/multi/chan2_1204p_12042020_87A_8_daf_no comp_RBC_multiple_CD61+_21.png,../prepare_data_source/revised_clusters/multi/chan3_1204p_12042020_87A_8_daf_no comp_RBC_multiple_CD61+_21.png,../prepare_data_source/revised_clusters/multi/chan7_1204p_12042020_87A_8_daf_no comp_RBC_multiple_CD61+_21.png,../prepare_data_source/revised_clusters/multi/chan11_1204p_12042020_87A_8_daf_no comp_RBC_multiple_CD61+_21.png,wbc platelet
../prepare_data_source/revised_clusters/multi/chan2_1204p_12042020_87A_8_daf_no comp_RBC_multiple_CD61+_22.png,../prepare_data_source/revised_clusters/multi/chan3_1204p_12042020_87A_8_daf_no comp_RBC_multiple_CD61+_22.png,../prepare_data_source/revised_clusters/multi/chan7_1204p_12042020_87A_8_daf_no comp_RBC_multiple_CD61+_22.png,../prepare_data_source/revised_clusters/multi/chan11_1204p_12042020_87A_8_daf_no comp_RBC_multiple_CD61+_22.png,wbc platelet
../prepare_data_source/revised_clusters/multi/chan2_1204p_12042020_87A_8_daf_no comp_RBC_multiple_CD61+_23.png,../prepare_data_source/revised_clusters/multi/chan3_1204p_12042020_87A_8_daf_no comp_RBC_multiple_CD61+_23.png,../prepare_data_source/revised_clusters/multi/chan7_1204p_12042020_87A_8_daf_no comp_RBC_multiple_CD61+_23.png,../prepare_data_source/revised_clusters/multi/chan11_1204p_12042020_87A_8_daf_no comp_RBC_multiple_CD61+_23.png,wbc platelet
../prepare_data_source/revised_clusters/multi/chan2_1204p_12042020_87A_8_daf_no comp_RBC_multiple_CD61+_24.png,../prepare_data_source/revised_clusters/multi/chan3_1204p_12042020_87A_8_daf_no comp_RBC_multiple_CD61+_24.png,../prepare_data_source/revised_clusters/multi/chan7_1204p_12042020_87A_8_daf_no comp_RBC_multiple_CD61+_24.png,../prepare_data_source/revised_clusters/multi/chan11_1204p_12042020_87A_8_daf_no comp_RBC_multiple_CD61+_24.png,wbc platelet
../prepare_data_source/revised_clusters/multi/chan2_1204p_12042020_87A_8_daf_no comp_RBC_multiple_CD61+_25.png,../prepare_data_source/revised_clusters/multi/chan3_1204p_12042020_87A_8_daf_no comp_RBC_multiple_CD61+_25.png,../prepare_data_source/revised_clusters/multi/chan7_1204p_12042020_87A_8_daf_no comp_RBC_multiple_CD61+_25.png,../prepare_data_source/revised_clusters/multi/chan11_1204p_12042020_87A_8_daf_no comp_RBC_multiple_CD61+_25.png,platelet
../prepare_data_source/revised_clusters/multi/chan2_1204p_12042020_87A_8_daf_no comp_RBC_multiple_CD61+_26.png,../prepare_data_source/revised_clusters/multi/chan3_1204p_12042020_87A_8_daf_no comp_RBC_multiple_CD61+_26.png,../prepare_data_source/revised_clusters/multi/chan7_1204p_12042020_87A_8_daf_no comp_RBC_multiple_CD61+_26.png,../prepare_data_source/revised_clusters/multi/chan11_1204p_12042020_87A_8_daf_no comp_RBC_multiple_CD61+_26.png,wbc platelet
../prepare_data_source/revised_clusters/multi/chan2_1204p_12042020_87A_8_daf_no comp_RBC_multiple_CD61+_27.png,../prepare_data_source/revised_clusters/multi/chan3_1204p_12042020_87A_8_daf_no comp_RBC_multiple_CD61+_27.png,../prepare_data_source/revised_clusters/multi/chan7_1204p_12042020_87A_8_daf_no comp_RBC_multiple_CD61+_27.png,../prepare_data_source/revised_clusters/multi/chan11_1204p_12042020_87A_8_daf_no comp_RBC_multiple_CD61+_27.png,wbc platelet
../prepare_data_source/revised_clusters/multi/chan2_1204p_12042020_87A_8_daf_no comp_RBC_multiple_CD61+_28.png,../prepare_data_source/revised_clusters/multi/chan3_1204p_12042020_87A_8_daf_no comp_RBC_multiple_CD61+_28.png,../prepare_data_source/revised_clusters/multi/chan7_1204p_12042020_87A_8_daf_no comp_RBC_multiple_CD61+_28.png,../prepare_data_source/revised_clusters/multi/chan11_1204p_12042020_87A_8_daf_no comp_RBC_multiple_CD61+_28.png,platelet
../prepare_data_source/revised_clusters/multi/chan2_1204p_12042020_87A_8_daf_no comp_RBC_multiple_CD61+_29.png,../prepare_data_source/revised_clusters/multi/chan3_1204p_12042020_87A_8_daf_no comp_RBC_multiple_CD61+_29.png,../prepare_data_source/revised_clusters/multi/chan7_1204p_12042020_87A_8_daf_no comp_RBC_multiple_CD61+_29.png,../prepare_data_source/revised_clusters/multi/chan11_1204p_12042020_87A_8_daf_no comp_RBC_multiple_CD61+_29.png,platelet
../prepare_data_source/revised_clusters/multi/chan2_1204p_12042020_87A_8_daf_no comp_RBC_multiple_CD61+_3.png,../prepare_data_source/revised_clusters/multi/chan3_1204p_12042020_87A_8_daf_no comp_RBC_multiple_CD61+_3.png,../prepare_data_source/revised_clusters/multi/chan7_1204p_12042020_87A_8_daf_no comp_RBC_multiple_CD61+_3.png,../prepare_data_source/revised_clusters/multi/chan11_1204p_12042020_87A_8_daf_no comp_RBC_multiple_CD61+_3.png,platelet
../prepare_data_source/revised_clusters/multi/chan2_1204p_12042020_87A_8_daf_no comp_RBC_multiple_CD61+_30.png,../prepare_data_source/revised_clusters/multi/chan3_1204p_12042020_87A_8_daf_no comp_RBC_multiple_CD61+_30.png,../prepare_data_source/revised_clusters/multi/chan7_1204p_12042020_87A_8_daf_no comp_RBC_multiple_CD61+_30.png,../prepare_data_source/revised_clusters/multi/chan11_1204p_12042020_87A_8_daf_no comp_RBC_multiple_CD61+_30.png,wbc platelet
../prepare_data_source/revised_clusters/multi/chan2_1204p_12042020_87A_8_daf_no comp_RBC_multiple_CD61+_31.png,../prepare_data_source/revised_clusters/multi/chan3_1204p_12042020_87A_8_daf_no comp_RBC_multiple_CD61+_31.png,../prepare_data_source/revised_clusters/multi/chan7_1204p_12042020_87A_8_daf_no comp_RBC_multiple_CD61+_31.png,../prepare_data_source/revised_clusters/multi/chan11_1204p_12042020_87A_8_daf_no comp_RBC_multiple_CD61+_31.png,wbc platelet
../prepare_data_source/revised_clusters/multi/chan2_1204p_12042020_87A_8_daf_no comp_RBC_multiple_CD61+_32.png,../prepare_data_source/revised_clusters/multi/chan3_1204p_12042020_87A_8_daf_no comp_RBC_multiple_CD61+_32.png,../prepare_data_source/revised_clusters/multi/chan7_1204p_12042020_87A_8_daf_no comp_RBC_multiple_CD61+_32.png,../prepare_data_source/revised_clusters/multi/chan11_1204p_12042020_87A_8_daf_no comp_RBC_multiple_CD61+_32.png,wbc platelet
../prepare_data_source/revised_clusters/multi/chan2_1204p_12042020_87A_8_daf_no comp_RBC_multiple_CD61+_33.png,../prepare_data_source/revised_clusters/multi/chan3_1204p_12042020_87A_8_daf_no comp_RBC_multiple_CD61+_33.png,../prepare_data_source/revised_clusters/multi/chan7_1204p_12042020_87A_8_daf_no comp_RBC_multiple_CD61+_33.png,../prepare_data_source/revised_clusters/multi/chan11_1204p_12042020_87A_8_daf_no comp_RBC_multiple_CD61+_33.png,platelet
../prepare_data_source/revised_clusters/multi/chan2_1204p_12042020_87A_8_daf_no comp_RBC_multiple_CD61+_34.png,../prepare_data_source/revised_clusters/multi/chan3_1204p_12042020_87A_8_daf_no comp_RBC_multiple_CD61+_34.png,../prepare_data_source/revised_clusters/multi/chan7_1204p_12042020_87A_8_daf_no comp_RBC_multiple_CD61+_34.png,../prepare_data_source/revised_clusters/multi/chan11_1204p_12042020_87A_8_daf_no comp_RBC_multiple_CD61+_34.png,wbc platelet
../prepare_data_source/revised_clusters/multi/chan2_1204p_12042020_87A_8_daf_no comp_RBC_multiple_CD61+_35.png,../prepare_data_source/revised_clusters/multi/chan3_1204p_12042020_87A_8_daf_no comp_RBC_multiple_CD61+_35.png,../prepare_data_source/revised_clusters/multi/chan7_1204p_12042020_87A_8_daf_no comp_RBC_multiple_CD61+_35.png,../prepare_data_source/revised_clusters/multi/chan11_1204p_12042020_87A_8_daf_no comp_RBC_multiple_CD61+_35.png,platelet
../prepare_data_source/revised_clusters/multi/chan2_1204p_12042020_87A_8_daf_no comp_RBC_multiple_CD61+_36.png,../prepare_data_source/revised_clusters/multi/chan3_1204p_12042020_87A_8_daf_no comp_RBC_multiple_CD61+_36.png,../prepare_data_source/revised_clusters/multi/chan7_1204p_12042020_87A_8_daf_no comp_RBC_multiple_CD61+_36.png,../prepare_data_source/revised_clusters/multi/chan11_1204p_12042020_87A_8_daf_no comp_RBC_multiple_CD61+_36.png,platelet
../prepare_data_source/revised_clusters/multi/chan2_1204p_12042020_87A_8_daf_no comp_RBC_multiple_CD61+_37.png,../prepare_data_source/revised_clusters/multi/chan3_1204p_12042020_87A_8_daf_no comp_RBC_multiple_CD61+_37.png,../prepare_data_source/revised_clusters/multi/chan7_1204p_12042020_87A_8_daf_no comp_RBC_multiple_CD61+_37.png,../prepare_data_source/revised_clusters/multi/chan11_1204p_12042020_87A_8_daf_no comp_RBC_multiple_CD61+_37.png,wbc platelet
../prepare_data_source/revised_clusters/multi/chan2_1204p_12042020_87A_8_daf_no comp_RBC_multiple_CD61+_38.png,../prepare_data_source/revised_clusters/multi/chan3_1204p_12042020_87A_8_daf_no comp_RBC_multiple_CD61+_38.png,../prepare_data_source/revised_clusters/multi/chan7_1204p_12042020_87A_8_daf_no comp_RBC_multiple_CD61+_38.png,../prepare_data_source/revised_clusters/multi/chan11_1204p_12042020_87A_8_daf_no comp_RBC_multiple_CD61+_38.png,wbc platelet
../prepare_data_source/revised_clusters/multi/chan2_1204p_12042020_87A_8_daf_no comp_RBC_multiple_CD61+_39.png,../prepare_data_source/revised_clusters/multi/chan3_1204p_12042020_87A_8_daf_no comp_RBC_multiple_CD61+_39.png,../prepare_data_source/revised_clusters/multi/chan7_1204p_12042020_87A_8_daf_no comp_RBC_multiple_CD61+_39.png,../prepare_data_source/revised_clusters/multi/chan11_1204p_12042020_87A_8_daf_no comp_RBC_multiple_CD61+_39.png,wbc platelet
../prepare_data_source/revised_clusters/multi/chan2_1204p_12042020_87A_8_daf_no comp_RBC_multiple_CD61+_4.png,../prepare_data_source/revised_clusters/multi/chan3_1204p_12042020_87A_8_daf_no comp_RBC_multiple_CD61+_4.png,../prepare_data_source/revised_clusters/multi/chan7_1204p_12042020_87A_8_daf_no comp_RBC_multiple_CD61+_4.png,../prepare_data_source/revised_clusters/multi/chan11_1204p_12042020_87A_8_daf_no comp_RBC_multiple_CD61+_4.png,wbc platelet
../prepare_data_source/revised_clusters/multi/chan2_1204p_12042020_87A_8_daf_no comp_RBC_multiple_CD61+_40.png,../prepare_data_source/revised_clusters/multi/chan3_1204p_12042020_87A_8_daf_no comp_RBC_multiple_CD61+_40.png,../prepare_data_source/revised_clusters/multi/chan7_1204p_12042020_87A_8_daf_no comp_RBC_multiple_CD61+_40.png,../prepare_data_source/revised_clusters/multi/chan11_1204p_12042020_87A_8_daf_no comp_RBC_multiple_CD61+_40.png,wbc platelet
../prepare_data_source/revised_clusters/multi/chan2_1204p_12042020_87A_8_daf_no comp_RBC_multiple_CD61+_41.png,../prepare_data_source/revised_clusters/multi/chan3_1204p_12042020_87A_8_daf_no comp_RBC_multiple_CD61+_41.png,../prepare_data_source/revised_clusters/multi/chan7_1204p_12042020_87A_8_daf_no comp_RBC_multiple_CD61+_41.png,../prepare_data_source/revised_clusters/multi/chan11_1204p_12042020_87A_8_daf_no comp_RBC_multiple_CD61+_41.png,wbc platelet
../prepare_data_source/revised_clusters/multi/chan2_1204p_12042020_87A_8_daf_no comp_RBC_multiple_CD61+_42.png,../prepare_data_source/revised_clusters/multi/chan3_1204p_12042020_87A_8_daf_no comp_RBC_multiple_CD61+_42.png,../prepare_data_source/revised_clusters/multi/chan7_1204p_12042020_87A_8_daf_no comp_RBC_multiple_CD61+_42.png,../prepare_data_source/revised_clusters/multi/chan11_1204p_12042020_87A_8_daf_no comp_RBC_multiple_CD61+_42.png,wbc platelet
../prepare_data_source/revised_clusters/multi/chan2_1204p_12042020_87A_8_daf_no comp_RBC_multiple_CD61+_43.png,../prepare_data_source/revised_clusters/multi/chan3_1204p_12042020_87A_8_daf_no comp_RBC_multiple_CD61+_43.png,../prepare_data_source/revised_clusters/multi/chan7_1204p_12042020_87A_8_daf_no comp_RBC_multiple_CD61+_43.png,../prepare_data_source/revised_clusters/multi/chan11_1204p_12042020_87A_8_daf_no comp_RBC_multiple_CD61+_43.png,wbc platelet
../prepare_data_source/revised_clusters/multi/chan2_1204p_12042020_87A_8_daf_no comp_RBC_multiple_CD61+_44.png,../prepare_data_source/revised_clusters/multi/chan3_1204p_12042020_87A_8_daf_no comp_RBC_multiple_CD61+_44.png,../prepare_data_source/revised_clusters/multi/chan7_1204p_12042020_87A_8_daf_no comp_RBC_multiple_CD61+_44.png,../prepare_data_source/revised_clusters/multi/chan11_1204p_12042020_87A_8_daf_no comp_RBC_multiple_CD61+_44.png,wbc platelet
../prepare_data_source/revised_clusters/multi/chan2_1204p_12042020_87A_8_daf_no comp_RBC_multiple_CD61+_45.png,../prepare_data_source/revised_clusters/multi/chan3_1204p_12042020_87A_8_daf_no comp_RBC_multiple_CD61+_45.png,../prepare_data_source/revised_clusters/multi/chan7_1204p_12042020_87A_8_daf_no comp_RBC_multiple_CD61+_45.png,../prepare_data_source/revised_clusters/multi/chan11_1204p_12042020_87A_8_daf_no comp_RBC_multiple_CD61+_45.png,platelet
../prepare_data_source/revised_clusters/multi/chan2_1204p_12042020_87A_8_daf_no comp_RBC_multiple_CD61+_46.png,../prepare_data_source/revised_clusters/multi/chan3_1204p_12042020_87A_8_daf_no comp_RBC_multiple_CD61+_46.png,../prepare_data_source/revised_clusters/multi/chan7_1204p_12042020_87A_8_daf_no comp_RBC_multiple_CD61+_46.png,../prepare_data_source/revised_clusters/multi/chan11_1204p_12042020_87A_8_daf_no comp_RBC_multiple_CD61+_46.png,platelet
../prepare_data_source/revised_clusters/multi/chan2_1204p_12042020_87A_8_daf_no comp_RBC_multiple_CD61+_47.png,../prepare_data_source/revised_clusters/multi/chan3_1204p_12042020_87A_8_daf_no comp_RBC_multiple_CD61+_47.png,../prepare_data_source/revised_clusters/multi/chan7_1204p_12042020_87A_8_daf_no comp_RBC_multiple_CD61+_47.png,../prepare_data_source/revised_clusters/multi/chan11_1204p_12042020_87A_8_daf_no comp_RBC_multiple_CD61+_47.png,wbc platelet
../prepare_data_source/revised_clusters/multi/chan2_1204p_12042020_87A_8_daf_no comp_RBC_multiple_CD61+_48.png,../prepare_data_source/revised_clusters/multi/chan3_1204p_12042020_87A_8_daf_no comp_RBC_multiple_CD61+_48.png,../prepare_data_source/revised_clusters/multi/chan7_1204p_12042020_87A_8_daf_no comp_RBC_multiple_CD61+_48.png,../prepare_data_source/revised_clusters/multi/chan11_1204p_12042020_87A_8_daf_no comp_RBC_multiple_CD61+_48.png,wbc platelet
../prepare_data_source/revised_clusters/multi/chan2_1204p_12042020_87A_8_daf_no comp_RBC_multiple_CD61+_49.png,../prepare_data_source/revised_clusters/multi/chan3_1204p_12042020_87A_8_daf_no comp_RBC_multiple_CD61+_49.png,../prepare_data_source/revised_clusters/multi/chan7_1204p_12042020_87A_8_daf_no comp_RBC_multiple_CD61+_49.png,../prepare_data_source/revised_clusters/multi/chan11_1204p_12042020_87A_8_daf_no comp_RBC_multiple_CD61+_49.png,wbc platelet
../prepare_data_source/revised_clusters/multi/chan2_1204p_12042020_87A_8_daf_no comp_RBC_multiple_CD61+_5.png,../prepare_data_source/revised_clusters/multi/chan3_1204p_12042020_87A_8_daf_no comp_RBC_multiple_CD61+_5.png,../prepare_data_source/revised_clusters/multi/chan7_1204p_12042020_87A_8_daf_no comp_RBC_multiple_CD61+_5.png,../prepare_data_source/revised_clusters/multi/chan11_1204p_12042020_87A_8_daf_no comp_RBC_multiple_CD61+_5.png,platelet
../prepare_data_source/revised_clusters/multi/chan2_1204p_12042020_87A_8_daf_no comp_RBC_multiple_CD61+_50.png,../prepare_data_source/revised_clusters/multi/chan3_1204p_12042020_87A_8_daf_no comp_RBC_multiple_CD61+_50.png,../prepare_data_source/revised_clusters/multi/chan7_1204p_12042020_87A_8_daf_no comp_RBC_multiple_CD61+_50.png,../prepare_data_source/revised_clusters/multi/chan11_1204p_12042020_87A_8_daf_no comp_RBC_multiple_CD61+_50.png,wbc platelet
../prepare_data_source/revised_clusters/multi/chan2_1204p_12042020_87A_8_daf_no comp_RBC_multiple_CD61+_51.png,../prepare_data_source/revised_clusters/multi/chan3_1204p_12042020_87A_8_daf_no comp_RBC_multiple_CD61+_51.png,../prepare_data_source/revised_clusters/multi/chan7_1204p_12042020_87A_8_daf_no comp_RBC_multiple_CD61+_51.png,../prepare_data_source/revised_clusters/multi/chan11_1204p_12042020_87A_8_daf_no comp_RBC_multiple_CD61+_51.png,wbc platelet
../prepare_data_source/revised_clusters/multi/chan2_1204p_12042020_87A_8_daf_no comp_RBC_multiple_CD61+_52.png,../prepare_data_source/revised_clusters/multi/chan3_1204p_12042020_87A_8_daf_no comp_RBC_multiple_CD61+_52.png,../prepare_data_source/revised_clusters/multi/chan7_1204p_12042020_87A_8_daf_no comp_RBC_multiple_CD61+_52.png,../prepare_data_source/revised_clusters/multi/chan11_1204p_12042020_87A_8_daf_no comp_RBC_multiple_CD61+_52.png,wbc platelet
../prepare_data_source/revised_clusters/multi/chan2_1204p_12042020_87A_8_daf_no comp_RBC_multiple_CD61+_53.png,../prepare_data_source/revised_clusters/multi/chan3_1204p_12042020_87A_8_daf_no comp_RBC_multiple_CD61+_53.png,../prepare_data_source/revised_clusters/multi/chan7_1204p_12042020_87A_8_daf_no comp_RBC_multiple_CD61+_53.png,../prepare_data_source/revised_clusters/multi/chan11_1204p_12042020_87A_8_daf_no comp_RBC_multiple_CD61+_53.png,wbc platelet
../prepare_data_source/revised_clusters/multi/chan2_1204p_12042020_87A_8_daf_no comp_RBC_multiple_CD61+_54.png,../prepare_data_source/revised_clusters/multi/chan3_1204p_12042020_87A_8_daf_no comp_RBC_multiple_CD61+_54.png,../prepare_data_source/revised_clusters/multi/chan7_1204p_12042020_87A_8_daf_no comp_RBC_multiple_CD61+_54.png,../prepare_data_source/revised_clusters/multi/chan11_1204p_12042020_87A_8_daf_no comp_RBC_multiple_CD61+_54.png,wbc platelet
../prepare_data_source/revised_clusters/multi/chan2_1204p_12042020_87A_8_daf_no comp_RBC_multiple_CD61+_55.png,../prepare_data_source/revised_clusters/multi/chan3_1204p_12042020_87A_8_daf_no comp_RBC_multiple_CD61+_55.png,../prepare_data_source/revised_clusters/multi/chan7_1204p_12042020_87A_8_daf_no comp_RBC_multiple_CD61+_55.png,../prepare_data_source/revised_clusters/multi/chan11_1204p_12042020_87A_8_daf_no comp_RBC_multiple_CD61+_55.png,wbc platelet
../prepare_data_source/revised_clusters/multi/chan2_1204p_12042020_87A_8_daf_no comp_RBC_multiple_CD61+_56.png,../prepare_data_source/revised_clusters/multi/chan3_1204p_12042020_87A_8_daf_no comp_RBC_multiple_CD61+_56.png,../prepare_data_source/revised_clusters/multi/chan7_1204p_12042020_87A_8_daf_no comp_RBC_multiple_CD61+_56.png,../prepare_data_source/revised_clusters/multi/chan11_1204p_12042020_87A_8_daf_no comp_RBC_multiple_CD61+_56.png,platelet
../prepare_data_source/revised_clusters/multi/chan2_1204p_12042020_87A_8_daf_no comp_RBC_multiple_CD61+_57.png,../prepare_data_source/revised_clusters/multi/chan3_1204p_12042020_87A_8_daf_no comp_RBC_multiple_CD61+_57.png,../prepare_data_source/revised_clusters/multi/chan7_1204p_12042020_87A_8_daf_no comp_RBC_multiple_CD61+_57.png,../prepare_data_source/revised_clusters/multi/chan11_1204p_12042020_87A_8_daf_no comp_RBC_multiple_CD61+_57.png,wbc platelet
../prepare_data_source/revised_clusters/multi/chan2_1204p_12042020_87A_8_daf_no comp_RBC_multiple_CD61+_58.png,../prepare_data_source/revised_clusters/multi/chan3_1204p_12042020_87A_8_daf_no comp_RBC_multiple_CD61+_58.png,../prepare_data_source/revised_clusters/multi/chan7_1204p_12042020_87A_8_daf_no comp_RBC_multiple_CD61+_58.png,../prepare_data_source/revised_clusters/multi/chan11_1204p_12042020_87A_8_daf_no comp_RBC_multiple_CD61+_58.png,wbc platelet
../prepare_data_source/revised_clusters/multi/chan2_1204p_12042020_87A_8_daf_no comp_RBC_multiple_CD61+_59.png,../prepare_data_source/revised_clusters/multi/chan3_1204p_12042020_87A_8_daf_no comp_RBC_multiple_CD61+_59.png,../prepare_data_source/revised_clusters/multi/chan7_1204p_12042020_87A_8_daf_no comp_RBC_multiple_CD61+_59.png,../prepare_data_source/revised_clusters/multi/chan11_1204p_12042020_87A_8_daf_no comp_RBC_multiple_CD61+_59.png,wbc platelet
../prepare_data_source/revised_clusters/multi/chan2_1204p_12042020_87A_8_daf_no comp_RBC_multiple_CD61+_6.png,../prepare_data_source/revised_clusters/multi/chan3_1204p_12042020_87A_8_daf_no comp_RBC_multiple_CD61+_6.png,../prepare_data_source/revised_clusters/multi/chan7_1204p_12042020_87A_8_daf_no comp_RBC_multiple_CD61+_6.png,../prepare_data_source/revised_clusters/multi/chan11_1204p_12042020_87A_8_daf_no comp_RBC_multiple_CD61+_6.png,wbc platelet
../prepare_data_source/revised_clusters/multi/chan2_1204p_12042020_87A_8_daf_no comp_RBC_multiple_CD61+_60.png,../prepare_data_source/revised_clusters/multi/chan3_1204p_12042020_87A_8_daf_no comp_RBC_multiple_CD61+_60.png,../prepare_data_source/revised_clusters/multi/chan7_1204p_12042020_87A_8_daf_no comp_RBC_multiple_CD61+_60.png,../prepare_data_source/revised_clusters/multi/chan11_1204p_12042020_87A_8_daf_no comp_RBC_multiple_CD61+_60.png,wbc platelet
../prepare_data_source/revised_clusters/multi/chan2_1204p_12042020_87A_8_daf_no comp_RBC_multiple_CD61+_61.png,../prepare_data_source/revised_clusters/multi/chan3_1204p_12042020_87A_8_daf_no comp_RBC_multiple_CD61+_61.png,../prepare_data_source/revised_clusters/multi/chan7_1204p_12042020_87A_8_daf_no comp_RBC_multiple_CD61+_61.png,../prepare_data_source/revised_clusters/multi/chan11_1204p_12042020_87A_8_daf_no comp_RBC_multiple_CD61+_61.png,wbc platelet
../prepare_data_source/revised_clusters/multi/chan2_1204p_12042020_87A_8_daf_no comp_RBC_multiple_CD61+_62.png,../prepare_data_source/revised_clusters/multi/chan3_1204p_12042020_87A_8_daf_no comp_RBC_multiple_CD61+_62.png,../prepare_data_source/revised_clusters/multi/chan7_1204p_12042020_87A_8_daf_no comp_RBC_multiple_CD61+_62.png,../prepare_data_source/revised_clusters/multi/chan11_1204p_12042020_87A_8_daf_no comp_RBC_multiple_CD61+_62.png,wbc platelet
../prepare_data_source/revised_clusters/multi/chan2_1204p_12042020_87A_8_daf_no comp_RBC_multiple_CD61+_63.png,../prepare_data_source/revised_clusters/multi/chan3_1204p_12042020_87A_8_daf_no comp_RBC_multiple_CD61+_63.png,../prepare_data_source/revised_clusters/multi/chan7_1204p_12042020_87A_8_daf_no comp_RBC_multiple_CD61+_63.png,../prepare_data_source/revised_clusters/multi/chan11_1204p_12042020_87A_8_daf_no comp_RBC_multiple_CD61+_63.png,wbc platelet
../prepare_data_source/revised_clusters/multi/chan2_1204p_12042020_87A_8_daf_no comp_RBC_multiple_CD61+_64.png,../prepare_data_source/revised_clusters/multi/chan3_1204p_12042020_87A_8_daf_no comp_RBC_multiple_CD61+_64.png,../prepare_data_source/revised_clusters/multi/chan7_1204p_12042020_87A_8_daf_no comp_RBC_multiple_CD61+_64.png,../prepare_data_source/revised_clusters/multi/chan11_1204p_12042020_87A_8_daf_no comp_RBC_multiple_CD61+_64.png,wbc platelet
../prepare_data_source/revised_clusters/multi/chan2_1204p_12042020_87A_8_daf_no comp_RBC_multiple_CD61+_65.png,../prepare_data_source/revised_clusters/multi/chan3_1204p_12042020_87A_8_daf_no comp_RBC_multiple_CD61+_65.png,../prepare_data_source/revised_clusters/multi/chan7_1204p_12042020_87A_8_daf_no comp_RBC_multiple_CD61+_65.png,../prepare_data_source/revised_clusters/multi/chan11_1204p_12042020_87A_8_daf_no comp_RBC_multiple_CD61+_65.png,wbc platelet
../prepare_data_source/revised_clusters/multi/chan2_1204p_12042020_87A_8_daf_no comp_RBC_multiple_CD61+_66.png,../prepare_data_source/revised_clusters/multi/chan3_1204p_12042020_87A_8_daf_no comp_RBC_multiple_CD61+_66.png,../prepare_data_source/revised_clusters/multi/chan7_1204p_12042020_87A_8_daf_no comp_RBC_multiple_CD61+_66.png,../prepare_data_source/revised_clusters/multi/chan11_1204p_12042020_87A_8_daf_no comp_RBC_multiple_CD61+_66.png,wbc platelet
../prepare_data_source/revised_clusters/multi/chan2_1204p_12042020_87A_8_daf_no comp_RBC_multiple_CD61+_67.png,../prepare_data_source/revised_clusters/multi/chan3_1204p_12042020_87A_8_daf_no comp_RBC_multiple_CD61+_67.png,../prepare_data_source/revised_clusters/multi/chan7_1204p_12042020_87A_8_daf_no comp_RBC_multiple_CD61+_67.png,../prepare_data_source/revised_clusters/multi/chan11_1204p_12042020_87A_8_daf_no comp_RBC_multiple_CD61+_67.png,wbc platelet
../prepare_data_source/revised_clusters/multi/chan2_1204p_12042020_87A_8_daf_no comp_RBC_multiple_CD61+_68.png,../prepare_data_source/revised_clusters/multi/chan3_1204p_12042020_87A_8_daf_no comp_RBC_multiple_CD61+_68.png,../prepare_data_source/revised_clusters/multi/chan7_1204p_12042020_87A_8_daf_no comp_RBC_multiple_CD61+_68.png,../prepare_data_source/revised_clusters/multi/chan11_1204p_12042020_87A_8_daf_no comp_RBC_multiple_CD61+_68.png,wbc platelet
../prepare_data_source/revised_clusters/multi/chan2_1204p_12042020_87A_8_daf_no comp_RBC_multiple_CD61+_69.png,../prepare_data_source/revised_clusters/multi/chan3_1204p_12042020_87A_8_daf_no comp_RBC_multiple_CD61+_69.png,../prepare_data_source/revised_clusters/multi/chan7_1204p_12042020_87A_8_daf_no comp_RBC_multiple_CD61+_69.png,../prepare_data_source/revised_clusters/multi/chan11_1204p_12042020_87A_8_daf_no comp_RBC_multiple_CD61+_69.png,platelet
../prepare_data_source/revised_clusters/multi/chan2_1204p_12042020_87A_8_daf_no comp_RBC_multiple_CD61+_7.png,../prepare_data_source/revised_clusters/multi/chan3_1204p_12042020_87A_8_daf_no comp_RBC_multiple_CD61+_7.png,../prepare_data_source/revised_clusters/multi/chan7_1204p_12042020_87A_8_daf_no comp_RBC_multiple_CD61+_7.png,../prepare_data_source/revised_clusters/multi/chan11_1204p_12042020_87A_8_daf_no comp_RBC_multiple_CD61+_7.png,platelet
../prepare_data_source/revised_clusters/multi/chan2_1204p_12042020_87A_8_daf_no comp_RBC_multiple_CD61+_70.png,../prepare_data_source/revised_clusters/multi/chan3_1204p_12042020_87A_8_daf_no comp_RBC_multiple_CD61+_70.png,../prepare_data_source/revised_clusters/multi/chan7_1204p_12042020_87A_8_daf_no comp_RBC_multiple_CD61+_70.png,../prepare_data_source/revised_clusters/multi/chan11_1204p_12042020_87A_8_daf_no comp_RBC_multiple_CD61+_70.png,wbc platelet
../prepare_data_source/revised_clusters/multi/chan2_1204p_12042020_87A_8_daf_no comp_RBC_multiple_CD61+_71.png,../prepare_data_source/revised_clusters/multi/chan3_1204p_12042020_87A_8_daf_no comp_RBC_multiple_CD61+_71.png,../prepare_data_source/revised_clusters/multi/chan7_1204p_12042020_87A_8_daf_no comp_RBC_multiple_CD61+_71.png,../prepare_data_source/revised_clusters/multi/chan11_1204p_12042020_87A_8_daf_no comp_RBC_multiple_CD61+_71.png,wbc platelet
../prepare_data_source/revised_clusters/multi/chan2_1204p_12042020_87A_8_daf_no comp_RBC_multiple_CD61+_72.png,../prepare_data_source/revised_clusters/multi/chan3_1204p_12042020_87A_8_daf_no comp_RBC_multiple_CD61+_72.png,../prepare_data_source/revised_clusters/multi/chan7_1204p_12042020_87A_8_daf_no comp_RBC_multiple_CD61+_72.png,../prepare_data_source/revised_clusters/multi/chan11_1204p_12042020_87A_8_daf_no comp_RBC_multiple_CD61+_72.png,wbc platelet
../prepare_data_source/revised_clusters/multi/chan2_1204p_12042020_87A_8_daf_no comp_RBC_multiple_CD61+_73.png,../prepare_data_source/revised_clusters/multi/chan3_1204p_12042020_87A_8_daf_no comp_RBC_multiple_CD61+_73.png,../prepare_data_source/revised_clusters/multi/chan7_1204p_12042020_87A_8_daf_no comp_RBC_multiple_CD61+_73.png,../prepare_data_source/revised_clusters/multi/chan11_1204p_12042020_87A_8_daf_no comp_RBC_multiple_CD61+_73.png,wbc platelet
../prepare_data_source/revised_clusters/multi/chan2_1204p_12042020_87A_8_daf_no comp_RBC_multiple_CD61+_74.png,../prepare_data_source/revised_clusters/multi/chan3_1204p_12042020_87A_8_daf_no comp_RBC_multiple_CD61+_74.png,../prepare_data_source/revised_clusters/multi/chan7_1204p_12042020_87A_8_daf_no comp_RBC_multiple_CD61+_74.png,../prepare_data_source/revised_clusters/multi/chan11_1204p_12042020_87A_8_daf_no comp_RBC_multiple_CD61+_74.png,wbc platelet
../prepare_data_source/revised_clusters/multi/chan2_1204p_12042020_87A_8_daf_no comp_RBC_multiple_CD61+_75.png,../prepare_data_source/revised_clusters/multi/chan3_1204p_12042020_87A_8_daf_no comp_RBC_multiple_CD61+_75.png,../prepare_data_source/revised_clusters/multi/chan7_1204p_12042020_87A_8_daf_no comp_RBC_multiple_CD61+_75.png,../prepare_data_source/revised_clusters/multi/chan11_1204p_12042020_87A_8_daf_no comp_RBC_multiple_CD61+_75.png,platelet
../prepare_data_source/revised_clusters/multi/chan2_1204p_12042020_87A_8_daf_no comp_RBC_multiple_CD61+_76.png,../prepare_data_source/revised_clusters/multi/chan3_1204p_12042020_87A_8_daf_no comp_RBC_multiple_CD61+_76.png,../prepare_data_source/revised_clusters/multi/chan7_1204p_12042020_87A_8_daf_no comp_RBC_multiple_CD61+_76.png,../prepare_data_source/revised_clusters/multi/chan11_1204p_12042020_87A_8_daf_no comp_RBC_multiple_CD61+_76.png,wbc platelet
../prepare_data_source/revised_clusters/multi/chan2_1204p_12042020_87A_8_daf_no comp_RBC_multiple_CD61+_77.png,../prepare_data_source/revised_clusters/multi/chan3_1204p_12042020_87A_8_daf_no comp_RBC_multiple_CD61+_77.png,../prepare_data_source/revised_clusters/multi/chan7_1204p_12042020_87A_8_daf_no comp_RBC_multiple_CD61+_77.png,../prepare_data_source/revised_clusters/multi/chan11_1204p_12042020_87A_8_daf_no comp_RBC_multiple_CD61+_77.png,wbc platelet
../prepare_data_source/revised_clusters/multi/chan2_1204p_12042020_87A_8_daf_no comp_RBC_multiple_CD61+_78.png,../prepare_data_source/revised_clusters/multi/chan3_1204p_12042020_87A_8_daf_no comp_RBC_multiple_CD61+_78.png,../prepare_data_source/revised_clusters/multi/chan7_1204p_12042020_87A_8_daf_no comp_RBC_multiple_CD61+_78.png,../prepare_data_source/revised_clusters/multi/chan11_1204p_12042020_87A_8_daf_no comp_RBC_multiple_CD61+_78.png,wbc platelet
../prepare_data_source/revised_clusters/multi/chan2_1204p_12042020_87A_8_daf_no comp_RBC_multiple_CD61+_79.png,../prepare_data_source/revised_clusters/multi/chan3_1204p_12042020_87A_8_daf_no comp_RBC_multiple_CD61+_79.png,../prepare_data_source/revised_clusters/multi/chan7_1204p_12042020_87A_8_daf_no comp_RBC_multiple_CD61+_79.png,../prepare_data_source/revised_clusters/multi/chan11_1204p_12042020_87A_8_daf_no comp_RBC_multiple_CD61+_79.png,wbc platelet
../prepare_data_source/revised_clusters/multi/chan2_1204p_12042020_87A_8_daf_no comp_RBC_multiple_CD61+_8.png,../prepare_data_source/revised_clusters/multi/chan3_1204p_12042020_87A_8_daf_no comp_RBC_multiple_CD61+_8.png,../prepare_data_source/revised_clusters/multi/chan7_1204p_12042020_87A_8_daf_no comp_RBC_multiple_CD61+_8.png,../prepare_data_source/revised_clusters/multi/chan11_1204p_12042020_87A_8_daf_no comp_RBC_multiple_CD61+_8.png,wbc platelet
../prepare_data_source/revised_clusters/multi/chan2_1204p_12042020_87A_8_daf_no comp_RBC_multiple_CD61+_80.png,../prepare_data_source/revised_clusters/multi/chan3_1204p_12042020_87A_8_daf_no comp_RBC_multiple_CD61+_80.png,../prepare_data_source/revised_clusters/multi/chan7_1204p_12042020_87A_8_daf_no comp_RBC_multiple_CD61+_80.png,../prepare_data_source/revised_clusters/multi/chan11_1204p_12042020_87A_8_daf_no comp_RBC_multiple_CD61+_80.png,platelet
../prepare_data_source/revised_clusters/multi/chan2_1204p_12042020_87A_8_daf_no comp_RBC_multiple_CD61+_81.png,../prepare_data_source/revised_clusters/multi/chan3_1204p_12042020_87A_8_daf_no comp_RBC_multiple_CD61+_81.png,../prepare_data_source/revised_clusters/multi/chan7_1204p_12042020_87A_8_daf_no comp_RBC_multiple_CD61+_81.png,../prepare_data_source/revised_clusters/multi/chan11_1204p_12042020_87A_8_daf_no comp_RBC_multiple_CD61+_81.png,wbc platelet
../prepare_data_source/revised_clusters/multi/chan2_1204p_12042020_87A_8_daf_no comp_RBC_multiple_CD61+_82.png,../prepare_data_source/revised_clusters/multi/chan3_1204p_12042020_87A_8_daf_no comp_RBC_multiple_CD61+_82.png,../prepare_data_source/revised_clusters/multi/chan7_1204p_12042020_87A_8_daf_no comp_RBC_multiple_CD61+_82.png,../prepare_data_source/revised_clusters/multi/chan11_1204p_12042020_87A_8_daf_no comp_RBC_multiple_CD61+_82.png,wbc platelet
../prepare_data_source/revised_clusters/multi/chan2_1204p_12042020_87A_8_daf_no comp_RBC_multiple_CD61+_83.png,../prepare_data_source/revised_clusters/multi/chan3_1204p_12042020_87A_8_daf_no comp_RBC_multiple_CD61+_83.png,../prepare_data_source/revised_clusters/multi/chan7_1204p_12042020_87A_8_daf_no comp_RBC_multiple_CD61+_83.png,../prepare_data_source/revised_clusters/multi/chan11_1204p_12042020_87A_8_daf_no comp_RBC_multiple_CD61+_83.png,wbc platelet
../prepare_data_source/revised_clusters/multi/chan2_1204p_12042020_87A_8_daf_no comp_RBC_multiple_CD61+_84.png,../prepare_data_source/revised_clusters/multi/chan3_1204p_12042020_87A_8_daf_no comp_RBC_multiple_CD61+_84.png,../prepare_data_source/revised_clusters/multi/chan7_1204p_12042020_87A_8_daf_no comp_RBC_multiple_CD61+_84.png,../prepare_data_source/revised_clusters/multi/chan11_1204p_12042020_87A_8_daf_no comp_RBC_multiple_CD61+_84.png,wbc platelet
../prepare_data_source/revised_clusters/multi/chan2_1204p_12042020_87A_8_daf_no comp_RBC_multiple_CD61+_85.png,../prepare_data_source/revised_clusters/multi/chan3_1204p_12042020_87A_8_daf_no comp_RBC_multiple_CD61+_85.png,../prepare_data_source/revised_clusters/multi/chan7_1204p_12042020_87A_8_daf_no comp_RBC_multiple_CD61+_85.png,../prepare_data_source/revised_clusters/multi/chan11_1204p_12042020_87A_8_daf_no comp_RBC_multiple_CD61+_85.png,wbc platelet
../prepare_data_source/revised_clusters/multi/chan2_1204p_12042020_87A_8_daf_no comp_RBC_multiple_CD61+_86.png,../prepare_data_source/revised_clusters/multi/chan3_1204p_12042020_87A_8_daf_no comp_RBC_multiple_CD61+_86.png,../prepare_data_source/revised_clusters/multi/chan7_1204p_12042020_87A_8_daf_no comp_RBC_multiple_CD61+_86.png,../prepare_data_source/revised_clusters/multi/chan11_1204p_12042020_87A_8_daf_no comp_RBC_multiple_CD61+_86.png,platelet
../prepare_data_source/revised_clusters/multi/chan2_1204p_12042020_87A_8_daf_no comp_RBC_multiple_CD61+_87.png,../prepare_data_source/revised_clusters/multi/chan3_1204p_12042020_87A_8_daf_no comp_RBC_multiple_CD61+_87.png,../prepare_data_source/revised_clusters/multi/chan7_1204p_12042020_87A_8_daf_no comp_RBC_multiple_CD61+_87.png,../prepare_data_source/revised_clusters/multi/chan11_1204p_12042020_87A_8_daf_no comp_RBC_multiple_CD61+_87.png,wbc platelet
../prepare_data_source/revised_clusters/multi/chan2_1204p_12042020_87A_8_daf_no comp_RBC_multiple_CD61+_88.png,../prepare_data_source/revised_clusters/multi/chan3_1204p_12042020_87A_8_daf_no comp_RBC_multiple_CD61+_88.png,../prepare_data_source/revised_clusters/multi/chan7_1204p_12042020_87A_8_daf_no comp_RBC_multiple_CD61+_88.png,../prepare_data_source/revised_clusters/multi/chan11_1204p_12042020_87A_8_daf_no comp_RBC_multiple_CD61+_88.png,wbc platelet
../prepare_data_source/revised_clusters/multi/chan2_1204p_12042020_87A_8_daf_no comp_RBC_multiple_CD61+_89.png,../prepare_data_source/revised_clusters/multi/chan3_1204p_12042020_87A_8_daf_no comp_RBC_multiple_CD61+_89.png,../prepare_data_source/revised_clusters/multi/chan7_1204p_12042020_87A_8_daf_no comp_RBC_multiple_CD61+_89.png,../prepare_data_source/revised_clusters/multi/chan11_1204p_12042020_87A_8_daf_no comp_RBC_multiple_CD61+_89.png,wbc platelet
../prepare_data_source/revised_clusters/multi/chan2_1204p_12042020_87A_8_daf_no comp_RBC_multiple_CD61+_9.png,../prepare_data_source/revised_clusters/multi/chan3_1204p_12042020_87A_8_daf_no comp_RBC_multiple_CD61+_9.png,../prepare_data_source/revised_clusters/multi/chan7_1204p_12042020_87A_8_daf_no comp_RBC_multiple_CD61+_9.png,../prepare_data_source/revised_clusters/multi/chan11_1204p_12042020_87A_8_daf_no comp_RBC_multiple_CD61+_9.png,wbc platelet
../prepare_data_source/revised_clusters/multi/chan2_1204p_12042020_87A_8_daf_no comp_RBC_multiple_CD61+_90.png,../prepare_data_source/revised_clusters/multi/chan3_1204p_12042020_87A_8_daf_no comp_RBC_multiple_CD61+_90.png,../prepare_data_source/revised_clusters/multi/chan7_1204p_12042020_87A_8_daf_no comp_RBC_multiple_CD61+_90.png,../prepare_data_source/revised_clusters/multi/chan11_1204p_12042020_87A_8_daf_no comp_RBC_multiple_CD61+_90.png,wbc platelet
../prepare_data_source/revised_clusters/multi/chan2_1204p_12042020_87A_8_daf_no comp_RBC_multiple_CD61+_91.png,../prepare_data_source/revised_clusters/multi/chan3_1204p_12042020_87A_8_daf_no comp_RBC_multiple_CD61+_91.png,../prepare_data_source/revised_clusters/multi/chan7_1204p_12042020_87A_8_daf_no comp_RBC_multiple_CD61+_91.png,../prepare_data_source/revised_clusters/multi/chan11_1204p_12042020_87A_8_daf_no comp_RBC_multiple_CD61+_91.png,wbc platelet
../prepare_data_source/revised_clusters/multi/chan2_1204p_12042020_87A_8_daf_no comp_RBC_multiple_CD61+_92.png,../prepare_data_source/revised_clusters/multi/chan3_1204p_12042020_87A_8_daf_no comp_RBC_multiple_CD61+_92.png,../prepare_data_source/revised_clusters/multi/chan7_1204p_12042020_87A_8_daf_no comp_RBC_multiple_CD61+_92.png,../prepare_data_source/revised_clusters/multi/chan11_1204p_12042020_87A_8_daf_no comp_RBC_multiple_CD61+_92.png,wbc platelet
../prepare_data_source/revised_clusters/multi/chan2_1204p_12042020_87A_8_daf_no comp_RBC_multiple_CD61+_93.png,../prepare_data_source/revised_clusters/multi/chan3_1204p_12042020_87A_8_daf_no comp_RBC_multiple_CD61+_93.png,../prepare_data_source/revised_clusters/multi/chan7_1204p_12042020_87A_8_daf_no comp_RBC_multiple_CD61+_93.png,../prepare_data_source/revised_clusters/multi/chan11_1204p_12042020_87A_8_daf_no comp_RBC_multiple_CD61+_93.png,wbc platelet
../prepare_data_source/revised_clusters/multi/chan2_1204p_12042020_87A_8_daf_no comp_RBC_multiple_CD61+_94.png,../prepare_data_source/revised_clusters/multi/chan3_1204p_12042020_87A_8_daf_no comp_RBC_multiple_CD61+_94.png,../prepare_data_source/revised_clusters/multi/chan7_1204p_12042020_87A_8_daf_no comp_RBC_multiple_CD61+_94.png,../prepare_data_source/revised_clusters/multi/chan11_1204p_12042020_87A_8_daf_no comp_RBC_multiple_CD61+_94.png,wbc platelet
../prepare_data_source/revised_clusters/multi/chan2_1204p_12042020_87A_8_daf_no comp_RBC_multiple_CD61+_95.png,../prepare_data_source/revised_clusters/multi/chan3_1204p_12042020_87A_8_daf_no comp_RBC_multiple_CD61+_95.png,../prepare_data_source/revised_clusters/multi/chan7_1204p_12042020_87A_8_daf_no comp_RBC_multiple_CD61+_95.png,../prepare_data_source/revised_clusters/multi/chan11_1204p_12042020_87A_8_daf_no comp_RBC_multiple_CD61+_95.png,platelet
../prepare_data_source/revised_clusters/multi/chan2_1204p_12042020_87A_8_daf_no comp_RBC_multiple_CD61+_96.png,../prepare_data_source/revised_clusters/multi/chan3_1204p_12042020_87A_8_daf_no comp_RBC_multiple_CD61+_96.png,../prepare_data_source/revised_clusters/multi/chan7_1204p_12042020_87A_8_daf_no comp_RBC_multiple_CD61+_96.png,../prepare_data_source/revised_clusters/multi/chan11_1204p_12042020_87A_8_daf_no comp_RBC_multiple_CD61+_96.png,wbc platelet
../prepare_data_source/revised_clusters/multi/chan2_1204p_12042020_87A_8_daf_no comp_RBC_multiple_CD61+_97.png,../prepare_data_source/revised_clusters/multi/chan3_1204p_12042020_87A_8_daf_no comp_RBC_multiple_CD61+_97.png,../prepare_data_source/revised_clusters/multi/chan7_1204p_12042020_87A_8_daf_no comp_RBC_multiple_CD61+_97.png,../prepare_data_source/revised_clusters/multi/chan11_1204p_12042020_87A_8_daf_no comp_RBC_multiple_CD61+_97.png,wbc platelet
../prepare_data_source/revised_clusters/multi/chan2_1204p_12042020_87A_8_daf_no comp_RBC_multiple_CD61+_98.png,../prepare_data_source/revised_clusters/multi/chan3_1204p_12042020_87A_8_daf_no comp_RBC_multiple_CD61+_98.png,../prepare_data_source/revised_clusters/multi/chan7_1204p_12042020_87A_8_daf_no comp_RBC_multiple_CD61+_98.png,../prepare_data_source/revised_clusters/multi/chan11_1204p_12042020_87A_8_daf_no comp_RBC_multiple_CD61+_98.png,wbc platelet
../prepare_data_source/revised_clusters/multi/chan2_1204p_12042020_87A_8_daf_no comp_RBC_multiple_CD61+_99.png,../prepare_data_source/revised_clusters/multi/chan3_1204p_12042020_87A_8_daf_no comp_RBC_multiple_CD61+_99.png,../prepare_data_source/revised_clusters/multi/chan7_1204p_12042020_87A_8_daf_no comp_RBC_multiple_CD61+_99.png,../prepare_data_source/revised_clusters/multi/chan11_1204p_12042020_87A_8_daf_no comp_RBC_multiple_CD61+_99.png,wbc platelet
../prepare_data_source/revised_clusters/multi/chan2_1204p_12042020_87A_8_RBC_multiple_CD61+_15.png,../prepare_data_source/revised_clusters/multi/chan3_1204p_12042020_87A_8_RBC_multiple_CD61+_15.png,../prepare_data_source/revised_clusters/multi/chan7_1204p_12042020_87A_8_RBC_multiple_CD61+_15.png,../prepare_data_source/revised_clusters/multi/chan11_1204p_12042020_87A_8_RBC_multiple_CD61+_15.png,platelet
../prepare_data_source/revised_clusters/multi/chan2_1204p_12042020_87A_8_RBC_multiple_CD61+_22.png,../prepare_data_source/revised_clusters/multi/chan3_1204p_12042020_87A_8_RBC_multiple_CD61+_22.png,../prepare_data_source/revised_clusters/multi/chan7_1204p_12042020_87A_8_RBC_multiple_CD61+_22.png,../prepare_data_source/revised_clusters/multi/chan11_1204p_12042020_87A_8_RBC_multiple_CD61+_22.png,wbc platelet
../prepare_data_source/revised_clusters/multi/chan2_1204p_12042020_87A_8_RBC_multiple_CD61+_26.png,../prepare_data_source/revised_clusters/multi/chan3_1204p_12042020_87A_8_RBC_multiple_CD61+_26.png,../prepare_data_source/revised_clusters/multi/chan7_1204p_12042020_87A_8_RBC_multiple_CD61+_26.png,../prepare_data_source/revised_clusters/multi/chan11_1204p_12042020_87A_8_RBC_multiple_CD61+_26.png,wbc platelet
../prepare_data_source/revised_clusters/multi/chan2_1204p_12042020_87A_8_RBC_multiple_CD61+_41.png,../prepare_data_source/revised_clusters/multi/chan3_1204p_12042020_87A_8_RBC_multiple_CD61+_41.png,../prepare_data_source/revised_clusters/multi/chan7_1204p_12042020_87A_8_RBC_multiple_CD61+_41.png,../prepare_data_source/revised_clusters/multi/chan11_1204p_12042020_87A_8_RBC_multiple_CD61+_41.png,wbc platelet
../prepare_data_source/revised_clusters/multi/chan2_1204p_12042020_87A_8_RBC_multiple_CD61+_63.png,../prepare_data_source/revised_clusters/multi/chan3_1204p_12042020_87A_8_RBC_multiple_CD61+_63.png,../prepare_data_source/revised_clusters/multi/chan7_1204p_12042020_87A_8_RBC_multiple_CD61+_63.png,../prepare_data_source/revised_clusters/multi/chan11_1204p_12042020_87A_8_RBC_multiple_CD61+_63.png,wbc platelet
../prepare_data_source/revised_clusters/multi/chan2_1204p_12042020_87A_8_RBC_multiple_CD61+_69.png,../prepare_data_source/revised_clusters/multi/chan3_1204p_12042020_87A_8_RBC_multiple_CD61+_69.png,../prepare_data_source/revised_clusters/multi/chan7_1204p_12042020_87A_8_RBC_multiple_CD61+_69.png,../prepare_data_source/revised_clusters/multi/chan11_1204p_12042020_87A_8_RBC_multiple_CD61+_69.png,wbc platelet
../prepare_data_source/revised_clusters/multi/chan2_1204p_12042020_94B_10_RBC_multiple_CD61+_1.png,../prepare_data_source/revised_clusters/multi/chan3_1204p_12042020_94B_10_RBC_multiple_CD61+_1.png,../prepare_data_source/revised_clusters/multi/chan7_1204p_12042020_94B_10_RBC_multiple_CD61+_1.png,../prepare_data_source/revised_clusters/multi/chan11_1204p_12042020_94B_10_RBC_multiple_CD61+_1.png,wbc platelet
../prepare_data_source/revised_clusters/multi/chan2_1204p_12042020_94B_10_RBC_multiple_CD61+_10.png,../prepare_data_source/revised_clusters/multi/chan3_1204p_12042020_94B_10_RBC_multiple_CD61+_10.png,../prepare_data_source/revised_clusters/multi/chan7_1204p_12042020_94B_10_RBC_multiple_CD61+_10.png,../prepare_data_source/revised_clusters/multi/chan11_1204p_12042020_94B_10_RBC_multiple_CD61+_10.png,rbc
../prepare_data_source/revised_clusters/multi/chan2_1204p_12042020_94B_10_RBC_multiple_CD61+_100.png,../prepare_data_source/revised_clusters/multi/chan3_1204p_12042020_94B_10_RBC_multiple_CD61+_100.png,../prepare_data_source/revised_clusters/multi/chan7_1204p_12042020_94B_10_RBC_multiple_CD61+_100.png,../prepare_data_source/revised_clusters/multi/chan11_1204p_12042020_94B_10_RBC_multiple_CD61+_100.png,wbc platelet
../prepare_data_source/revised_clusters/multi/chan2_1204p_12042020_94B_10_RBC_multiple_CD61+_101.png,../prepare_data_source/revised_clusters/multi/chan3_1204p_12042020_94B_10_RBC_multiple_CD61+_101.png,../prepare_data_source/revised_clusters/multi/chan7_1204p_12042020_94B_10_RBC_multiple_CD61+_101.png,../prepare_data_source/revised_clusters/multi/chan11_1204p_12042020_94B_10_RBC_multiple_CD61+_101.png,wbc
../prepare_data_source/revised_clusters/multi/chan2_1204p_12042020_94B_10_RBC_multiple_CD61+_102.png,../prepare_data_source/revised_clusters/multi/chan3_1204p_12042020_94B_10_RBC_multiple_CD61+_102.png,../prepare_data_source/revised_clusters/multi/chan7_1204p_12042020_94B_10_RBC_multiple_CD61+_102.png,../prepare_data_source/revised_clusters/multi/chan11_1204p_12042020_94B_10_RBC_multiple_CD61+_102.png,wbc platelet
../prepare_data_source/revised_clusters/multi/chan2_1204p_12042020_94B_10_RBC_multiple_CD61+_103.png,../prepare_data_source/revised_clusters/multi/chan3_1204p_12042020_94B_10_RBC_multiple_CD61+_103.png,../prepare_data_source/revised_clusters/multi/chan7_1204p_12042020_94B_10_RBC_multiple_CD61+_103.png,../prepare_data_source/revised_clusters/multi/chan11_1204p_12042020_94B_10_RBC_multiple_CD61+_103.png,platelet
../prepare_data_source/revised_clusters/multi/chan2_1204p_12042020_94B_10_RBC_multiple_CD61+_104.png,../prepare_data_source/revised_clusters/multi/chan3_1204p_12042020_94B_10_RBC_multiple_CD61+_104.png,../prepare_data_source/revised_clusters/multi/chan7_1204p_12042020_94B_10_RBC_multiple_CD61+_104.png,../prepare_data_source/revised_clusters/multi/chan11_1204p_12042020_94B_10_RBC_multiple_CD61+_104.png,wbc platelet
../prepare_data_source/revised_clusters/multi/chan2_1204p_12042020_94B_10_RBC_multiple_CD61+_11.png,../prepare_data_source/revised_clusters/multi/chan3_1204p_12042020_94B_10_RBC_multiple_CD61+_11.png,../prepare_data_source/revised_clusters/multi/chan7_1204p_12042020_94B_10_RBC_multiple_CD61+_11.png,../prepare_data_source/revised_clusters/multi/chan11_1204p_12042020_94B_10_RBC_multiple_CD61+_11.png,wbc platelet
../prepare_data_source/revised_clusters/multi/chan2_1204p_12042020_94B_10_RBC_multiple_CD61+_12.png,../prepare_data_source/revised_clusters/multi/chan3_1204p_12042020_94B_10_RBC_multiple_CD61+_12.png,../prepare_data_source/revised_clusters/multi/chan7_1204p_12042020_94B_10_RBC_multiple_CD61+_12.png,../prepare_data_source/revised_clusters/multi/chan11_1204p_12042020_94B_10_RBC_multiple_CD61+_12.png,wbc platelet
../prepare_data_source/revised_clusters/multi/chan2_1204p_12042020_94B_10_RBC_multiple_CD61+_13.png,../prepare_data_source/revised_clusters/multi/chan3_1204p_12042020_94B_10_RBC_multiple_CD61+_13.png,../prepare_data_source/revised_clusters/multi/chan7_1204p_12042020_94B_10_RBC_multiple_CD61+_13.png,../prepare_data_source/revised_clusters/multi/chan11_1204p_12042020_94B_10_RBC_multiple_CD61+_13.png,wbc platelet
../prepare_data_source/revised_clusters/multi/chan2_1204p_12042020_94B_10_RBC_multiple_CD61+_14.png,../prepare_data_source/revised_clusters/multi/chan3_1204p_12042020_94B_10_RBC_multiple_CD61+_14.png,../prepare_data_source/revised_clusters/multi/chan7_1204p_12042020_94B_10_RBC_multiple_CD61+_14.png,../prepare_data_source/revised_clusters/multi/chan11_1204p_12042020_94B_10_RBC_multiple_CD61+_14.png,wbc
../prepare_data_source/revised_clusters/multi/chan2_1204p_12042020_94B_10_RBC_multiple_CD61+_15.png,../prepare_data_source/revised_clusters/multi/chan3_1204p_12042020_94B_10_RBC_multiple_CD61+_15.png,../prepare_data_source/revised_clusters/multi/chan7_1204p_12042020_94B_10_RBC_multiple_CD61+_15.png,../prepare_data_source/revised_clusters/multi/chan11_1204p_12042020_94B_10_RBC_multiple_CD61+_15.png,wbc
../prepare_data_source/revised_clusters/multi/chan2_1204p_12042020_94B_10_RBC_multiple_CD61+_16.png,../prepare_data_source/revised_clusters/multi/chan3_1204p_12042020_94B_10_RBC_multiple_CD61+_16.png,../prepare_data_source/revised_clusters/multi/chan7_1204p_12042020_94B_10_RBC_multiple_CD61+_16.png,../prepare_data_source/revised_clusters/multi/chan11_1204p_12042020_94B_10_RBC_multiple_CD61+_16.png,rbc
../prepare_data_source/revised_clusters/multi/chan2_1204p_12042020_94B_10_RBC_multiple_CD61+_17.png,../prepare_data_source/revised_clusters/multi/chan3_1204p_12042020_94B_10_RBC_multiple_CD61+_17.png,../prepare_data_source/revised_clusters/multi/chan7_1204p_12042020_94B_10_RBC_multiple_CD61+_17.png,../prepare_data_source/revised_clusters/multi/chan11_1204p_12042020_94B_10_RBC_multiple_CD61+_17.png,wbc platelet
../prepare_data_source/revised_clusters/multi/chan2_1204p_12042020_94B_10_RBC_multiple_CD61+_18.png,../prepare_data_source/revised_clusters/multi/chan3_1204p_12042020_94B_10_RBC_multiple_CD61+_18.png,../prepare_data_source/revised_clusters/multi/chan7_1204p_12042020_94B_10_RBC_multiple_CD61+_18.png,../prepare_data_source/revised_clusters/multi/chan11_1204p_12042020_94B_10_RBC_multiple_CD61+_18.png,wbc platelet
../prepare_data_source/revised_clusters/multi/chan2_1204p_12042020_94B_10_RBC_multiple_CD61+_19.png,../prepare_data_source/revised_clusters/multi/chan3_1204p_12042020_94B_10_RBC_multiple_CD61+_19.png,../prepare_data_source/revised_clusters/multi/chan7_1204p_12042020_94B_10_RBC_multiple_CD61+_19.png,../prepare_data_source/revised_clusters/multi/chan11_1204p_12042020_94B_10_RBC_multiple_CD61+_19.png,wbc platelet
../prepare_data_source/revised_clusters/multi/chan2_1204p_12042020_94B_10_RBC_multiple_CD61+_2.png,../prepare_data_source/revised_clusters/multi/chan3_1204p_12042020_94B_10_RBC_multiple_CD61+_2.png,../prepare_data_source/revised_clusters/multi/chan7_1204p_12042020_94B_10_RBC_multiple_CD61+_2.png,../prepare_data_source/revised_clusters/multi/chan11_1204p_12042020_94B_10_RBC_multiple_CD61+_2.png,wbc platelet
../prepare_data_source/revised_clusters/multi/chan2_1204p_12042020_94B_10_RBC_multiple_CD61+_20.png,../prepare_data_source/revised_clusters/multi/chan3_1204p_12042020_94B_10_RBC_multiple_CD61+_20.png,../prepare_data_source/revised_clusters/multi/chan7_1204p_12042020_94B_10_RBC_multiple_CD61+_20.png,../prepare_data_source/revised_clusters/multi/chan11_1204p_12042020_94B_10_RBC_multiple_CD61+_20.png,wbc
../prepare_data_source/revised_clusters/multi/chan2_1204p_12042020_94B_10_RBC_multiple_CD61+_21.png,../prepare_data_source/revised_clusters/multi/chan3_1204p_12042020_94B_10_RBC_multiple_CD61+_21.png,../prepare_data_source/revised_clusters/multi/chan7_1204p_12042020_94B_10_RBC_multiple_CD61+_21.png,../prepare_data_source/revised_clusters/multi/chan11_1204p_12042020_94B_10_RBC_multiple_CD61+_21.png,wbc platelet
../prepare_data_source/revised_clusters/multi/chan2_1204p_12042020_94B_10_RBC_multiple_CD61+_22.png,../prepare_data_source/revised_clusters/multi/chan3_1204p_12042020_94B_10_RBC_multiple_CD61+_22.png,../prepare_data_source/revised_clusters/multi/chan7_1204p_12042020_94B_10_RBC_multiple_CD61+_22.png,../prepare_data_source/revised_clusters/multi/chan11_1204p_12042020_94B_10_RBC_multiple_CD61+_22.png,platelet
../prepare_data_source/revised_clusters/multi/chan2_1204p_12042020_94B_10_RBC_multiple_CD61+_23.png,../prepare_data_source/revised_clusters/multi/chan3_1204p_12042020_94B_10_RBC_multiple_CD61+_23.png,../prepare_data_source/revised_clusters/multi/chan7_1204p_12042020_94B_10_RBC_multiple_CD61+_23.png,../prepare_data_source/revised_clusters/multi/chan11_1204p_12042020_94B_10_RBC_multiple_CD61+_23.png,wbc
../prepare_data_source/revised_clusters/multi/chan2_1204p_12042020_94B_10_RBC_multiple_CD61+_24.png,../prepare_data_source/revised_clusters/multi/chan3_1204p_12042020_94B_10_RBC_multiple_CD61+_24.png,../prepare_data_source/revised_clusters/multi/chan7_1204p_12042020_94B_10_RBC_multiple_CD61+_24.png,../prepare_data_source/revised_clusters/multi/chan11_1204p_12042020_94B_10_RBC_multiple_CD61+_24.png,wbc platelet
../prepare_data_source/revised_clusters/multi/chan2_1204p_12042020_94B_10_RBC_multiple_CD61+_25.png,../prepare_data_source/revised_clusters/multi/chan3_1204p_12042020_94B_10_RBC_multiple_CD61+_25.png,../prepare_data_source/revised_clusters/multi/chan7_1204p_12042020_94B_10_RBC_multiple_CD61+_25.png,../prepare_data_source/revised_clusters/multi/chan11_1204p_12042020_94B_10_RBC_multiple_CD61+_25.png,wbc
../prepare_data_source/revised_clusters/multi/chan2_1204p_12042020_94B_10_RBC_multiple_CD61+_26.png,../prepare_data_source/revised_clusters/multi/chan3_1204p_12042020_94B_10_RBC_multiple_CD61+_26.png,../prepare_data_source/revised_clusters/multi/chan7_1204p_12042020_94B_10_RBC_multiple_CD61+_26.png,../prepare_data_source/revised_clusters/multi/chan11_1204p_12042020_94B_10_RBC_multiple_CD61+_26.png,wbc
../prepare_data_source/revised_clusters/multi/chan2_1204p_12042020_94B_10_RBC_multiple_CD61+_27.png,../prepare_data_source/revised_clusters/multi/chan3_1204p_12042020_94B_10_RBC_multiple_CD61+_27.png,../prepare_data_source/revised_clusters/multi/chan7_1204p_12042020_94B_10_RBC_multiple_CD61+_27.png,../prepare_data_source/revised_clusters/multi/chan11_1204p_12042020_94B_10_RBC_multiple_CD61+_27.png,wbc
../prepare_data_source/revised_clusters/multi/chan2_1204p_12042020_94B_10_RBC_multiple_CD61+_28.png,../prepare_data_source/revised_clusters/multi/chan3_1204p_12042020_94B_10_RBC_multiple_CD61+_28.png,../prepare_data_source/revised_clusters/multi/chan7_1204p_12042020_94B_10_RBC_multiple_CD61+_28.png,../prepare_data_source/revised_clusters/multi/chan11_1204p_12042020_94B_10_RBC_multiple_CD61+_28.png,wbc
../prepare_data_source/revised_clusters/multi/chan2_1204p_12042020_94B_10_RBC_multiple_CD61+_29.png,../prepare_data_source/revised_clusters/multi/chan3_1204p_12042020_94B_10_RBC_multiple_CD61+_29.png,../prepare_data_source/revised_clusters/multi/chan7_1204p_12042020_94B_10_RBC_multiple_CD61+_29.png,../prepare_data_source/revised_clusters/multi/chan11_1204p_12042020_94B_10_RBC_multiple_CD61+_29.png,wbc platelet
../prepare_data_source/revised_clusters/multi/chan2_1204p_12042020_94B_10_RBC_multiple_CD61+_3.png,../prepare_data_source/revised_clusters/multi/chan3_1204p_12042020_94B_10_RBC_multiple_CD61+_3.png,../prepare_data_source/revised_clusters/multi/chan7_1204p_12042020_94B_10_RBC_multiple_CD61+_3.png,../prepare_data_source/revised_clusters/multi/chan11_1204p_12042020_94B_10_RBC_multiple_CD61+_3.png,wbc platelet
../prepare_data_source/revised_clusters/multi/chan2_1204p_12042020_94B_10_RBC_multiple_CD61+_30.png,../prepare_data_source/revised_clusters/multi/chan3_1204p_12042020_94B_10_RBC_multiple_CD61+_30.png,../prepare_data_source/revised_clusters/multi/chan7_1204p_12042020_94B_10_RBC_multiple_CD61+_30.png,../prepare_data_source/revised_clusters/multi/chan11_1204p_12042020_94B_10_RBC_multiple_CD61+_30.png,wbc platelet
../prepare_data_source/revised_clusters/multi/chan2_1204p_12042020_94B_10_RBC_multiple_CD61+_31.png,../prepare_data_source/revised_clusters/multi/chan3_1204p_12042020_94B_10_RBC_multiple_CD61+_31.png,../prepare_data_source/revised_clusters/multi/chan7_1204p_12042020_94B_10_RBC_multiple_CD61+_31.png,../prepare_data_source/revised_clusters/multi/chan11_1204p_12042020_94B_10_RBC_multiple_CD61+_31.png,wbc platelet
../prepare_data_source/revised_clusters/multi/chan2_1204p_12042020_94B_10_RBC_multiple_CD61+_32.png,../prepare_data_source/revised_clusters/multi/chan3_1204p_12042020_94B_10_RBC_multiple_CD61+_32.png,../prepare_data_source/revised_clusters/multi/chan7_1204p_12042020_94B_10_RBC_multiple_CD61+_32.png,../prepare_data_source/revised_clusters/multi/chan11_1204p_12042020_94B_10_RBC_multiple_CD61+_32.png,wbc
../prepare_data_source/revised_clusters/multi/chan2_1204p_12042020_94B_10_RBC_multiple_CD61+_33.png,../prepare_data_source/revised_clusters/multi/chan3_1204p_12042020_94B_10_RBC_multiple_CD61+_33.png,../prepare_data_source/revised_clusters/multi/chan7_1204p_12042020_94B_10_RBC_multiple_CD61+_33.png,../prepare_data_source/revised_clusters/multi/chan11_1204p_12042020_94B_10_RBC_multiple_CD61+_33.png,wbc platelet
../prepare_data_source/revised_clusters/multi/chan2_1204p_12042020_94B_10_RBC_multiple_CD61+_34.png,../prepare_data_source/revised_clusters/multi/chan3_1204p_12042020_94B_10_RBC_multiple_CD61+_34.png,../prepare_data_source/revised_clusters/multi/chan7_1204p_12042020_94B_10_RBC_multiple_CD61+_34.png,../prepare_data_source/revised_clusters/multi/chan11_1204p_12042020_94B_10_RBC_multiple_CD61+_34.png,wbc platelet
../prepare_data_source/revised_clusters/multi/chan2_1204p_12042020_94B_10_RBC_multiple_CD61+_35.png,../prepare_data_source/revised_clusters/multi/chan3_1204p_12042020_94B_10_RBC_multiple_CD61+_35.png,../prepare_data_source/revised_clusters/multi/chan7_1204p_12042020_94B_10_RBC_multiple_CD61+_35.png,../prepare_data_source/revised_clusters/multi/chan11_1204p_12042020_94B_10_RBC_multiple_CD61+_35.png,wbc platelet
../prepare_data_source/revised_clusters/multi/chan2_1204p_12042020_94B_10_RBC_multiple_CD61+_36.png,../prepare_data_source/revised_clusters/multi/chan3_1204p_12042020_94B_10_RBC_multiple_CD61+_36.png,../prepare_data_source/revised_clusters/multi/chan7_1204p_12042020_94B_10_RBC_multiple_CD61+_36.png,../prepare_data_source/revised_clusters/multi/chan11_1204p_12042020_94B_10_RBC_multiple_CD61+_36.png,wbc platelet
../prepare_data_source/revised_clusters/multi/chan2_1204p_12042020_94B_10_RBC_multiple_CD61+_37.png,../prepare_data_source/revised_clusters/multi/chan3_1204p_12042020_94B_10_RBC_multiple_CD61+_37.png,../prepare_data_source/revised_clusters/multi/chan7_1204p_12042020_94B_10_RBC_multiple_CD61+_37.png,../prepare_data_source/revised_clusters/multi/chan11_1204p_12042020_94B_10_RBC_multiple_CD61+_37.png,wbc platelet
../prepare_data_source/revised_clusters/multi/chan2_1204p_12042020_94B_10_RBC_multiple_CD61+_38.png,../prepare_data_source/revised_clusters/multi/chan3_1204p_12042020_94B_10_RBC_multiple_CD61+_38.png,../prepare_data_source/revised_clusters/multi/chan7_1204p_12042020_94B_10_RBC_multiple_CD61+_38.png,../prepare_data_source/revised_clusters/multi/chan11_1204p_12042020_94B_10_RBC_multiple_CD61+_38.png,rbc
../prepare_data_source/revised_clusters/multi/chan2_1204p_12042020_94B_10_RBC_multiple_CD61+_39.png,../prepare_data_source/revised_clusters/multi/chan3_1204p_12042020_94B_10_RBC_multiple_CD61+_39.png,../prepare_data_source/revised_clusters/multi/chan7_1204p_12042020_94B_10_RBC_multiple_CD61+_39.png,../prepare_data_source/revised_clusters/multi/chan11_1204p_12042020_94B_10_RBC_multiple_CD61+_39.png,wbc platelet
../prepare_data_source/revised_clusters/multi/chan2_1204p_12042020_94B_10_RBC_multiple_CD61+_4.png,../prepare_data_source/revised_clusters/multi/chan3_1204p_12042020_94B_10_RBC_multiple_CD61+_4.png,../prepare_data_source/revised_clusters/multi/chan7_1204p_12042020_94B_10_RBC_multiple_CD61+_4.png,../prepare_data_source/revised_clusters/multi/chan11_1204p_12042020_94B_10_RBC_multiple_CD61+_4.png,wbc platelet
../prepare_data_source/revised_clusters/multi/chan2_1204p_12042020_94B_10_RBC_multiple_CD61+_40.png,../prepare_data_source/revised_clusters/multi/chan3_1204p_12042020_94B_10_RBC_multiple_CD61+_40.png,../prepare_data_source/revised_clusters/multi/chan7_1204p_12042020_94B_10_RBC_multiple_CD61+_40.png,../prepare_data_source/revised_clusters/multi/chan11_1204p_12042020_94B_10_RBC_multiple_CD61+_40.png,wbc
../prepare_data_source/revised_clusters/multi/chan2_1204p_12042020_94B_10_RBC_multiple_CD61+_41.png,../prepare_data_source/revised_clusters/multi/chan3_1204p_12042020_94B_10_RBC_multiple_CD61+_41.png,../prepare_data_source/revised_clusters/multi/chan7_1204p_12042020_94B_10_RBC_multiple_CD61+_41.png,../prepare_data_source/revised_clusters/multi/chan11_1204p_12042020_94B_10_RBC_multiple_CD61+_41.png,wbc platelet
../prepare_data_source/revised_clusters/multi/chan2_1204p_12042020_94B_10_RBC_multiple_CD61+_42.png,../prepare_data_source/revised_clusters/multi/chan3_1204p_12042020_94B_10_RBC_multiple_CD61+_42.png,../prepare_data_source/revised_clusters/multi/chan7_1204p_12042020_94B_10_RBC_multiple_CD61+_42.png,../prepare_data_source/revised_clusters/multi/chan11_1204p_12042020_94B_10_RBC_multiple_CD61+_42.png,wbc platelet
../prepare_data_source/revised_clusters/multi/chan2_1204p_12042020_94B_10_RBC_multiple_CD61+_43.png,../prepare_data_source/revised_clusters/multi/chan3_1204p_12042020_94B_10_RBC_multiple_CD61+_43.png,../prepare_data_source/revised_clusters/multi/chan7_1204p_12042020_94B_10_RBC_multiple_CD61+_43.png,../prepare_data_source/revised_clusters/multi/chan11_1204p_12042020_94B_10_RBC_multiple_CD61+_43.png,rbc
../prepare_data_source/revised_clusters/multi/chan2_1204p_12042020_94B_10_RBC_multiple_CD61+_44.png,../prepare_data_source/revised_clusters/multi/chan3_1204p_12042020_94B_10_RBC_multiple_CD61+_44.png,../prepare_data_source/revised_clusters/multi/chan7_1204p_12042020_94B_10_RBC_multiple_CD61+_44.png,../prepare_data_source/revised_clusters/multi/chan11_1204p_12042020_94B_10_RBC_multiple_CD61+_44.png,wbc platelet
../prepare_data_source/revised_clusters/multi/chan2_1204p_12042020_94B_10_RBC_multiple_CD61+_45.png,../prepare_data_source/revised_clusters/multi/chan3_1204p_12042020_94B_10_RBC_multiple_CD61+_45.png,../prepare_data_source/revised_clusters/multi/chan7_1204p_12042020_94B_10_RBC_multiple_CD61+_45.png,../prepare_data_source/revised_clusters/multi/chan11_1204p_12042020_94B_10_RBC_multiple_CD61+_45.png,wbc platelet
../prepare_data_source/revised_clusters/multi/chan2_1204p_12042020_94B_10_RBC_multiple_CD61+_46.png,../prepare_data_source/revised_clusters/multi/chan3_1204p_12042020_94B_10_RBC_multiple_CD61+_46.png,../prepare_data_source/revised_clusters/multi/chan7_1204p_12042020_94B_10_RBC_multiple_CD61+_46.png,../prepare_data_source/revised_clusters/multi/chan11_1204p_12042020_94B_10_RBC_multiple_CD61+_46.png,wbc
../prepare_data_source/revised_clusters/multi/chan2_1204p_12042020_94B_10_RBC_multiple_CD61+_47.png,../prepare_data_source/revised_clusters/multi/chan3_1204p_12042020_94B_10_RBC_multiple_CD61+_47.png,../prepare_data_source/revised_clusters/multi/chan7_1204p_12042020_94B_10_RBC_multiple_CD61+_47.png,../prepare_data_source/revised_clusters/multi/chan11_1204p_12042020_94B_10_RBC_multiple_CD61+_47.png,platelet
../prepare_data_source/revised_clusters/multi/chan2_1204p_12042020_94B_10_RBC_multiple_CD61+_48.png,../prepare_data_source/revised_clusters/multi/chan3_1204p_12042020_94B_10_RBC_multiple_CD61+_48.png,../prepare_data_source/revised_clusters/multi/chan7_1204p_12042020_94B_10_RBC_multiple_CD61+_48.png,../prepare_data_source/revised_clusters/multi/chan11_1204p_12042020_94B_10_RBC_multiple_CD61+_48.png,wbc
../prepare_data_source/revised_clusters/multi/chan2_1204p_12042020_94B_10_RBC_multiple_CD61+_49.png,../prepare_data_source/revised_clusters/multi/chan3_1204p_12042020_94B_10_RBC_multiple_CD61+_49.png,../prepare_data_source/revised_clusters/multi/chan7_1204p_12042020_94B_10_RBC_multiple_CD61+_49.png,../prepare_data_source/revised_clusters/multi/chan11_1204p_12042020_94B_10_RBC_multiple_CD61+_49.png,wbc
../prepare_data_source/revised_clusters/multi/chan2_1204p_12042020_94B_10_RBC_multiple_CD61+_5.png,../prepare_data_source/revised_clusters/multi/chan3_1204p_12042020_94B_10_RBC_multiple_CD61+_5.png,../prepare_data_source/revised_clusters/multi/chan7_1204p_12042020_94B_10_RBC_multiple_CD61+_5.png,../prepare_data_source/revised_clusters/multi/chan11_1204p_12042020_94B_10_RBC_multiple_CD61+_5.png,wbc platelet
../prepare_data_source/revised_clusters/multi/chan2_1204p_12042020_94B_10_RBC_multiple_CD61+_50.png,../prepare_data_source/revised_clusters/multi/chan3_1204p_12042020_94B_10_RBC_multiple_CD61+_50.png,../prepare_data_source/revised_clusters/multi/chan7_1204p_12042020_94B_10_RBC_multiple_CD61+_50.png,../prepare_data_source/revised_clusters/multi/chan11_1204p_12042020_94B_10_RBC_multiple_CD61+_50.png,wbc platelet
../prepare_data_source/revised_clusters/multi/chan2_1204p_12042020_94B_10_RBC_multiple_CD61+_51.png,../prepare_data_source/revised_clusters/multi/chan3_1204p_12042020_94B_10_RBC_multiple_CD61+_51.png,../prepare_data_source/revised_clusters/multi/chan7_1204p_12042020_94B_10_RBC_multiple_CD61+_51.png,../prepare_data_source/revised_clusters/multi/chan11_1204p_12042020_94B_10_RBC_multiple_CD61+_51.png,wbc
../prepare_data_source/revised_clusters/multi/chan2_1204p_12042020_94B_10_RBC_multiple_CD61+_52.png,../prepare_data_source/revised_clusters/multi/chan3_1204p_12042020_94B_10_RBC_multiple_CD61+_52.png,../prepare_data_source/revised_clusters/multi/chan7_1204p_12042020_94B_10_RBC_multiple_CD61+_52.png,../prepare_data_source/revised_clusters/multi/chan11_1204p_12042020_94B_10_RBC_multiple_CD61+_52.png,wbc platelet
../prepare_data_source/revised_clusters/multi/chan2_1204p_12042020_94B_10_RBC_multiple_CD61+_53.png,../prepare_data_source/revised_clusters/multi/chan3_1204p_12042020_94B_10_RBC_multiple_CD61+_53.png,../prepare_data_source/revised_clusters/multi/chan7_1204p_12042020_94B_10_RBC_multiple_CD61+_53.png,../prepare_data_source/revised_clusters/multi/chan11_1204p_12042020_94B_10_RBC_multiple_CD61+_53.png,wbc platelet
../prepare_data_source/revised_clusters/multi/chan2_1204p_12042020_94B_10_RBC_multiple_CD61+_54.png,../prepare_data_source/revised_clusters/multi/chan3_1204p_12042020_94B_10_RBC_multiple_CD61+_54.png,../prepare_data_source/revised_clusters/multi/chan7_1204p_12042020_94B_10_RBC_multiple_CD61+_54.png,../prepare_data_source/revised_clusters/multi/chan11_1204p_12042020_94B_10_RBC_multiple_CD61+_54.png,wbc
../prepare_data_source/revised_clusters/multi/chan2_1204p_12042020_94B_10_RBC_multiple_CD61+_55.png,../prepare_data_source/revised_clusters/multi/chan3_1204p_12042020_94B_10_RBC_multiple_CD61+_55.png,../prepare_data_source/revised_clusters/multi/chan7_1204p_12042020_94B_10_RBC_multiple_CD61+_55.png,../prepare_data_source/revised_clusters/multi/chan11_1204p_12042020_94B_10_RBC_multiple_CD61+_55.png,wbc platelet
../prepare_data_source/revised_clusters/multi/chan2_1204p_12042020_94B_10_RBC_multiple_CD61+_56.png,../prepare_data_source/revised_clusters/multi/chan3_1204p_12042020_94B_10_RBC_multiple_CD61+_56.png,../prepare_data_source/revised_clusters/multi/chan7_1204p_12042020_94B_10_RBC_multiple_CD61+_56.png,../prepare_data_source/revised_clusters/multi/chan11_1204p_12042020_94B_10_RBC_multiple_CD61+_56.png,wbc platelet
../prepare_data_source/revised_clusters/multi/chan2_1204p_12042020_94B_10_RBC_multiple_CD61+_57.png,../prepare_data_source/revised_clusters/multi/chan3_1204p_12042020_94B_10_RBC_multiple_CD61+_57.png,../prepare_data_source/revised_clusters/multi/chan7_1204p_12042020_94B_10_RBC_multiple_CD61+_57.png,../prepare_data_source/revised_clusters/multi/chan11_1204p_12042020_94B_10_RBC_multiple_CD61+_57.png,wbc platelet
../prepare_data_source/revised_clusters/multi/chan2_1204p_12042020_94B_10_RBC_multiple_CD61+_58.png,../prepare_data_source/revised_clusters/multi/chan3_1204p_12042020_94B_10_RBC_multiple_CD61+_58.png,../prepare_data_source/revised_clusters/multi/chan7_1204p_12042020_94B_10_RBC_multiple_CD61+_58.png,../prepare_data_source/revised_clusters/multi/chan11_1204p_12042020_94B_10_RBC_multiple_CD61+_58.png,wbc platelet
../prepare_data_source/revised_clusters/multi/chan2_1204p_12042020_94B_10_RBC_multiple_CD61+_59.png,../prepare_data_source/revised_clusters/multi/chan3_1204p_12042020_94B_10_RBC_multiple_CD61+_59.png,../prepare_data_source/revised_clusters/multi/chan7_1204p_12042020_94B_10_RBC_multiple_CD61+_59.png,../prepare_data_source/revised_clusters/multi/chan11_1204p_12042020_94B_10_RBC_multiple_CD61+_59.png,wbc platelet
../prepare_data_source/revised_clusters/multi/chan2_1204p_12042020_94B_10_RBC_multiple_CD61+_6.png,../prepare_data_source/revised_clusters/multi/chan3_1204p_12042020_94B_10_RBC_multiple_CD61+_6.png,../prepare_data_source/revised_clusters/multi/chan7_1204p_12042020_94B_10_RBC_multiple_CD61+_6.png,../prepare_data_source/revised_clusters/multi/chan11_1204p_12042020_94B_10_RBC_multiple_CD61+_6.png,wbc platelet
../prepare_data_source/revised_clusters/multi/chan2_1204p_12042020_94B_10_RBC_multiple_CD61+_60.png,../prepare_data_source/revised_clusters/multi/chan3_1204p_12042020_94B_10_RBC_multiple_CD61+_60.png,../prepare_data_source/revised_clusters/multi/chan7_1204p_12042020_94B_10_RBC_multiple_CD61+_60.png,../prepare_data_source/revised_clusters/multi/chan11_1204p_12042020_94B_10_RBC_multiple_CD61+_60.png,wbc platelet
../prepare_data_source/revised_clusters/multi/chan2_1204p_12042020_94B_10_RBC_multiple_CD61+_61.png,../prepare_data_source/revised_clusters/multi/chan3_1204p_12042020_94B_10_RBC_multiple_CD61+_61.png,../prepare_data_source/revised_clusters/multi/chan7_1204p_12042020_94B_10_RBC_multiple_CD61+_61.png,../prepare_data_source/revised_clusters/multi/chan11_1204p_12042020_94B_10_RBC_multiple_CD61+_61.png,wbc
../prepare_data_source/revised_clusters/multi/chan2_1204p_12042020_94B_10_RBC_multiple_CD61+_62.png,../prepare_data_source/revised_clusters/multi/chan3_1204p_12042020_94B_10_RBC_multiple_CD61+_62.png,../prepare_data_source/revised_clusters/multi/chan7_1204p_12042020_94B_10_RBC_multiple_CD61+_62.png,../prepare_data_source/revised_clusters/multi/chan11_1204p_12042020_94B_10_RBC_multiple_CD61+_62.png,wbc
../prepare_data_source/revised_clusters/multi/chan2_1204p_12042020_94B_10_RBC_multiple_CD61+_63.png,../prepare_data_source/revised_clusters/multi/chan3_1204p_12042020_94B_10_RBC_multiple_CD61+_63.png,../prepare_data_source/revised_clusters/multi/chan7_1204p_12042020_94B_10_RBC_multiple_CD61+_63.png,../prepare_data_source/revised_clusters/multi/chan11_1204p_12042020_94B_10_RBC_multiple_CD61+_63.png,wbc platelet
../prepare_data_source/revised_clusters/multi/chan2_1204p_12042020_94B_10_RBC_multiple_CD61+_64.png,../prepare_data_source/revised_clusters/multi/chan3_1204p_12042020_94B_10_RBC_multiple_CD61+_64.png,../prepare_data_source/revised_clusters/multi/chan7_1204p_12042020_94B_10_RBC_multiple_CD61+_64.png,../prepare_data_source/revised_clusters/multi/chan11_1204p_12042020_94B_10_RBC_multiple_CD61+_64.png,wbc platelet
../prepare_data_source/revised_clusters/multi/chan2_1204p_12042020_94B_10_RBC_multiple_CD61+_65.png,../prepare_data_source/revised_clusters/multi/chan3_1204p_12042020_94B_10_RBC_multiple_CD61+_65.png,../prepare_data_source/revised_clusters/multi/chan7_1204p_12042020_94B_10_RBC_multiple_CD61+_65.png,../prepare_data_source/revised_clusters/multi/chan11_1204p_12042020_94B_10_RBC_multiple_CD61+_65.png,wbc
../prepare_data_source/revised_clusters/multi/chan2_1204p_12042020_94B_10_RBC_multiple_CD61+_66.png,../prepare_data_source/revised_clusters/multi/chan3_1204p_12042020_94B_10_RBC_multiple_CD61+_66.png,../prepare_data_source/revised_clusters/multi/chan7_1204p_12042020_94B_10_RBC_multiple_CD61+_66.png,../prepare_data_source/revised_clusters/multi/chan11_1204p_12042020_94B_10_RBC_multiple_CD61+_66.png,wbc platelet
../prepare_data_source/revised_clusters/multi/chan2_1204p_12042020_94B_10_RBC_multiple_CD61+_67.png,../prepare_data_source/revised_clusters/multi/chan3_1204p_12042020_94B_10_RBC_multiple_CD61+_67.png,../prepare_data_source/revised_clusters/multi/chan7_1204p_12042020_94B_10_RBC_multiple_CD61+_67.png,../prepare_data_source/revised_clusters/multi/chan11_1204p_12042020_94B_10_RBC_multiple_CD61+_67.png,wbc platelet
../prepare_data_source/revised_clusters/multi/chan2_1204p_12042020_94B_10_RBC_multiple_CD61+_68.png,../prepare_data_source/revised_clusters/multi/chan3_1204p_12042020_94B_10_RBC_multiple_CD61+_68.png,../prepare_data_source/revised_clusters/multi/chan7_1204p_12042020_94B_10_RBC_multiple_CD61+_68.png,../prepare_data_source/revised_clusters/multi/chan11_1204p_12042020_94B_10_RBC_multiple_CD61+_68.png,wbc
../prepare_data_source/revised_clusters/multi/chan2_1204p_12042020_94B_10_RBC_multiple_CD61+_69.png,../prepare_data_source/revised_clusters/multi/chan3_1204p_12042020_94B_10_RBC_multiple_CD61+_69.png,../prepare_data_source/revised_clusters/multi/chan7_1204p_12042020_94B_10_RBC_multiple_CD61+_69.png,../prepare_data_source/revised_clusters/multi/chan11_1204p_12042020_94B_10_RBC_multiple_CD61+_69.png,wbc platelet
../prepare_data_source/revised_clusters/multi/chan2_1204p_12042020_94B_10_RBC_multiple_CD61+_7.png,../prepare_data_source/revised_clusters/multi/chan3_1204p_12042020_94B_10_RBC_multiple_CD61+_7.png,../prepare_data_source/revised_clusters/multi/chan7_1204p_12042020_94B_10_RBC_multiple_CD61+_7.png,../prepare_data_source/revised_clusters/multi/chan11_1204p_12042020_94B_10_RBC_multiple_CD61+_7.png,wbc platelet
../prepare_data_source/revised_clusters/multi/chan2_1204p_12042020_94B_10_RBC_multiple_CD61+_70.png,../prepare_data_source/revised_clusters/multi/chan3_1204p_12042020_94B_10_RBC_multiple_CD61+_70.png,../prepare_data_source/revised_clusters/multi/chan7_1204p_12042020_94B_10_RBC_multiple_CD61+_70.png,../prepare_data_source/revised_clusters/multi/chan11_1204p_12042020_94B_10_RBC_multiple_CD61+_70.png,wbc
../prepare_data_source/revised_clusters/multi/chan2_1204p_12042020_94B_10_RBC_multiple_CD61+_71.png,../prepare_data_source/revised_clusters/multi/chan3_1204p_12042020_94B_10_RBC_multiple_CD61+_71.png,../prepare_data_source/revised_clusters/multi/chan7_1204p_12042020_94B_10_RBC_multiple_CD61+_71.png,../prepare_data_source/revised_clusters/multi/chan11_1204p_12042020_94B_10_RBC_multiple_CD61+_71.png,wbc platelet
../prepare_data_source/revised_clusters/multi/chan2_1204p_12042020_94B_10_RBC_multiple_CD61+_72.png,../prepare_data_source/revised_clusters/multi/chan3_1204p_12042020_94B_10_RBC_multiple_CD61+_72.png,../prepare_data_source/revised_clusters/multi/chan7_1204p_12042020_94B_10_RBC_multiple_CD61+_72.png,../prepare_data_source/revised_clusters/multi/chan11_1204p_12042020_94B_10_RBC_multiple_CD61+_72.png,wbc platelet
../prepare_data_source/revised_clusters/multi/chan2_1204p_12042020_94B_10_RBC_multiple_CD61+_73.png,../prepare_data_source/revised_clusters/multi/chan3_1204p_12042020_94B_10_RBC_multiple_CD61+_73.png,../prepare_data_source/revised_clusters/multi/chan7_1204p_12042020_94B_10_RBC_multiple_CD61+_73.png,../prepare_data_source/revised_clusters/multi/chan11_1204p_12042020_94B_10_RBC_multiple_CD61+_73.png,wbc platelet
../prepare_data_source/revised_clusters/multi/chan2_1204p_12042020_94B_10_RBC_multiple_CD61+_74.png,../prepare_data_source/revised_clusters/multi/chan3_1204p_12042020_94B_10_RBC_multiple_CD61+_74.png,../prepare_data_source/revised_clusters/multi/chan7_1204p_12042020_94B_10_RBC_multiple_CD61+_74.png,../prepare_data_source/revised_clusters/multi/chan11_1204p_12042020_94B_10_RBC_multiple_CD61+_74.png,wbc platelet
../prepare_data_source/revised_clusters/multi/chan2_1204p_12042020_94B_10_RBC_multiple_CD61+_75.png,../prepare_data_source/revised_clusters/multi/chan3_1204p_12042020_94B_10_RBC_multiple_CD61+_75.png,../prepare_data_source/revised_clusters/multi/chan7_1204p_12042020_94B_10_RBC_multiple_CD61+_75.png,../prepare_data_source/revised_clusters/multi/chan11_1204p_12042020_94B_10_RBC_multiple_CD61+_75.png,wbc platelet
../prepare_data_source/revised_clusters/multi/chan2_1204p_12042020_94B_10_RBC_multiple_CD61+_76.png,../prepare_data_source/revised_clusters/multi/chan3_1204p_12042020_94B_10_RBC_multiple_CD61+_76.png,../prepare_data_source/revised_clusters/multi/chan7_1204p_12042020_94B_10_RBC_multiple_CD61+_76.png,../prepare_data_source/revised_clusters/multi/chan11_1204p_12042020_94B_10_RBC_multiple_CD61+_76.png,wbc platelet
../prepare_data_source/revised_clusters/multi/chan2_1204p_12042020_94B_10_RBC_multiple_CD61+_77.png,../prepare_data_source/revised_clusters/multi/chan3_1204p_12042020_94B_10_RBC_multiple_CD61+_77.png,../prepare_data_source/revised_clusters/multi/chan7_1204p_12042020_94B_10_RBC_multiple_CD61+_77.png,../prepare_data_source/revised_clusters/multi/chan11_1204p_12042020_94B_10_RBC_multiple_CD61+_77.png,wbc platelet
../prepare_data_source/revised_clusters/multi/chan2_1204p_12042020_94B_10_RBC_multiple_CD61+_78.png,../prepare_data_source/revised_clusters/multi/chan3_1204p_12042020_94B_10_RBC_multiple_CD61+_78.png,../prepare_data_source/revised_clusters/multi/chan7_1204p_12042020_94B_10_RBC_multiple_CD61+_78.png,../prepare_data_source/revised_clusters/multi/chan11_1204p_12042020_94B_10_RBC_multiple_CD61+_78.png,wbc platelet
../prepare_data_source/revised_clusters/multi/chan2_1204p_12042020_94B_10_RBC_multiple_CD61+_79.png,../prepare_data_source/revised_clusters/multi/chan3_1204p_12042020_94B_10_RBC_multiple_CD61+_79.png,../prepare_data_source/revised_clusters/multi/chan7_1204p_12042020_94B_10_RBC_multiple_CD61+_79.png,../prepare_data_source/revised_clusters/multi/chan11_1204p_12042020_94B_10_RBC_multiple_CD61+_79.png,wbc platelet
../prepare_data_source/revised_clusters/multi/chan2_1204p_12042020_94B_10_RBC_multiple_CD61+_8.png,../prepare_data_source/revised_clusters/multi/chan3_1204p_12042020_94B_10_RBC_multiple_CD61+_8.png,../prepare_data_source/revised_clusters/multi/chan7_1204p_12042020_94B_10_RBC_multiple_CD61+_8.png,../prepare_data_source/revised_clusters/multi/chan11_1204p_12042020_94B_10_RBC_multiple_CD61+_8.png,wbc platelet
../prepare_data_source/revised_clusters/multi/chan2_1204p_12042020_94B_10_RBC_multiple_CD61+_80.png,../prepare_data_source/revised_clusters/multi/chan3_1204p_12042020_94B_10_RBC_multiple_CD61+_80.png,../prepare_data_source/revised_clusters/multi/chan7_1204p_12042020_94B_10_RBC_multiple_CD61+_80.png,../prepare_data_source/revised_clusters/multi/chan11_1204p_12042020_94B_10_RBC_multiple_CD61+_80.png,wbc platelet
../prepare_data_source/revised_clusters/multi/chan2_1204p_12042020_94B_10_RBC_multiple_CD61+_81.png,../prepare_data_source/revised_clusters/multi/chan3_1204p_12042020_94B_10_RBC_multiple_CD61+_81.png,../prepare_data_source/revised_clusters/multi/chan7_1204p_12042020_94B_10_RBC_multiple_CD61+_81.png,../prepare_data_source/revised_clusters/multi/chan11_1204p_12042020_94B_10_RBC_multiple_CD61+_81.png,wbc platelet
../prepare_data_source/revised_clusters/multi/chan2_1204p_12042020_94B_10_RBC_multiple_CD61+_82.png,../prepare_data_source/revised_clusters/multi/chan3_1204p_12042020_94B_10_RBC_multiple_CD61+_82.png,../prepare_data_source/revised_clusters/multi/chan7_1204p_12042020_94B_10_RBC_multiple_CD61+_82.png,../prepare_data_source/revised_clusters/multi/chan11_1204p_12042020_94B_10_RBC_multiple_CD61+_82.png,platelet
../prepare_data_source/revised_clusters/multi/chan2_1204p_12042020_94B_10_RBC_multiple_CD61+_83.png,../prepare_data_source/revised_clusters/multi/chan3_1204p_12042020_94B_10_RBC_multiple_CD61+_83.png,../prepare_data_source/revised_clusters/multi/chan7_1204p_12042020_94B_10_RBC_multiple_CD61+_83.png,../prepare_data_source/revised_clusters/multi/chan11_1204p_12042020_94B_10_RBC_multiple_CD61+_83.png,wbc platelet
../prepare_data_source/revised_clusters/multi/chan2_1204p_12042020_94B_10_RBC_multiple_CD61+_84.png,../prepare_data_source/revised_clusters/multi/chan3_1204p_12042020_94B_10_RBC_multiple_CD61+_84.png,../prepare_data_source/revised_clusters/multi/chan7_1204p_12042020_94B_10_RBC_multiple_CD61+_84.png,../prepare_data_source/revised_clusters/multi/chan11_1204p_12042020_94B_10_RBC_multiple_CD61+_84.png,wbc
../prepare_data_source/revised_clusters/multi/chan2_1204p_12042020_94B_10_RBC_multiple_CD61+_85.png,../prepare_data_source/revised_clusters/multi/chan3_1204p_12042020_94B_10_RBC_multiple_CD61+_85.png,../prepare_data_source/revised_clusters/multi/chan7_1204p_12042020_94B_10_RBC_multiple_CD61+_85.png,../prepare_data_source/revised_clusters/multi/chan11_1204p_12042020_94B_10_RBC_multiple_CD61+_85.png,wbc platelet
../prepare_data_source/revised_clusters/multi/chan2_1204p_12042020_94B_10_RBC_multiple_CD61+_86.png,../prepare_data_source/revised_clusters/multi/chan3_1204p_12042020_94B_10_RBC_multiple_CD61+_86.png,../prepare_data_source/revised_clusters/multi/chan7_1204p_12042020_94B_10_RBC_multiple_CD61+_86.png,../prepare_data_source/revised_clusters/multi/chan11_1204p_12042020_94B_10_RBC_multiple_CD61+_86.png,wbc platelet
../prepare_data_source/revised_clusters/multi/chan2_1204p_12042020_94B_10_RBC_multiple_CD61+_87.png,../prepare_data_source/revised_clusters/multi/chan3_1204p_12042020_94B_10_RBC_multiple_CD61+_87.png,../prepare_data_source/revised_clusters/multi/chan7_1204p_12042020_94B_10_RBC_multiple_CD61+_87.png,../prepare_data_source/revised_clusters/multi/chan11_1204p_12042020_94B_10_RBC_multiple_CD61+_87.png,wbc platelet
../prepare_data_source/revised_clusters/multi/chan2_1204p_12042020_94B_10_RBC_multiple_CD61+_88.png,../prepare_data_source/revised_clusters/multi/chan3_1204p_12042020_94B_10_RBC_multiple_CD61+_88.png,../prepare_data_source/revised_clusters/multi/chan7_1204p_12042020_94B_10_RBC_multiple_CD61+_88.png,../prepare_data_source/revised_clusters/multi/chan11_1204p_12042020_94B_10_RBC_multiple_CD61+_88.png,wbc platelet
../prepare_data_source/revised_clusters/multi/chan2_1204p_12042020_94B_10_RBC_multiple_CD61+_89.png,../prepare_data_source/revised_clusters/multi/chan3_1204p_12042020_94B_10_RBC_multiple_CD61+_89.png,../prepare_data_source/revised_clusters/multi/chan7_1204p_12042020_94B_10_RBC_multiple_CD61+_89.png,../prepare_data_source/revised_clusters/multi/chan11_1204p_12042020_94B_10_RBC_multiple_CD61+_89.png,wbc platelet
../prepare_data_source/revised_clusters/multi/chan2_1204p_12042020_94B_10_RBC_multiple_CD61+_9.png,../prepare_data_source/revised_clusters/multi/chan3_1204p_12042020_94B_10_RBC_multiple_CD61+_9.png,../prepare_data_source/revised_clusters/multi/chan7_1204p_12042020_94B_10_RBC_multiple_CD61+_9.png,../prepare_data_source/revised_clusters/multi/chan11_1204p_12042020_94B_10_RBC_multiple_CD61+_9.png,platelet
../prepare_data_source/revised_clusters/multi/chan2_1204p_12042020_94B_10_RBC_multiple_CD61+_90.png,../prepare_data_source/revised_clusters/multi/chan3_1204p_12042020_94B_10_RBC_multiple_CD61+_90.png,../prepare_data_source/revised_clusters/multi/chan7_1204p_12042020_94B_10_RBC_multiple_CD61+_90.png,../prepare_data_source/revised_clusters/multi/chan11_1204p_12042020_94B_10_RBC_multiple_CD61+_90.png,wbc platelet
../prepare_data_source/revised_clusters/multi/chan2_1204p_12042020_94B_10_RBC_multiple_CD61+_91.png,../prepare_data_source/revised_clusters/multi/chan3_1204p_12042020_94B_10_RBC_multiple_CD61+_91.png,../prepare_data_source/revised_clusters/multi/chan7_1204p_12042020_94B_10_RBC_multiple_CD61+_91.png,../prepare_data_source/revised_clusters/multi/chan11_1204p_12042020_94B_10_RBC_multiple_CD61+_91.png,platelet
../prepare_data_source/revised_clusters/multi/chan2_1204p_12042020_94B_10_RBC_multiple_CD61+_92.png,../prepare_data_source/revised_clusters/multi/chan3_1204p_12042020_94B_10_RBC_multiple_CD61+_92.png,../prepare_data_source/revised_clusters/multi/chan7_1204p_12042020_94B_10_RBC_multiple_CD61+_92.png,../prepare_data_source/revised_clusters/multi/chan11_1204p_12042020_94B_10_RBC_multiple_CD61+_92.png,wbc
../prepare_data_source/revised_clusters/multi/chan2_1204p_12042020_94B_10_RBC_multiple_CD61+_93.png,../prepare_data_source/revised_clusters/multi/chan3_1204p_12042020_94B_10_RBC_multiple_CD61+_93.png,../prepare_data_source/revised_clusters/multi/chan7_1204p_12042020_94B_10_RBC_multiple_CD61+_93.png,../prepare_data_source/revised_clusters/multi/chan11_1204p_12042020_94B_10_RBC_multiple_CD61+_93.png,wbc platelet
../prepare_data_source/revised_clusters/multi/chan2_1204p_12042020_94B_10_RBC_multiple_CD61+_94.png,../prepare_data_source/revised_clusters/multi/chan3_1204p_12042020_94B_10_RBC_multiple_CD61+_94.png,../prepare_data_source/revised_clusters/multi/chan7_1204p_12042020_94B_10_RBC_multiple_CD61+_94.png,../prepare_data_source/revised_clusters/multi/chan11_1204p_12042020_94B_10_RBC_multiple_CD61+_94.png,wbc platelet
../prepare_data_source/revised_clusters/multi/chan2_1204p_12042020_94B_10_RBC_multiple_CD61+_95.png,../prepare_data_source/revised_clusters/multi/chan3_1204p_12042020_94B_10_RBC_multiple_CD61+_95.png,../prepare_data_source/revised_clusters/multi/chan7_1204p_12042020_94B_10_RBC_multiple_CD61+_95.png,../prepare_data_source/revised_clusters/multi/chan11_1204p_12042020_94B_10_RBC_multiple_CD61+_95.png,wbc platelet
../prepare_data_source/revised_clusters/multi/chan2_1204p_12042020_94B_10_RBC_multiple_CD61+_96.png,../prepare_data_source/revised_clusters/multi/chan3_1204p_12042020_94B_10_RBC_multiple_CD61+_96.png,../prepare_data_source/revised_clusters/multi/chan7_1204p_12042020_94B_10_RBC_multiple_CD61+_96.png,../prepare_data_source/revised_clusters/multi/chan11_1204p_12042020_94B_10_RBC_multiple_CD61+_96.png,wbc
../prepare_data_source/revised_clusters/multi/chan2_1204p_12042020_94B_10_RBC_multiple_CD61+_97.png,../prepare_data_source/revised_clusters/multi/chan3_1204p_12042020_94B_10_RBC_multiple_CD61+_97.png,../prepare_data_source/revised_clusters/multi/chan7_1204p_12042020_94B_10_RBC_multiple_CD61+_97.png,../prepare_data_source/revised_clusters/multi/chan11_1204p_12042020_94B_10_RBC_multiple_CD61+_97.png,wbc platelet
../prepare_data_source/revised_clusters/multi/chan2_1204p_12042020_94B_10_RBC_multiple_CD61+_98.png,../prepare_data_source/revised_clusters/multi/chan3_1204p_12042020_94B_10_RBC_multiple_CD61+_98.png,../prepare_data_source/revised_clusters/multi/chan7_1204p_12042020_94B_10_RBC_multiple_CD61+_98.png,../prepare_data_source/revised_clusters/multi/chan11_1204p_12042020_94B_10_RBC_multiple_CD61+_98.png,wbc
../prepare_data_source/revised_clusters/multi/chan2_1204p_12042020_94B_10_RBC_multiple_CD61+_99.png,../prepare_data_source/revised_clusters/multi/chan3_1204p_12042020_94B_10_RBC_multiple_CD61+_99.png,../prepare_data_source/revised_clusters/multi/chan7_1204p_12042020_94B_10_RBC_multiple_CD61+_99.png,../prepare_data_source/revised_clusters/multi/chan11_1204p_12042020_94B_10_RBC_multiple_CD61+_99.png,wbc
../prepare_data_source/revised_clusters/multi/chan2_1204p_120420_88A_3_daf _ no comp_RBC_multiple_CD61+_14.png,../prepare_data_source/revised_clusters/multi/chan3_1204p_120420_88A_3_daf _ no comp_RBC_multiple_CD61+_14.png,../prepare_data_source/revised_clusters/multi/chan7_1204p_120420_88A_3_daf _ no comp_RBC_multiple_CD61+_14.png,../prepare_data_source/revised_clusters/multi/chan11_1204p_120420_88A_3_daf _ no comp_RBC_multiple_CD61+_14.png,wbc platelet
../prepare_data_source/revised_clusters/multi/chan2_1204p_120420_88A_3_daf _ no comp_RBC_multiple_CD61+_19.png,../prepare_data_source/revised_clusters/multi/chan3_1204p_120420_88A_3_daf _ no comp_RBC_multiple_CD61+_19.png,../prepare_data_source/revised_clusters/multi/chan7_1204p_120420_88A_3_daf _ no comp_RBC_multiple_CD61+_19.png,../prepare_data_source/revised_clusters/multi/chan11_1204p_120420_88A_3_daf _ no comp_RBC_multiple_CD61+_19.png,platelet
../prepare_data_source/revised_clusters/multi/chan2_1204p_120420_88A_3_daf _ no comp_RBC_multiple_CD61+_33.png,../prepare_data_source/revised_clusters/multi/chan3_1204p_120420_88A_3_daf _ no comp_RBC_multiple_CD61+_33.png,../prepare_data_source/revised_clusters/multi/chan7_1204p_120420_88A_3_daf _ no comp_RBC_multiple_CD61+_33.png,../prepare_data_source/revised_clusters/multi/chan11_1204p_120420_88A_3_daf _ no comp_RBC_multiple_CD61+_33.png,wbc platelet
../prepare_data_source/revised_clusters/multi/chan2_1204p_120420_88A_3_daf _ no comp_RBC_multiple_CD61+_54.png,../prepare_data_source/revised_clusters/multi/chan3_1204p_120420_88A_3_daf _ no comp_RBC_multiple_CD61+_54.png,../prepare_data_source/revised_clusters/multi/chan7_1204p_120420_88A_3_daf _ no comp_RBC_multiple_CD61+_54.png,../prepare_data_source/revised_clusters/multi/chan11_1204p_120420_88A_3_daf _ no comp_RBC_multiple_CD61+_54.png,wbc platelet
../prepare_data_source/revised_clusters/multi/chan2_1204p_120420_88A_3_daf _ no comp_RBC_multiple_CD61+_60.png,../prepare_data_source/revised_clusters/multi/chan3_1204p_120420_88A_3_daf _ no comp_RBC_multiple_CD61+_60.png,../prepare_data_source/revised_clusters/multi/chan7_1204p_120420_88A_3_daf _ no comp_RBC_multiple_CD61+_60.png,../prepare_data_source/revised_clusters/multi/chan11_1204p_120420_88A_3_daf _ no comp_RBC_multiple_CD61+_60.png,wbc platelet
../prepare_data_source/revised_clusters/multi/chan2_1204p_120420_88A_3_daf _ no comp_RBC_multiple_CD61+_70.png,../prepare_data_source/revised_clusters/multi/chan3_1204p_120420_88A_3_daf _ no comp_RBC_multiple_CD61+_70.png,../prepare_data_source/revised_clusters/multi/chan7_1204p_120420_88A_3_daf _ no comp_RBC_multiple_CD61+_70.png,../prepare_data_source/revised_clusters/multi/chan11_1204p_120420_88A_3_daf _ no comp_RBC_multiple_CD61+_70.png,platelet
../prepare_data_source/revised_clusters/multi/chan2_1204p_120420_88A_3_daf _ no comp_RBC_multiple_CD61+_8.png,../prepare_data_source/revised_clusters/multi/chan3_1204p_120420_88A_3_daf _ no comp_RBC_multiple_CD61+_8.png,../prepare_data_source/revised_clusters/multi/chan7_1204p_120420_88A_3_daf _ no comp_RBC_multiple_CD61+_8.png,../prepare_data_source/revised_clusters/multi/chan11_1204p_120420_88A_3_daf _ no comp_RBC_multiple_CD61+_8.png,platelet
../prepare_data_source/revised_clusters/multi/chan2_1207p_60388B_7_RBS_multiples_10.png,../prepare_data_source/revised_clusters/multi/chan3_1207p_60388B_7_RBS_multiples_10.png,../prepare_data_source/revised_clusters/multi/chan7_1207p_60388B_7_RBS_multiples_10.png,../prepare_data_source/revised_clusters/multi/chan11_1207p_60388B_7_RBS_multiples_10.png,rbc
../prepare_data_source/revised_clusters/multi/chan2_1207p_60388B_7_RBS_multiples_25.png,../prepare_data_source/revised_clusters/multi/chan3_1207p_60388B_7_RBS_multiples_25.png,../prepare_data_source/revised_clusters/multi/chan7_1207p_60388B_7_RBS_multiples_25.png,../prepare_data_source/revised_clusters/multi/chan11_1207p_60388B_7_RBS_multiples_25.png,rbc
../prepare_data_source/revised_clusters/multi/chan2_1207p_94A_1_1_daf_analyzed_RBC_multiple_CD61+_36.png,../prepare_data_source/revised_clusters/multi/chan3_1207p_94A_1_1_daf_analyzed_RBC_multiple_CD61+_36.png,../prepare_data_source/revised_clusters/multi/chan7_1207p_94A_1_1_daf_analyzed_RBC_multiple_CD61+_36.png,../prepare_data_source/revised_clusters/multi/chan11_1207p_94A_1_1_daf_analyzed_RBC_multiple_CD61+_36.png,wbc platelet
../prepare_data_source/revised_clusters/multi/chan2_1207p_94A_1_1_daf_analyzed_RBC_multiple_CD61+_77.png,../prepare_data_source/revised_clusters/multi/chan3_1207p_94A_1_1_daf_analyzed_RBC_multiple_CD61+_77.png,../prepare_data_source/revised_clusters/multi/chan7_1207p_94A_1_1_daf_analyzed_RBC_multiple_CD61+_77.png,../prepare_data_source/revised_clusters/multi/chan11_1207p_94A_1_1_daf_analyzed_RBC_multiple_CD61+_77.png,wbc platelet
../prepare_data_source/revised_clusters/multi/chan2_1207p_94A_1_1_daf_analyzed_RBC_multiple_CD61+_84.png,../prepare_data_source/revised_clusters/multi/chan3_1207p_94A_1_1_daf_analyzed_RBC_multiple_CD61+_84.png,../prepare_data_source/revised_clusters/multi/chan7_1207p_94A_1_1_daf_analyzed_RBC_multiple_CD61+_84.png,../prepare_data_source/revised_clusters/multi/chan11_1207p_94A_1_1_daf_analyzed_RBC_multiple_CD61+_84.png,wbc platelet
../prepare_data_source/revised_clusters/multi/chan2_1215p_12152020_1B_16_RBC_multiple_CD61+_1.png,../prepare_data_source/revised_clusters/multi/chan3_1215p_12152020_1B_16_RBC_multiple_CD61+_1.png,../prepare_data_source/revised_clusters/multi/chan7_1215p_12152020_1B_16_RBC_multiple_CD61+_1.png,../prepare_data_source/revised_clusters/multi/chan11_1215p_12152020_1B_16_RBC_multiple_CD61+_1.png,wbc platelet
../prepare_data_source/revised_clusters/multi/chan2_1215p_12152020_1B_16_RBC_multiple_CD61+_2.png,../prepare_data_source/revised_clusters/multi/chan3_1215p_12152020_1B_16_RBC_multiple_CD61+_2.png,../prepare_data_source/revised_clusters/multi/chan7_1215p_12152020_1B_16_RBC_multiple_CD61+_2.png,../prepare_data_source/revised_clusters/multi/chan11_1215p_12152020_1B_16_RBC_multiple_CD61+_2.png,wbc platelet
../prepare_data_source/revised_clusters/multi/chan2_1215p_12152020_1B_16_RBC_multiple_CD61+_3.png,../prepare_data_source/revised_clusters/multi/chan3_1215p_12152020_1B_16_RBC_multiple_CD61+_3.png,../prepare_data_source/revised_clusters/multi/chan7_1215p_12152020_1B_16_RBC_multiple_CD61+_3.png,../prepare_data_source/revised_clusters/multi/chan11_1215p_12152020_1B_16_RBC_multiple_CD61+_3.png,wbc platelet
../prepare_data_source/revised_clusters/multi/chan2_1215p_12152020_21B_7_DAPI+cells_1.png,../prepare_data_source/revised_clusters/multi/chan3_1215p_12152020_21B_7_DAPI+cells_1.png,../prepare_data_source/revised_clusters/multi/chan7_1215p_12152020_21B_7_DAPI+cells_1.png,../prepare_data_source/revised_clusters/multi/chan11_1215p_12152020_21B_7_DAPI+cells_1.png,wbc platelet
../prepare_data_source/revised_clusters/multi/chan2_1215p_12152020_21B_7_DAPI+cells_10.png,../prepare_data_source/revised_clusters/multi/chan3_1215p_12152020_21B_7_DAPI+cells_10.png,../prepare_data_source/revised_clusters/multi/chan7_1215p_12152020_21B_7_DAPI+cells_10.png,../prepare_data_source/revised_clusters/multi/chan11_1215p_12152020_21B_7_DAPI+cells_10.png,wbc platelet
../prepare_data_source/revised_clusters/multi/chan2_1215p_12152020_21B_7_DAPI+cells_11.png,../prepare_data_source/revised_clusters/multi/chan3_1215p_12152020_21B_7_DAPI+cells_11.png,../prepare_data_source/revised_clusters/multi/chan7_1215p_12152020_21B_7_DAPI+cells_11.png,../prepare_data_source/revised_clusters/multi/chan11_1215p_12152020_21B_7_DAPI+cells_11.png,wbc platelet
../prepare_data_source/revised_clusters/multi/chan2_1215p_12152020_21B_7_DAPI+cells_2.png,../prepare_data_source/revised_clusters/multi/chan3_1215p_12152020_21B_7_DAPI+cells_2.png,../prepare_data_source/revised_clusters/multi/chan7_1215p_12152020_21B_7_DAPI+cells_2.png,../prepare_data_source/revised_clusters/multi/chan11_1215p_12152020_21B_7_DAPI+cells_2.png,wbc platelet
../prepare_data_source/revised_clusters/multi/chan2_1215p_12152020_21B_7_DAPI+cells_3.png,../prepare_data_source/revised_clusters/multi/chan3_1215p_12152020_21B_7_DAPI+cells_3.png,../prepare_data_source/revised_clusters/multi/chan7_1215p_12152020_21B_7_DAPI+cells_3.png,../prepare_data_source/revised_clusters/multi/chan11_1215p_12152020_21B_7_DAPI+cells_3.png,wbc platelet
../prepare_data_source/revised_clusters/multi/chan2_1215p_12152020_21B_7_DAPI+cells_4.png,../prepare_data_source/revised_clusters/multi/chan3_1215p_12152020_21B_7_DAPI+cells_4.png,../prepare_data_source/revised_clusters/multi/chan7_1215p_12152020_21B_7_DAPI+cells_4.png,../prepare_data_source/revised_clusters/multi/chan11_1215p_12152020_21B_7_DAPI+cells_4.png,wbc platelet
../prepare_data_source/revised_clusters/multi/chan2_1215p_12152020_21B_7_DAPI+cells_5.png,../prepare_data_source/revised_clusters/multi/chan3_1215p_12152020_21B_7_DAPI+cells_5.png,../prepare_data_source/revised_clusters/multi/chan7_1215p_12152020_21B_7_DAPI+cells_5.png,../prepare_data_source/revised_clusters/multi/chan11_1215p_12152020_21B_7_DAPI+cells_5.png,wbc platelet
../prepare_data_source/revised_clusters/multi/chan2_1215p_12152020_21B_7_DAPI+cells_6.png,../prepare_data_source/revised_clusters/multi/chan3_1215p_12152020_21B_7_DAPI+cells_6.png,../prepare_data_source/revised_clusters/multi/chan7_1215p_12152020_21B_7_DAPI+cells_6.png,../prepare_data_source/revised_clusters/multi/chan11_1215p_12152020_21B_7_DAPI+cells_6.png,wbc platelet
../prepare_data_source/revised_clusters/multi/chan2_1215p_12152020_21B_7_DAPI+cells_7.png,../prepare_data_source/revised_clusters/multi/chan3_1215p_12152020_21B_7_DAPI+cells_7.png,../prepare_data_source/revised_clusters/multi/chan7_1215p_12152020_21B_7_DAPI+cells_7.png,../prepare_data_source/revised_clusters/multi/chan11_1215p_12152020_21B_7_DAPI+cells_7.png,wbc platelet
../prepare_data_source/revised_clusters/multi/chan2_1215p_12152020_21B_7_DAPI+cells_8.png,../prepare_data_source/revised_clusters/multi/chan3_1215p_12152020_21B_7_DAPI+cells_8.png,../prepare_data_source/revised_clusters/multi/chan7_1215p_12152020_21B_7_DAPI+cells_8.png,../prepare_data_source/revised_clusters/multi/chan11_1215p_12152020_21B_7_DAPI+cells_8.png,wbc platelet
../prepare_data_source/revised_clusters/multi/chan2_1215p_12152020_21B_7_DAPI+cells_9.png,../prepare_data_source/revised_clusters/multi/chan3_1215p_12152020_21B_7_DAPI+cells_9.png,../prepare_data_source/revised_clusters/multi/chan7_1215p_12152020_21B_7_DAPI+cells_9.png,../prepare_data_source/revised_clusters/multi/chan11_1215p_12152020_21B_7_DAPI+cells_9.png,wbc platelet
../prepare_data_source/revised_clusters/multi/chan2_1215p_12152020_2B_15_RBC_multiple_CD61+_1.png,../prepare_data_source/revised_clusters/multi/chan3_1215p_12152020_2B_15_RBC_multiple_CD61+_1.png,../prepare_data_source/revised_clusters/multi/chan7_1215p_12152020_2B_15_RBC_multiple_CD61+_1.png,../prepare_data_source/revised_clusters/multi/chan11_1215p_12152020_2B_15_RBC_multiple_CD61+_1.png,rbc
