,class_label,image_array,image_name
0,2,"[[[173]
  [183]
  [181]
  ...
  [183]
  [185]
  [175]]

 [[172]
  [183]
  [181]
  ...
  [183]
  [186]
  [174]]

 [[173]
  [188]
  [186]
  ...
  [188]
  [191]
  [174]]

 ...

 [[176]
  [192]
  [189]
  ...
  [189]
  [191]
  [176]]

 [[176]
  [188]
  [184]
  ...
  [184]
  [187]
  [176]]

 [[177]
  [188]
  [185]
  ...
  [185]
  [186]
  [177]]]",../MasterDataset/012621_126B_13_platelet_cluster_chan1_67.png
1,1,"[[[171]
  [179]
  [177]
  ...
  [179]
  [180]
  [172]]

 [[170]
  [183]
  [181]
  ...
  [183]
  [184]
  [172]]

 [[170]
  [194]
  [192]
  ...
  [193]
  [194]
  [172]]

 ...

 [[170]
  [194]
  [192]
  ...
  [192]
  [195]
  [172]]

 [[169]
  [184]
  [183]
  ...
  [184]
  [185]
  [172]]

 [[171]
  [180]
  [179]
  ...
  [181]
  [182]
  [173]]]",../MasterDataset/012621_83B_4_wbc_chan1_74.png
2,2,"[[[165]
  [174]
  [170]
  ...
  [173]
  [176]
  [168]]

 [[165]
  [177]
  [174]
  ...
  [175]
  [178]
  [166]]

 [[164]
  [187]
  [185]
  ...
  [187]
  [188]
  [166]]

 ...

 [[167]
  [189]
  [187]
  ...
  [185]
  [187]
  [164]]

 [[167]
  [179]
  [175]
  ...
  [174]
  [176]
  [163]]

 [[166]
  [176]
  [170]
  ...
  [172]
  [173]
  [162]]]",../MasterDataset/012621_121B_1_RBC_platelet_chan1_36.png
3,2,"[[[173]
  [183]
  [181]
  ...
  [181]
  [185]
  [177]]

 [[172]
  [183]
  [181]
  ...
  [182]
  [184]
  [176]]

 [[172]
  [188]
  [186]
  ...
  [187]
  [189]
  [175]]

 ...

 [[174]
  [191]
  [188]
  ...
  [189]
  [191]
  [176]]

 [[175]
  [187]
  [184]
  ...
  [184]
  [187]
  [176]]

 [[176]
  [186]
  [184]
  ...
  [184]
  [186]
  [177]]]",../MasterDataset/012621_126B_13_platelet_cluster_chan1_22.png
4,0,"[[[178]
  [188]
  [187]
  ...
  [187]
  [188]
  [177]]

 [[177]
  [189]
  [185]
  ...
  [187]
  [189]
  [178]]

 [[177]
  [199]
  [196]
  ...
  [197]
  [199]
  [178]]

 ...

 [[178]
  [199]
  [197]
  ...
  [197]
  [198]
  [178]]

 [[178]
  [190]
  [187]
  ...
  [187]
  [188]
  [177]]

 [[179]
  [189]
  [187]
  ...
  [187]
  [186]
  [177]]]",../MasterDataset/012621_85B_7_platelet_cluster_chan1_83.png
5,1,"[[[178]
  [188]
  [185]
  ...
  [187]
  [189]
  [180]]

 [[177]
  [196]
  [193]
  ...
  [194]
  [197]
  [179]]

 [[177]
  [205]
  [204]
  ...
  [203]
  [206]
  [179]]

 ...

 [[179]
  [206]
  [204]
  ...
  [201]
  [204]
  [178]]

 [[178]
  [196]
  [195]
  ...
  [192]
  [194]
  [176]]

 [[179]
  [189]
  [188]
  ...
  [186]
  [186]
  [175]]]",../MasterDataset/012621_139B_16_rbc_platelet_chan1_17.png
6,0,"[[[170]
  [182]
  [179]
  ...
  [181]
  [182]
  [173]]

 [[170]
  [183]
  [181]
  ...
  [182]
  [183]
  [172]]

 [[170]
  [195]
  [192]
  ...
  [193]
  [195]
  [172]]

 ...

 [[173]
  [196]
  [193]
  ...
  [193]
  [196]
  [173]]

 [[172]
  [184]
  [182]
  ...
  [183]
  [184]
  [172]]

 [[175]
  [183]
  [181]
  ...
  [181]
  [183]
  [173]]]",../MasterDataset/012621_105b_9_platelet_cluster_chan1_16.png
7,2,"[[[173]
  [182]
  [181]
  ...
  [181]
  [183]
  [173]]

 [[172]
  [182]
  [181]
  ...
  [181]
  [183]
  [172]]

 [[172]
  [187]
  [185]
  ...
  [186]
  [188]
  [172]]

 ...

 [[173]
  [188]
  [187]
  ...
  [187]
  [188]
  [174]]

 [[173]
  [184]
  [183]
  ...
  [182]
  [184]
  [174]]

 [[175]
  [185]
  [183]
  ...
  [182]
  [185]
  [174]]]",../MasterDataset/012621_138B_14_platelet_cluster_chan1_12.png
8,2,"[[[164]
  [173]
  [170]
  ...
  [170]
  [174]
  [166]]

 [[163]
  [174]
  [171]
  ...
  [171]
  [174]
  [166]]

 [[163]
  [177]
  [175]
  ...
  [175]
  [178]
  [166]]

 ...

 [[167]
  [180]
  [175]
  ...
  [174]
  [178]
  [166]]

 [[167]
  [177]
  [172]
  ...
  [170]
  [174]
  [166]]

 [[167]
  [176]
  [173]
  ...
  [170]
  [174]
  [166]]]",../MasterDataset/012621_121B_1_platelet_cluster_chan1_61.png
9,1,"[[[173]
  [185]
  [181]
  ...
  [182]
  [185]
  [177]]

 [[173]
  [190]
  [188]
  ...
  [189]
  [192]
  [176]]

 [[174]
  [200]
  [198]
  ...
  [199]
  [201]
  [176]]

 ...

 [[176]
  [200]
  [197]
  ...
  [199]
  [199]
  [172]]

 [[177]
  [192]
  [189]
  ...
  [189]
  [191]
  [173]]

 [[178]
  [186]
  [184]
  ...
  [184]
  [185]
  [175]]]",../MasterDataset/012621_126B_13_RBC_platelet_chan1_61.png
10,2,"[[[166]
  [176]
  [174]
  ...
  [175]
  [177]
  [168]]

 [[166]
  [176]
  [174]
  ...
  [175]
  [178]
  [168]]

 [[166]
  [179]
  [176]
  ...
  [178]
  [181]
  [168]]

 ...

 [[169]
  [182]
  [179]
  ...
  [175]
  [180]
  [167]]

 [[169]
  [179]
  [176]
  ...
  [172]
  [177]
  [167]]

 [[170]
  [179]
  [176]
  ...
  [173]
  [176]
  [168]]]",../MasterDataset/012621_98B_2_platelet_cluster_chan1_47.png
11,1,"[[[173]
  [182]
  [181]
  ...
  [181]
  [183]
  [174]]

 [[172]
  [182]
  [181]
  ...
  [181]
  [183]
  [174]]

 [[172]
  [184]
  [182]
  ...
  [182]
  [184]
  [174]]

 ...

 [[172]
  [185]
  [183]
  ...
  [183]
  [184]
  [172]]

 [[172]
  [184]
  [182]
  ...
  [181]
  [183]
  [172]]

 [[173]
  [185]
  [182]
  ...
  [181]
  [183]
  [173]]]",../MasterDataset/012621_138B_14_platelet_cluster_chan1_98.png
12,2,"[[[173]
  [184]
  [182]
  ...
  [182]
  [185]
  [177]]

 [[173]
  [196]
  [193]
  ...
  [195]
  [197]
  [175]]

 [[174]
  [197]
  [195]
  ...
  [197]
  [198]
  [176]]

 ...

 [[175]
  [197]
  [197]
  ...
  [194]
  [196]
  [174]]

 [[175]
  [197]
  [196]
  ...
  [195]
  [196]
  [174]]

 [[176]
  [186]
  [185]
  ...
  [185]
  [186]
  [174]]]",../MasterDataset/012621_99B_RBC_only_chan1_19.png
13,1,"[[[162]
  [173]
  [170]
  ...
  [170]
  [173]
  [163]]

 [[162]
  [171]
  [170]
  ...
  [171]
  [174]
  [164]]

 [[163]
  [182]
  [180]
  ...
  [181]
  [184]
  [164]]

 ...

 [[163]
  [182]
  [180]
  ...
  [181]
  [184]
  [165]]

 [[163]
  [171]
  [170]
  ...
  [172]
  [175]
  [166]]

 [[164]
  [173]
  [170]
  ...
  [171]
  [174]
  [166]]]",../MasterDataset/012621_103B_3_wbc_chan1_60.png
14,0,"[[[171]
  [179]
  [177]
  ...
  [179]
  [180]
  [172]]

 [[170]
  [180]
  [178]
  ...
  [180]
  [181]
  [171]]

 [[170]
  [192]
  [190]
  ...
  [191]
  [192]
  [172]]

 ...

 [[171]
  [192]
  [189]
  ...
  [191]
  [192]
  [169]]

 [[172]
  [181]
  [178]
  ...
  [181]
  [181]
  [171]]

 [[173]
  [182]
  [178]
  ...
  [181]
  [182]
  [170]]]",../MasterDataset/012621_97B_12_platelet_cluster_chan1_50.png
15,2,"[[[171]
  [179]
  [178]
  ...
  [179]
  [180]
  [172]]

 [[170]
  [182]
  [180]
  ...
  [181]
  [182]
  [171]]

 [[170]
  [193]
  [191]
  ...
  [192]
  [193]
  [172]]

 ...

 [[170]
  [195]
  [193]
  ...
  [191]
  [192]
  [169]]

 [[172]
  [184]
  [183]
  ...
  [180]
  [181]
  [171]]

 [[173]
  [183]
  [182]
  ...
  [176]
  [180]
  [172]]]",../MasterDataset/012621_83B_4_wbc_chan1_15.png
16,2,"[[[171]
  [182]
  [179]
  ...
  [181]
  [183]
  [173]]

 [[171]
  [182]
  [181]
  ...
  [182]
  [183]
  [172]]

 [[171]
  [195]
  [192]
  ...
  [194]
  [196]
  [172]]

 ...

 [[173]
  [194]
  [190]
  ...
  [193]
  [194]
  [172]]

 [[172]
  [182]
  [178]
  ...
  [182]
  [182]
  [171]]

 [[175]
  [182]
  [178]
  ...
  [180]
  [182]
  [172]]]",../MasterDataset/012621_105b_9_wbc_chan1_35.png
17,1,"[[[171]
  [179]
  [178]
  ...
  [179]
  [182]
  [173]]

 [[170]
  [179]
  [178]
  ...
  [179]
  [181]
  [172]]

 [[170]
  [188]
  [186]
  ...
  [187]
  [189]
  [172]]

 ...

 [[172]
  [189]
  [187]
  ...
  [187]
  [189]
  [172]]

 [[173]
  [181]
  [180]
  ...
  [178]
  [180]
  [172]]

 [[175]
  [183]
  [179]
  ...
  [178]
  [182]
  [174]]]",../MasterDataset/012621_97B_12_RBC_only_chan1_43.png
18,1,"[[[176]
  [186]
  [183]
  ...
  [184]
  [188]
  [177]]

 [[175]
  [197]
  [194]
  ...
  [195]
  [197]
  [178]]

 [[177]
  [200]
  [198]
  ...
  [199]
  [200]
  [177]]

 ...

 [[176]
  [200]
  [198]
  ...
  [200]
  [200]
  [175]]

 [[177]
  [197]
  [194]
  ...
  [194]
  [196]
  [175]]

 [[178]
  [188]
  [183]
  ...
  [182]
  [184]
  [174]]]",../MasterDataset/012621_99B_RBC_platelet_chan1_9.png
19,2,"[[[171]
  [182]
  [179]
  ...
  [181]
  [183]
  [173]]

 [[171]
  [181]
  [180]
  ...
  [181]
  [182]
  [172]]

 [[171]
  [190]
  [188]
  ...
  [189]
  [191]
  [172]]

 ...

 [[173]
  [191]
  [189]
  ...
  [189]
  [191]
  [173]]

 [[173]
  [183]
  [181]
  ...
  [181]
  [182]
  [174]]

 [[175]
  [185]
  [182]
  ...
  [179]
  [183]
  [174]]]",../MasterDataset/012621_138B_14_platelet_cluster_chan1_74.png
20,1,"[[[169]
  [179]
  [177]
  ...
  [178]
  [180]
  [172]]

 [[167]
  [179]
  [178]
  ...
  [178]
  [180]
  [171]]

 [[169]
  [187]
  [186]
  ...
  [186]
  [188]
  [172]]

 ...

 [[171]
  [188]
  [186]
  ...
  [185]
  [188]
  [172]]

 [[172]
  [180]
  [179]
  ...
  [178]
  [180]
  [172]]

 [[173]
  [182]
  [179]
  ...
  [178]
  [182]
  [174]]]",../MasterDataset/012621_97B_12_RBC_only_chan1_54.png
21,0,"[[[171]
  [179]
  [177]
  ...
  [179]
  [180]
  [172]]

 [[170]
  [184]
  [182]
  ...
  [184]
  [185]
  [172]]

 [[170]
  [195]
  [192]
  ...
  [194]
  [195]
  [172]]

 ...

 [[170]
  [195]
  [192]
  ...
  [193]
  [195]
  [169]]

 [[170]
  [185]
  [184]
  ...
  [184]
  [185]
  [170]]

 [[170]
  [181]
  [179]
  ...
  [179]
  [181]
  [170]]]",../MasterDataset/012621_83B_4_platelet_cluster_chan1_71.png
22,2,"[[[173]
  [182]
  [181]
  ...
  [181]
  [183]
  [174]]

 [[172]
  [182]
  [181]
  ...
  [181]
  [182]
  [174]]

 [[173]
  [189]
  [187]
  ...
  [187]
  [189]
  [174]]

 ...

 [[172]
  [188]
  [186]
  ...
  [187]
  [189]
  [173]]

 [[172]
  [181]
  [181]
  ...
  [181]
  [182]
  [174]]

 [[173]
  [182]
  [181]
  ...
  [181]
  [183]
  [174]]]",../MasterDataset/012621_141B_10_platelet_cluster_chan1_6.png
23,1,"[[[169]
  [179]
  [177]
  ...
  [178]
  [180]
  [172]]

 [[167]
  [180]
  [178]
  ...
  [179]
  [181]
  [171]]

 [[169]
  [192]
  [190]
  ...
  [191]
  [193]
  [172]]

 ...

 [[171]
  [192]
  [187]
  ...
  [190]
  [191]
  [168]]

 [[171]
  [181]
  [177]
  ...
  [179]
  [180]
  [168]]

 [[171]
  [180]
  [175]
  ...
  [177]
  [179]
  [168]]]",../MasterDataset/012621_83B_4_wbc_chan1_19.png
24,1,"[[[169]
  [179]
  [176]
  ...
  [178]
  [179]
  [170]]

 [[168]
  [179]
  [176]
  ...
  [178]
  [179]
  [171]]

 [[168]
  [186]
  [184]
  ...
  [185]
  [186]
  [170]]

 ...

 [[169]
  [186]
  [184]
  ...
  [186]
  [188]
  [171]]

 [[168]
  [179]
  [177]
  ...
  [179]
  [181]
  [171]]

 [[169]
  [177]
  [177]
  ...
  [179]
  [182]
  [172]]]",../MasterDataset/012621_83B_4_platelet_cluster_chan1_6.png
25,1,"[[[173]
  [182]
  [181]
  ...
  [181]
  [183]
  [174]]

 [[172]
  [182]
  [181]
  ...
  [181]
  [182]
  [174]]

 [[173]
  [191]
  [189]
  ...
  [190]
  [192]
  [174]]

 ...

 [[174]
  [193]
  [189]
  ...
  [190]
  [192]
  [175]]

 [[175]
  [186]
  [181]
  ...
  [181]
  [183]
  [175]]

 [[176]
  [186]
  [181]
  ...
  [181]
  [185]
  [177]]]",../MasterDataset/012621_138B_14_wbc_chan1_85.png
26,0,"[[[178]
  [188]
  [185]
  ...
  [187]
  [189]
  [180]]

 [[177]
  [189]
  [185]
  ...
  [187]
  [190]
  [179]]

 [[177]
  [201]
  [198]
  ...
  [199]
  [202]
  [179]]

 ...

 [[178]
  [202]
  [200]
  ...
  [197]
  [201]
  [179]]

 [[178]
  [190]
  [189]
  ...
  [184]
  [189]
  [179]]

 [[179]
  [189]
  [188]
  ...
  [185]
  [188]
  [179]]]",../MasterDataset/012621_139B_16_platelet_cluster_chan1_81.png
27,2,"[[[171]
  [182]
  [180]
  ...
  [181]
  [183]
  [173]]

 [[171]
  [183]
  [182]
  ...
  [182]
  [183]
  [172]]

 [[171]
  [196]
  [193]
  ...
  [194]
  [196]
  [172]]

 ...

 [[171]
  [194]
  [191]
  ...
  [194]
  [195]
  [172]]

 [[171]
  [182]
  [182]
  ...
  [182]
  [184]
  [172]]

 [[170]
  [182]
  [180]
  ...
  [181]
  [183]
  [173]]]",../MasterDataset/012621_138B_14_RBC_platelet_chan1_23.png
28,1,"[[[171]
  [182]
  [179]
  ...
  [181]
  [183]
  [173]]

 [[171]
  [181]
  [180]
  ...
  [181]
  [182]
  [172]]

 [[171]
  [194]
  [192]
  ...
  [193]
  [195]
  [172]]

 ...

 [[173]
  [195]
  [193]
  ...
  [190]
  [193]
  [172]]

 [[172]
  [182]
  [182]
  ...
  [179]
  [181]
  [172]]

 [[173]
  [183]
  [182]
  ...
  [179]
  [182]
  [173]]]",../MasterDataset/012621_138B_14_RBC_only_chan1_53.png
29,1,"[[[174]
  [185]
  [182]
  ...
  [184]
  [188]
  [177]]

 [[174]
  [196]
  [194]
  ...
  [195]
  [198]
  [178]]

 [[175]
  [199]
  [197]
  ...
  [198]
  [200]
  [177]]

 ...

 [[176]
  [199]
  [198]
  ...
  [200]
  [200]
  [176]]

 [[176]
  [197]
  [194]
  ...
  [194]
  [196]
  [175]]

 [[178]
  [186]
  [183]
  ...
  [182]
  [184]
  [174]]]",../MasterDataset/012621_99B_RBC_only_chan1_17.png
30,0,"[[[176]
  [186]
  [182]
  ...
  [184]
  [188]
  [177]]

 [[175]
  [189]
  [185]
  ...
  [186]
  [190]
  [177]]

 [[176]
  [200]
  [197]
  ...
  [199]
  [200]
  [178]]

 ...

 [[177]
  [200]
  [197]
  ...
  [200]
  [200]
  [175]]

 [[176]
  [189]
  [186]
  ...
  [189]
  [189]
  [173]]

 [[176]
  [186]
  [185]
  ...
  [186]
  [186]
  [173]]]",../MasterDataset/012621_85B_7_platelet_cluster_chan1_55.png
31,2,"[[[173]
  [182]
  [181]
  ...
  [181]
  [183]
  [174]]

 [[172]
  [182]
  [181]
  ...
  [181]
  [182]
  [174]]

 [[173]
  [188]
  [187]
  ...
  [187]
  [189]
  [174]]

 ...

 [[173]
  [187]
  [185]
  ...
  [188]
  [188]
  [172]]

 [[172]
  [181]
  [179]
  ...
  [183]
  [182]
  [172]]

 [[173]
  [182]
  [178]
  ...
  [184]
  [183]
  [173]]]",../MasterDataset/012621_141B_10_platelet_cluster_chan1_47.png
32,2,"[[[173]
  [185]
  [181]
  ...
  [182]
  [185]
  [177]]

 [[172]
  [184]
  [182]
  ...
  [183]
  [186]
  [176]]

 [[173]
  [191]
  [189]
  ...
  [190]
  [193]
  [176]]

 ...

 [[173]
  [192]
  [189]
  ...
  [188]
  [192]
  [176]]

 [[173]
  [186]
  [183]
  ...
  [181]
  [186]
  [176]]

 [[175]
  [185]
  [184]
  ...
  [181]
  [185]
  [177]]]",../MasterDataset/012621_135B_17_platelet_cluster_chan1_80.png
33,2,"[[[175]
  [185]
  [182]
  ...
  [184]
  [188]
  [177]]

 [[173]
  [186]
  [183]
  ...
  [184]
  [188]
  [177]]

 [[173]
  [192]
  [189]
  ...
  [191]
  [194]
  [177]]

 ...

 [[175]
  [192]
  [188]
  ...
  [190]
  [193]
  [176]]

 [[175]
  [186]
  [183]
  ...
  [184]
  [188]
  [177]]

 [[176]
  [185]
  [184]
  ...
  [184]
  [188]
  [177]]]",../MasterDataset/012621_99B_platelet_cluster_chan1_69.png
34,2,"[[[166]
  [176]
  [173]
  ...
  [174]
  [176]
  [168]]

 [[165]
  [178]
  [175]
  ...
  [175]
  [179]
  [167]]

 [[166]
  [188]
  [186]
  ...
  [188]
  [189]
  [166]]

 ...

 [[169]
  [191]
  [189]
  ...
  [186]
  [188]
  [166]]

 [[170]
  [181]
  [180]
  ...
  [175]
  [179]
  [167]]

 [[172]
  [180]
  [178]
  ...
  [172]
  [176]
  [168]]]",../MasterDataset/012621_98B_2_rbc_only_chan1_22.png
35,0,"[[[168]
  [179]
  [176]
  ...
  [178]
  [179]
  [170]]

 [[168]
  [182]
  [179]
  ...
  [181]
  [182]
  [171]]

 [[169]
  [192]
  [190]
  ...
  [192]
  [193]
  [169]]

 ...

 [[170]
  [192]
  [189]
  ...
  [189]
  [190]
  [166]]

 [[168]
  [182]
  [179]
  ...
  [179]
  [180]
  [167]]

 [[170]
  [179]
  [176]
  ...
  [176]
  [177]
  [168]]]",../MasterDataset/012621_83B_4_platelet_cluster_chan1_51.png
36,2,"[[[170]
  [180]
  [178]
  ...
  [180]
  [182]
  [173]]

 [[170]
  [180]
  [178]
  ...
  [181]
  [181]
  [172]]

 [[170]
  [192]
  [190]
  ...
  [191]
  [193]
  [172]]

 ...

 [[170]
  [191]
  [188]
  ...
  [191]
  [193]
  [172]]

 [[169]
  [180]
  [178]
  ...
  [181]
  [181]
  [172]]

 [[171]
  [180]
  [178]
  ...
  [181]
  [182]
  [173]]]",../MasterDataset/012621_97B_12_platelet_cluster_chan1_71.png
37,0,"[[[178]
  [188]
  [185]
  ...
  [186]
  [189]
  [180]]

 [[177]
  [190]
  [186]
  ...
  [188]
  [191]
  [179]]

 [[177]
  [201]
  [200]
  ...
  [200]
  [203]
  [179]]

 ...

 [[178]
  [202]
  [198]
  ...
  [200]
  [201]
  [178]]

 [[179]
  [192]
  [186]
  ...
  [190]
  [191]
  [178]]

 [[180]
  [191]
  [186]
  ...
  [190]
  [189]
  [177]]]",../MasterDataset/012621_139B_16_platelet_cluster_chan1_84.png
38,1,"[[[178]
  [188]
  [185]
  ...
  [186]
  [189]
  [180]]

 [[178]
  [188]
  [185]
  ...
  [187]
  [189]
  [179]]

 [[177]
  [191]
  [188]
  ...
  [190]
  [192]
  [179]]

 ...

 [[176]
  [190]
  [187]
  ...
  [191]
  [192]
  [179]]

 [[176]
  [188]
  [184]
  ...
  [189]
  [191]
  [179]]

 [[176]
  [188]
  [184]
  ...
  [189]
  [191]
  [180]]]",../MasterDataset/012621_139B_16_platelet_cluster_chan1_26.png
39,2,"[[[162]
  [173]
  [170]
  ...
  [170]
  [174]
  [166]]

 [[163]
  [180]
  [179]
  ...
  [180]
  [183]
  [165]]

 [[163]
  [186]
  [185]
  ...
  [186]
  [188]
  [165]]

 ...

 [[165]
  [187]
  [185]
  ...
  [184]
  [186]
  [165]]

 [[164]
  [183]
  [180]
  ...
  [178]
  [182]
  [166]]

 [[166]
  [176]
  [173]
  ...
  [170]
  [174]
  [167]]]",../MasterDataset/012621_121B_1_wbc_chan1_1.png
40,1,"[[[173]
  [183]
  [181]
  ...
  [181]
  [185]
  [176]]

 [[172]
  [187]
  [185]
  ...
  [186]
  [188]
  [175]]

 [[173]
  [198]
  [196]
  ...
  [197]
  [199]
  [175]]

 ...

 [[173]
  [198]
  [196]
  ...
  [196]
  [199]
  [175]]

 [[172]
  [187]
  [186]
  ...
  [187]
  [190]
  [176]]

 [[173]
  [185]
  [183]
  ...
  [185]
  [186]
  [177]]]",../MasterDataset/012621_98B_8_rbc_platelet_chan1_55.png
41,1,"[[[173]
  [182]
  [181]
  ...
  [181]
  [185]
  [174]]

 [[172]
  [186]
  [185]
  ...
  [186]
  [187]
  [174]]

 [[173]
  [197]
  [195]
  ...
  [196]
  [198]
  [174]]

 ...

 [[173]
  [197]
  [195]
  ...
  [196]
  [198]
  [175]]

 [[172]
  [186]
  [186]
  ...
  [186]
  [189]
  [174]]

 [[173]
  [183]
  [182]
  ...
  [184]
  [185]
  [175]]]",../MasterDataset/012621_141B_10_RBC_only_chan1_11.png
42,1,"[[[173]
  [182]
  [181]
  ...
  [181]
  [185]
  [174]]

 [[172]
  [182]
  [181]
  ...
  [182]
  [183]
  [174]]

 [[173]
  [191]
  [189]
  ...
  [190]
  [192]
  [174]]

 ...

 [[176]
  [194]
  [189]
  ...
  [190]
  [192]
  [175]]

 [[177]
  [187]
  [182]
  ...
  [181]
  [183]
  [175]]

 [[178]
  [186]
  [182]
  ...
  [181]
  [185]
  [177]]]",../MasterDataset/012621_141B_10_wbc_chan1_15.png
43,2,"[[[175]
  [183]
  [182]
  ...
  [184]
  [186]
  [177]]

 [[173]
  [183]
  [182]
  ...
  [184]
  [187]
  [177]]

 [[173]
  [193]
  [191]
  ...
  [193]
  [194]
  [176]]

 ...

 [[177]
  [196]
  [192]
  ...
  [192]
  [194]
  [176]]

 [[178]
  [189]
  [184]
  ...
  [183]
  [187]
  [177]]

 [[179]
  [189]
  [184]
  ...
  [182]
  [186]
  [177]]]",../MasterDataset/012621_135B_17_RBC_only_chan1_38.png
44,1,"[[[166]
  [176]
  [174]
  ...
  [175]
  [177]
  [168]]

 [[167]
  [180]
  [177]
  ...
  [179]
  [182]
  [168]]

 [[167]
  [190]
  [188]
  ...
  [190]
  [191]
  [168]]

 ...

 [[167]
  [191]
  [189]
  ...
  [189]
  [192]
  [169]]

 [[167]
  [182]
  [180]
  ...
  [181]
  [183]
  [170]]

 [[167]
  [177]
  [176]
  ...
  [178]
  [180]
  [170]]]",../MasterDataset/012621_98B_2_rbc_only_chan1_53.png
45,1,"[[[173]
  [185]
  [181]
  ...
  [182]
  [185]
  [177]]

 [[172]
  [183]
  [182]
  ...
  [183]
  [186]
  [176]]

 [[173]
  [195]
  [193]
  ...
  [194]
  [196]
  [175]]

 ...

 [[175]
  [196]
  [193]
  ...
  [194]
  [196]
  [175]]

 [[175]
  [186]
  [182]
  ...
  [184]
  [187]
  [176]]

 [[176]
  [185]
  [182]
  ...
  [185]
  [186]
  [177]]]",../MasterDataset/012621_98B_8_platelet_cluster_chan1_47.png
46,1,"[[[162]
  [173]
  [170]
  ...
  [170]
  [174]
  [166]]

 [[162]
  [171]
  [171]
  ...
  [171]
  [175]
  [166]]

 [[163]
  [182]
  [181]
  ...
  [181]
  [184]
  [165]]

 ...

 [[165]
  [184]
  [180]
  ...
  [182]
  [184]
  [165]]

 [[165]
  [174]
  [170]
  ...
  [172]
  [176]
  [166]]

 [[165]
  [173]
  [170]
  ...
  [173]
  [176]
  [166]]]",../MasterDataset/012621_121B_1_platelet_cluster_chan1_35.png
47,2,"[[[171]
  [179]
  [177]
  ...
  [179]
  [180]
  [172]]

 [[170]
  [179]
  [178]
  ...
  [179]
  [180]
  [171]]

 [[170]
  [188]
  [186]
  ...
  [187]
  [188]
  [172]]

 ...

 [[171]
  [189]
  [186]
  ...
  [187]
  [189]
  [172]]

 [[172]
  [181]
  [179]
  ...
  [178]
  [180]
  [172]]

 [[173]
  [183]
  [179]
  ...
  [178]
  [182]
  [174]]]",../MasterDataset/012621_83B_4_wbc_chan1_26.png
48,1,"[[[176]
  [186]
  [185]
  ...
  [185]
  [189]
  [180]]

 [[176]
  [187]
  [185]
  ...
  [185]
  [189]
  [180]]

 [[176]
  [189]
  [186]
  ...
  [187]
  [191]
  [179]]

 ...

 [[178]
  [191]
  [189]
  ...
  [189]
  [191]
  [178]]

 [[178]
  [190]
  [187]
  ...
  [187]
  [188]
  [177]]

 [[179]
  [189]
  [187]
  ...
  [186]
  [188]
  [177]]]",../MasterDataset/012621_139B_16_platelet_cluster_chan1_60.png
49,2,"[[[178]
  [188]
  [185]
  ...
  [187]
  [189]
  [180]]

 [[177]
  [189]
  [185]
  ...
  [187]
  [190]
  [179]]

 [[177]
  [194]
  [191]
  ...
  [192]
  [195]
  [179]]

 ...

 [[178]
  [195]
  [194]
  ...
  [193]
  [195]
  [181]]

 [[179]
  [191]
  [189]
  ...
  [188]
  [191]
  [181]]

 [[180]
  [191]
  [189]
  ...
  [188]
  [191]
  [181]]]",../MasterDataset/012621_139B_16_platelet_cluster_chan1_87.png
50,2,"[[[166]
  [176]
  [173]
  ...
  [174]
  [176]
  [168]]

 [[165]
  [180]
  [177]
  ...
  [177]
  [180]
  [167]]

 [[166]
  [189]
  [187]
  ...
  [188]
  [190]
  [166]]

 ...

 [[166]
  [189]
  [187]
  ...
  [187]
  [190]
  [168]]

 [[165]
  [180]
  [178]
  ...
  [180]
  [182]
  [168]]

 [[166]
  [176]
  [174]
  ...
  [176]
  [179]
  [168]]]",../MasterDataset/012621_98B_2_rbc_platelet_chan1_12.png
51,2,"[[[171]
  [182]
  [179]
  ...
  [181]
  [183]
  [173]]

 [[171]
  [181]
  [180]
  ...
  [181]
  [183]
  [172]]

 [[171]
  [186]
  [185]
  ...
  [186]
  [187]
  [172]]

 ...

 [[173]
  [188]
  [186]
  ...
  [186]
  [188]
  [174]]

 [[172]
  [184]
  [181]
  ...
  [182]
  [184]
  [174]]

 [[173]
  [185]
  [182]
  ...
  [182]
  [185]
  [174]]]",../MasterDataset/012621_105b_9_platelet_cluster_chan1_70.png
52,0,"[[[163]
  [173]
  [170]
  ...
  [170]
  [174]
  [166]]

 [[163]
  [175]
  [173]
  ...
  [173]
  [176]
  [166]]

 [[164]
  [185]
  [184]
  ...
  [184]
  [186]
  [165]]

 ...

 [[164]
  [185]
  [182]
  ...
  [184]
  [185]
  [165]]

 [[165]
  [176]
  [172]
  ...
  [174]
  [176]
  [164]]

 [[166]
  [174]
  [170]
  ...
  [174]
  [174]
  [163]]]",../MasterDataset/012621_121B_1_platelet_cluster_chan1_65.png
53,1,"[[[170]
  [182]
  [179]
  ...
  [180]
  [182]
  [173]]

 [[170]
  [185]
  [183]
  ...
  [184]
  [185]
  [172]]

 [[170]
  [196]
  [193]
  ...
  [194]
  [196]
  [172]]

 ...

 [[170]
  [195]
  [193]
  ...
  [193]
  [196]
  [172]]

 [[171]
  [185]
  [184]
  ...
  [185]
  [186]
  [172]]

 [[171]
  [182]
  [180]
  ...
  [182]
  [183]
  [173]]]",../MasterDataset/012621_105b_9_rbc_platelet_chan1_3.png
54,1,"[[[176]
  [186]
  [185]
  ...
  [185]
  [189]
  [180]]

 [[176]
  [193]
  [190]
  ...
  [191]
  [195]
  [179]]

 [[177]
  [203]
  [201]
  ...
  [203]
  [205]
  [179]]

 ...

 [[177]
  [203]
  [201]
  ...
  [202]
  [204]
  [179]]

 [[176]
  [193]
  [190]
  ...
  [192]
  [195]
  [180]]

 [[176]
  [187]
  [184]
  ...
  [186]
  [190]
  [181]]]",../MasterDataset/012621_139B_16_rbc_platelet_chan1_26.png
55,1,"[[[171]
  [182]
  [180]
  ...
  [181]
  [183]
  [173]]

 [[171]
  [182]
  [181]
  ...
  [181]
  [182]
  [172]]

 [[171]
  [192]
  [190]
  ...
  [190]
  [192]
  [172]]

 ...

 [[173]
  [191]
  [190]
  ...
  [191]
  [195]
  [175]]

 [[172]
  [181]
  [181]
  ...
  [182]
  [186]
  [174]]

 [[173]
  [182]
  [181]
  ...
  [182]
  [185]
  [174]]]",../MasterDataset/012621_141B_10_wbc_chan1_12.png
56,2,"[[[169]
  [179]
  [176]
  ...
  [178]
  [179]
  [170]]

 [[167]
  [179]
  [176]
  ...
  [178]
  [179]
  [171]]

 [[169]
  [189]
  [188]
  ...
  [189]
  [190]
  [170]]

 ...

 [[169]
  [189]
  [186]
  ...
  [190]
  [192]
  [171]]

 [[167]
  [179]
  [176]
  ...
  [179]
  [181]
  [171]]

 [[169]
  [179]
  [176]
  ...
  [179]
  [182]
  [172]]]",../MasterDataset/012621_83B_4_wbc_chan1_39.png
57,2,"[[[173]
  [183]
  [181]
  ...
  [183]
  [185]
  [175]]

 [[173]
  [183]
  [181]
  ...
  [183]
  [186]
  [174]]

 [[173]
  [188]
  [186]
  ...
  [187]
  [190]
  [174]]

 ...

 [[174]
  [190]
  [188]
  ...
  [189]
  [192]
  [176]]

 [[175]
  [186]
  [183]
  ...
  [184]
  [188]
  [177]]

 [[176]
  [185]
  [184]
  ...
  [185]
  [188]
  [177]]]",../MasterDataset/012621_135B_17_platelet_cluster_chan1_21.png
58,1,"[[[162]
  [173]
  [170]
  ...
  [170]
  [174]
  [166]]

 [[162]
  [171]
  [171]
  ...
  [171]
  [175]
  [166]]

 [[163]
  [180]
  [179]
  ...
  [179]
  [182]
  [165]]

 ...

 [[166]
  [182]
  [179]
  ...
  [178]
  [182]
  [165]]

 [[166]
  [176]
  [171]
  ...
  [170]
  [175]
  [166]]

 [[169]
  [176]
  [173]
  ...
  [170]
  [174]
  [166]]]",../MasterDataset/012621_121B_1_wbc_chan1_63.png
59,0,"[[[173]
  [183]
  [181]
  ...
  [183]
  [185]
  [175]]

 [[172]
  [185]
  [183]
  ...
  [184]
  [187]
  [174]]

 [[173]
  [197]
  [195]
  ...
  [197]
  [198]
  [175]]

 ...

 [[173]
  [198]
  [195]
  ...
  [197]
  [200]
  [175]]

 [[174]
  [188]
  [185]
  ...
  [185]
  [189]
  [177]]

 [[176]
  [186]
  [185]
  ...
  [184]
  [188]
  [177]]]",../MasterDataset/012621_126B_13_platelet_cluster_chan1_34.png
60,1,"[[[176]
  [186]
  [185]
  ...
  [185]
  [189]
  [180]]

 [[176]
  [187]
  [185]
  ...
  [185]
  [190]
  [179]]

 [[176]
  [194]
  [192]
  ...
  [192]
  [196]
  [179]]

 ...

 [[177]
  [194]
  [190]
  ...
  [192]
  [196]
  [178]]

 [[177]
  [188]
  [184]
  ...
  [186]
  [190]
  [179]]

 [[178]
  [188]
  [185]
  ...
  [186]
  [189]
  [180]]]",../MasterDataset/012621_85B_7_wbc_chan1_64.png
61,2,"[[[173]
  [185]
  [181]
  ...
  [182]
  [185]
  [177]]

 [[172]
  [183]
  [182]
  ...
  [183]
  [186]
  [176]]

 [[173]
  [196]
  [194]
  ...
  [195]
  [198]
  [175]]

 ...

 [[175]
  [198]
  [196]
  ...
  [194]
  [196]
  [175]]

 [[172]
  [186]
  [184]
  ...
  [181]
  [183]
  [175]]

 [[173]
  [185]
  [185]
  ...
  [181]
  [185]
  [176]]]",../MasterDataset/012621_126B_13_RBC_only_chan1_68.png
62,2,"[[[162]
  [173]
  [170]
  ...
  [170]
  [174]
  [166]]

 [[162]
  [172]
  [170]
  ...
  [171]
  [175]
  [166]]

 [[162]
  [176]
  [175]
  ...
  [176]
  [180]
  [166]]

 ...

 [[165]
  [180]
  [177]
  ...
  [177]
  [180]
  [165]]

 [[165]
  [176]
  [172]
  ...
  [172]
  [176]
  [166]]

 [[166]
  [176]
  [173]
  ...
  [173]
  [176]
  [166]]]",../MasterDataset/012621_103B_3_platelet_cluster_chan1_53.png
63,1,"[[[173]
  [185]
  [182]
  ...
  [182]
  [185]
  [177]]

 [[173]
  [190]
  [188]
  ...
  [190]
  [192]
  [176]]

 [[174]
  [200]
  [198]
  ...
  [199]
  [201]
  [176]]

 ...

 [[176]
  [201]
  [198]
  ...
  [199]
  [200]
  [175]]

 [[175]
  [193]
  [189]
  ...
  [191]
  [192]
  [174]]

 [[176]
  [186]
  [183]
  ...
  [185]
  [185]
  [174]]]",../MasterDataset/012621_135B_17_RBC_only_chan1_57.png
64,2,"[[[176]
  [186]
  [182]
  ...
  [184]
  [188]
  [177]]

 [[175]
  [194]
  [190]
  ...
  [192]
  [194]
  [177]]

 [[176]
  [203]
  [200]
  ...
  [201]
  [203]
  [178]]

 ...

 [[177]
  [203]
  [200]
  ...
  [198]
  [202]
  [176]]

 [[175]
  [193]
  [191]
  ...
  [189]
  [191]
  [174]]

 [[176]
  [186]
  [184]
  ...
  [183]
  [183]
  [173]]]",../MasterDataset/012621_99B_RBC_platelet_chan1_53.png
65,2,"[[[175]
  [183]
  [182]
  ...
  [184]
  [186]
  [177]]

 [[173]
  [183]
  [182]
  ...
  [184]
  [187]
  [176]]

 [[173]
  [189]
  [187]
  ...
  [189]
  [191]
  [176]]

 ...

 [[177]
  [194]
  [190]
  ...
  [190]
  [192]
  [178]]

 [[177]
  [189]
  [185]
  ...
  [185]
  [188]
  [177]]

 [[178]
  [188]
  [187]
  ...
  [187]
  [188]
  [177]]]",../MasterDataset/012621_135B_17_platelet_cluster_chan1_11.png
66,2,"[[[173]
  [183]
  [181]
  ...
  [183]
  [185]
  [174]]

 [[172]
  [182]
  [181]
  ...
  [183]
  [183]
  [173]]

 [[173]
  [195]
  [192]
  ...
  [194]
  [196]
  [175]]

 ...

 [[174]
  [195]
  [193]
  ...
  [194]
  [195]
  [175]]

 [[175]
  [186]
  [182]
  ...
  [182]
  [183]
  [173]]

 [[176]
  [185]
  [183]
  ...
  [183]
  [185]
  [174]]]",../MasterDataset/012621_126B_13_wbc_chan1_42.png
67,2,"[[[173]
  [183]
  [181]
  ...
  [181]
  [185]
  [176]]

 [[173]
  [186]
  [184]
  ...
  [185]
  [187]
  [175]]

 [[173]
  [198]
  [196]
  ...
  [196]
  [199]
  [175]]

 ...

 [[174]
  [199]
  [196]
  ...
  [194]
  [198]
  [174]]

 [[175]
  [189]
  [187]
  ...
  [185]
  [188]
  [176]]

 [[176]
  [188]
  [185]
  ...
  [181]
  [186]
  [179]]]",../MasterDataset/012621_126B_13_wbc_chan1_46.png
68,2,"[[[166]
  [176]
  [173]
  ...
  [174]
  [176]
  [168]]

 [[165]
  [176]
  [173]
  ...
  [173]
  [177]
  [167]]

 [[166]
  [187]
  [185]
  ...
  [186]
  [188]
  [167]]

 ...

 [[167]
  [189]
  [187]
  ...
  [184]
  [187]
  [166]]

 [[167]
  [178]
  [176]
  ...
  [172]
  [176]
  [167]]

 [[166]
  [177]
  [175]
  ...
  [173]
  [176]
  [168]]]",../MasterDataset/012621_98B_2_rbc_only_chan1_12.png
69,1,"[[[173]
  [183]
  [181]
  ...
  [183]
  [185]
  [175]]

 [[173]
  [189]
  [187]
  ...
  [189]
  [191]
  [174]]

 [[174]
  [199]
  [197]
  ...
  [199]
  [200]
  [175]]

 ...

 [[176]
  [199]
  [197]
  ...
  [198]
  [199]
  [172]]

 [[177]
  [192]
  [189]
  ...
  [189]
  [189]
  [173]]

 [[178]
  [186]
  [184]
  ...
  [183]
  [185]
  [174]]]",../MasterDataset/012621_135B_17_RBC_platelet_chan1_5.png
70,2,"[[[162]
  [173]
  [170]
  ...
  [170]
  [173]
  [163]]

 [[162]
  [172]
  [170]
  ...
  [171]
  [174]
  [164]]

 [[162]
  [177]
  [175]
  ...
  [176]
  [179]
  [164]]

 ...

 [[164]
  [179]
  [176]
  ...
  [177]
  [181]
  [166]]

 [[165]
  [174]
  [171]
  ...
  [172]
  [176]
  [166]]

 [[165]
  [173]
  [170]
  ...
  [173]
  [176]
  [166]]]",../MasterDataset/012621_103B_3_platelet_cluster_chan1_76.png
71,1,"[[[176]
  [186]
  [185]
  ...
  [185]
  [189]
  [180]]

 [[176]
  [194]
  [191]
  ...
  [192]
  [196]
  [179]]

 [[177]
  [203]
  [201]
  ...
  [203]
  [205]
  [179]]

 ...

 [[179]
  [204]
  [201]
  ...
  [202]
  [203]
  [176]]

 [[179]
  [196]
  [191]
  ...
  [193]
  [195]
  [177]]

 [[180]
  [191]
  [186]
  ...
  [187]
  [189]
  [177]]]",../MasterDataset/012621_85B_7_RBC_platelet_chan1_3.png
72,2,"[[[171]
  [179]
  [178]
  ...
  [179]
  [182]
  [173]]

 [[170]
  [182]
  [181]
  ...
  [182]
  [184]
  [172]]

 [[170]
  [194]
  [192]
  ...
  [193]
  [195]
  [172]]

 ...

 [[170]
  [195]
  [192]
  ...
  [191]
  [194]
  [171]]

 [[171]
  [186]
  [183]
  ...
  [180]
  [185]
  [173]]

 [[173]
  [183]
  [182]
  ...
  [178]
  [183]
  [174]]]",../MasterDataset/012621_105b_9_wbc_chan1_34.png
73,1,"[[[168]
  [179]
  [176]
  ...
  [178]
  [179]
  [170]]

 [[168]
  [186]
  [184]
  ...
  [185]
  [186]
  [170]]

 [[169]
  [194]
  [193]
  ...
  [194]
  [195]
  [169]]

 ...

 [[168]
  [194]
  [192]
  ...
  [192]
  [194]
  [169]]

 [[167]
  [186]
  [184]
  ...
  [184]
  [186]
  [170]]

 [[167]
  [179]
  [178]
  ...
  [178]
  [179]
  [169]]]",../MasterDataset/012621_83B_4_platelet_RBC_chan1_31.png
74,1,"[[[166]
  [176]
  [174]
  ...
  [175]
  [177]
  [168]]

 [[166]
  [183]
  [180]
  ...
  [182]
  [184]
  [168]]

 [[166]
  [192]
  [190]
  ...
  [191]
  [193]
  [168]]

 ...

 [[166]
  [191]
  [189]
  ...
  [188]
  [190]
  [165]]

 [[166]
  [183]
  [181]
  ...
  [180]
  [183]
  [167]]

 [[166]
  [176]
  [175]
  ...
  [174]
  [177]
  [169]]]",../MasterDataset/012621_98B_2_rbc_platelet_chan1_3.png
75,1,"[[[173]
  [183]
  [181]
  ...
  [181]
  [185]
  [176]]

 [[172]
  [187]
  [185]
  ...
  [186]
  [188]
  [175]]

 [[173]
  [198]
  [196]
  ...
  [197]
  [199]
  [175]]

 ...

 [[173]
  [198]
  [196]
  ...
  [196]
  [199]
  [175]]

 [[172]
  [187]
  [186]
  ...
  [187]
  [190]
  [176]]

 [[173]
  [185]
  [183]
  ...
  [185]
  [186]
  [177]]]",../MasterDataset/012621_126B_13_RBC_platelet_chan1_13.png
76,2,"[[[178]
  [188]
  [185]
  ...
  [186]
  [189]
  [180]]

 [[178]
  [188]
  [185]
  ...
  [187]
  [189]
  [180]]

 [[177]
  [191]
  [187]
  ...
  [189]
  [191]
  [179]]

 ...

 [[178]
  [193]
  [190]
  ...
  [190]
  [191]
  [179]]

 [[178]
  [190]
  [188]
  ...
  [188]
  [189]
  [179]]

 [[178]
  [189]
  [187]
  ...
  [187]
  [189]
  [179]]]",../MasterDataset/012621_139B_16_platelet_cluster_chan1_18.png
77,2,"[[[171]
  [182]
  [180]
  ...
  [181]
  [183]
  [173]]

 [[171]
  [186]
  [184]
  ...
  [185]
  [186]
  [172]]

 [[172]
  [197]
  [194]
  ...
  [195]
  [197]
  [172]]

 ...

 [[172]
  [196]
  [194]
  ...
  [195]
  [197]
  [173]]

 [[172]
  [185]
  [184]
  ...
  [185]
  [187]
  [174]]

 [[173]
  [182]
  [181]
  ...
  [182]
  [185]
  [174]]]",../MasterDataset/012621_138B_14_RBC_only_chan1_57.png
78,1,"[[[176]
  [186]
  [185]
  ...
  [185]
  [189]
  [180]]

 [[176]
  [192]
  [189]
  ...
  [190]
  [194]
  [179]]

 [[177]
  [202]
  [200]
  ...
  [202]
  [204]
  [179]]

 ...

 [[177]
  [203]
  [201]
  ...
  [200]
  [203]
  [179]]

 [[177]
  [193]
  [191]
  ...
  [192]
  [194]
  [179]]

 [[178]
  [188]
  [187]
  ...
  [188]
  [189]
  [180]]]",../MasterDataset/012621_85B_7_RBC_platelet_chan1_6.png
79,1,"[[[173]
  [185]
  [181]
  ...
  [182]
  [185]
  [177]]

 [[172]
  [183]
  [182]
  ...
  [183]
  [186]
  [177]]

 [[173]
  [193]
  [191]
  ...
  [192]
  [194]
  [176]]

 ...

 [[176]
  [195]
  [191]
  ...
  [191]
  [194]
  [176]]

 [[177]
  [188]
  [183]
  ...
  [182]
  [187]
  [177]]

 [[178]
  [188]
  [184]
  ...
  [182]
  [186]
  [177]]]",../MasterDataset/012621_135B_17_wbc_chan1_21.png
80,2,"[[[168]
  [179]
  [177]
  ...
  [178]
  [180]
  [172]]

 [[168]
  [185]
  [184]
  ...
  [184]
  [186]
  [171]]

 [[169]
  [195]
  [193]
  ...
  [193]
  [195]
  [171]]

 ...

 [[170]
  [195]
  [193]
  ...
  [193]
  [195]
  [169]]

 [[170]
  [186]
  [184]
  ...
  [185]
  [186]
  [169]]

 [[170]
  [180]
  [178]
  ...
  [180]
  [180]
  [169]]]",../MasterDataset/012621_97B_12_RBC_only_chan1_59.png
81,1,"[[[162]
  [173]
  [170]
  ...
  [170]
  [173]
  [163]]

 [[162]
  [171]
  [170]
  ...
  [171]
  [174]
  [164]]

 [[163]
  [184]
  [181]
  ...
  [182]
  [185]
  [164]]

 ...

 [[163]
  [185]
  [183]
  ...
  [180]
  [184]
  [163]]

 [[163]
  [174]
  [172]
  ...
  [170]
  [171]
  [164]]

 [[164]
  [173]
  [172]
  ...
  [168]
  [173]
  [163]]]",../MasterDataset/012621_103B_3_wbc_chan1_38.png
82,0,"[[[169]
  [179]
  [177]
  ...
  [178]
  [180]
  [172]]

 [[168]
  [181]
  [179]
  ...
  [180]
  [182]
  [171]]

 [[169]
  [192]
  [191]
  ...
  [191]
  [193]
  [171]]

 ...

 [[171]
  [194]
  [191]
  ...
  [192]
  [194]
  [172]]

 [[171]
  [183]
  [180]
  ...
  [182]
  [183]
  [172]]

 [[171]
  [182]
  [178]
  ...
  [181]
  [182]
  [173]]]",../MasterDataset/012621_83B_4_platelet_cluster_chan1_53.png
83,2,"[[[173]
  [182]
  [181]
  ...
  [181]
  [185]
  [174]]

 [[172]
  [182]
  [181]
  ...
  [182]
  [184]
  [174]]

 [[173]
  [190]
  [188]
  ...
  [189]
  [191]
  [174]]

 ...

 [[173]
  [191]
  [188]
  ...
  [190]
  [193]
  [174]]

 [[172]
  [183]
  [181]
  ...
  [183]
  [186]
  [174]]

 [[173]
  [183]
  [181]
  ...
  [183]
  [185]
  [175]]]",../MasterDataset/012621_138B_14_platelet_cluster_chan1_3.png
84,0,"[[[170]
  [182]
  [179]
  ...
  [181]
  [182]
  [173]]

 [[170]
  [181]
  [179]
  ...
  [181]
  [181]
  [172]]

 [[170]
  [194]
  [191]
  ...
  [192]
  [194]
  [172]]

 ...

 [[171]
  [194]
  [193]
  ...
  [192]
  [193]
  [170]]

 [[172]
  [182]
  [181]
  ...
  [181]
  [180]
  [171]]

 [[173]
  [183]
  [181]
  ...
  [182]
  [182]
  [170]]]",../MasterDataset/012621_105b_9_platelet_cluster_chan1_44.png
85,2,"[[[162]
  [173]
  [170]
  ...
  [170]
  [174]
  [166]]

 [[162]
  [171]
  [171]
  ...
  [171]
  [175]
  [166]]

 [[163]
  [180]
  [179]
  ...
  [179]
  [182]
  [165]]

 ...

 [[166]
  [182]
  [179]
  ...
  [178]
  [182]
  [165]]

 [[166]
  [176]
  [171]
  ...
  [170]
  [175]
  [166]]

 [[169]
  [176]
  [173]
  ...
  [170]
  [174]
  [166]]]",../MasterDataset/012621_121B_1_platelet_cluster_chan1_10.png
86,2,"[[[174]
  [185]
  [182]
  ...
  [184]
  [188]
  [177]]

 [[174]
  [196]
  [194]
  ...
  [195]
  [198]
  [178]]

 [[175]
  [199]
  [197]
  ...
  [198]
  [200]
  [177]]

 ...

 [[176]
  [199]
  [198]
  ...
  [200]
  [200]
  [176]]

 [[176]
  [197]
  [194]
  ...
  [194]
  [196]
  [175]]

 [[178]
  [186]
  [183]
  ...
  [182]
  [184]
  [174]]]",../MasterDataset/012621_99B_RBC_platelet_chan1_22.png
87,1,"[[[171]
  [179]
  [177]
  ...
  [179]
  [180]
  [172]]

 [[170]
  [190]
  [188]
  ...
  [189]
  [191]
  [172]]

 [[170]
  [193]
  [190]
  ...
  [192]
  [193]
  [171]]

 ...

 [[168]
  [191]
  [191]
  ...
  [191]
  [193]
  [170]]

 [[169]
  [191]
  [189]
  ...
  [187]
  [191]
  [170]]

 [[170]
  [181]
  [180]
  ...
  [177]
  [181]
  [170]]]",../MasterDataset/012621_97B_12_RBC_platelet_chan1_10.png
88,1,"[[[162]
  [172]
  [170]
  ...
  [170]
  [174]
  [166]]

 [[163]
  [180]
  [179]
  ...
  [179]
  [182]
  [165]]

 [[163]
  [187]
  [186]
  ...
  [186]
  [188]
  [165]]

 ...

 [[167]
  [189]
  [185]
  ...
  [186]
  [185]
  [160]]

 [[166]
  [183]
  [180]
  ...
  [179]
  [178]
  [160]]

 [[166]
  [176]
  [174]
  ...
  [170]
  [168]
  [159]]]",../MasterDataset/012621_121B_1_RBC_platelet_chan1_16.png
89,2,"[[[173]
  [183]
  [181]
  ...
  [181]
  [185]
  [177]]

 [[173]
  [182]
  [181]
  ...
  [182]
  [184]
  [176]]

 [[172]
  [187]
  [186]
  ...
  [187]
  [188]
  [175]]

 ...

 [[173]
  [188]
  [187]
  ...
  [189]
  [191]
  [176]]

 [[173]
  [184]
  [183]
  ...
  [184]
  [187]
  [177]]

 [[175]
  [185]
  [183]
  ...
  [185]
  [186]
  [177]]]",../MasterDataset/012621_135B_17_platelet_cluster_chan1_17.png
90,0,"[[[176]
  [186]
  [184]
  ...
  [186]
  [188]
  [177]]

 [[176]
  [190]
  [186]
  ...
  [187]
  [190]
  [178]]

 [[177]
  [201]
  [198]
  ...
  [199]
  [202]
  [178]]

 ...

 [[177]
  [201]
  [199]
  ...
  [200]
  [203]
  [179]]

 [[178]
  [191]
  [189]
  ...
  [189]
  [192]
  [180]]

 [[179]
  [189]
  [188]
  ...
  [187]
  [191]
  [181]]]",../MasterDataset/012621_85B_7_platelet_cluster_chan1_31.png
91,1,"[[[176]
  [187]
  [184]
  ...
  [186]
  [188]
  [177]]

 [[176]
  [196]
  [193]
  ...
  [194]
  [197]
  [178]]

 [[177]
  [203]
  [201]
  ...
  [202]
  [203]
  [178]]

 ...

 [[180]
  [205]
  [200]
  ...
  [201]
  [200]
  [175]]

 [[179]
  [199]
  [195]
  ...
  [193]
  [193]
  [172]]

 [[178]
  [191]
  [188]
  ...
  [184]
  [183]
  [173]]]",../MasterDataset/012621_85B_7_RBC_platelet_chan1_14.png
92,1,"[[[178]
  [188]
  [185]
  ...
  [187]
  [189]
  [180]]

 [[177]
  [193]
  [190]
  ...
  [192]
  [194]
  [179]]

 [[177]
  [203]
  [202]
  ...
  [202]
  [204]
  [179]]

 ...

 [[179]
  [203]
  [200]
  ...
  [202]
  [204]
  [179]]

 [[179]
  [194]
  [189]
  ...
  [190]
  [194]
  [179]]

 [[179]
  [189]
  [185]
  ...
  [185]
  [189]
  [179]]]",../MasterDataset/012621_139B_16_rbc_platelet_chan1_52.png
93,2,"[[[173]
  [185]
  [181]
  ...
  [182]
  [185]
  [177]]

 [[172]
  [188]
  [186]
  ...
  [187]
  [190]
  [176]]

 [[173]
  [199]
  [197]
  ...
  [198]
  [200]
  [176]]

 ...

 [[174]
  [199]
  [197]
  ...
  [197]
  [200]
  [177]]

 [[173]
  [190]
  [187]
  ...
  [188]
  [191]
  [177]]

 [[174]
  [185]
  [184]
  ...
  [185]
  [188]
  [177]]]",../MasterDataset/012621_135B_17_RBC_platelet_chan1_7.png
94,2,"[[[173]
  [183]
  [181]
  ...
  [182]
  [184]
  [176]]

 [[173]
  [196]
  [194]
  ...
  [195]
  [197]
  [175]]

 [[174]
  [194]
  [192]
  ...
  [193]
  [195]
  [174]]

 ...

 [[172]
  [194]
  [191]
  ...
  [190]
  [191]
  [171]]

 [[174]
  [198]
  [195]
  ...
  [193]
  [194]
  [170]]

 [[177]
  [187]
  [184]
  ...
  [181]
  [182]
  [172]]]",../MasterDataset/012621_126B_13_wbc_chan1_26.png
95,1,"[[[171]
  [182]
  [181]
  ...
  [181]
  [183]
  [173]]

 [[171]
  [182]
  [181]
  ...
  [181]
  [182]
  [172]]

 [[171]
  [191]
  [189]
  ...
  [189]
  [191]
  [172]]

 ...

 [[174]
  [193]
  [189]
  ...
  [189]
  [191]
  [173]]

 [[175]
  [186]
  [181]
  ...
  [181]
  [182]
  [174]]

 [[176]
  [186]
  [182]
  ...
  [179]
  [183]
  [174]]]",../MasterDataset/012621_138B_14_wbc_chan1_32.png
96,2,"[[[166]
  [176]
  [174]
  ...
  [175]
  [177]
  [168]]

 [[165]
  [180]
  [177]
  ...
  [179]
  [182]
  [168]]

 [[166]
  [190]
  [188]
  ...
  [189]
  [191]
  [168]]

 ...

 [[166]
  [190]
  [188]
  ...
  [189]
  [191]
  [169]]

 [[166]
  [180]
  [180]
  ...
  [181]
  [183]
  [169]]

 [[167]
  [176]
  [176]
  ...
  [178]
  [180]
  [170]]]",../MasterDataset/012621_98B_2_rbc_platelet_chan1_15.png
97,2,"[[[170]
  [180]
  [178]
  ...
  [181]
  [182]
  [173]]

 [[170]
  [180]
  [178]
  ...
  [181]
  [181]
  [172]]

 [[170]
  [189]
  [187]
  ...
  [189]
  [190]
  [172]]

 ...

 [[173]
  [190]
  [188]
  ...
  [188]
  [190]
  [172]]

 [[173]
  [182]
  [181]
  ...
  [180]
  [181]
  [172]]

 [[175]
  [183]
  [181]
  ...
  [179]
  [182]
  [173]]]",../MasterDataset/012621_138B_14_RBC_only_chan1_64.png
98,0,"[[[173]
  [183]
  [181]
  ...
  [183]
  [185]
  [175]]

 [[172]
  [183]
  [181]
  ...
  [183]
  [186]
  [174]]

 [[173]
  [191]
  [189]
  ...
  [191]
  [193]
  [175]]

 ...

 [[173]
  [192]
  [189]
  ...
  [191]
  [194]
  [176]]

 [[172]
  [183]
  [182]
  ...
  [183]
  [187]
  [176]]

 [[173]
  [183]
  [181]
  ...
  [184]
  [186]
  [177]]]",../MasterDataset/012621_98B_8_platelet_cluster_chan1_55.png
99,1,"[[[162]
  [171]
  [169]
  ...
  [170]
  [173]
  [163]]

 [[160]
  [171]
  [170]
  ...
  [170]
  [174]
  [164]]

 [[161]
  [183]
  [181]
  ...
  [181]
  [185]
  [164]]

 ...

 [[163]
  [185]
  [183]
  ...
  [180]
  [182]
  [163]]

 [[163]
  [174]
  [172]
  ...
  [170]
  [170]
  [164]]

 [[162]
  [173]
  [172]
  ...
  [167]
  [171]
  [163]]]",../MasterDataset/012621_103B_3_rbc_only_chan1_28.png
100,2,"[[[173]
  [182]
  [181]
  ...
  [181]
  [183]
  [174]]

 [[172]
  [186]
  [185]
  ...
  [185]
  [187]
  [174]]

 [[173]
  [197]
  [195]
  ...
  [196]
  [198]
  [174]]

 ...

 [[173]
  [197]
  [195]
  ...
  [195]
  [198]
  [174]]

 [[172]
  [186]
  [186]
  ...
  [186]
  [189]
  [174]]

 [[173]
  [183]
  [182]
  ...
  [184]
  [186]
  [175]]]",../MasterDataset/012621_138B_14_RBC_only_chan1_70.png
101,2,"[[[173]
  [183]
  [181]
  ...
  [183]
  [185]
  [175]]

 [[172]
  [183]
  [181]
  ...
  [183]
  [185]
  [174]]

 [[172]
  [185]
  [183]
  ...
  [184]
  [187]
  [174]]

 ...

 [[175]
  [189]
  [185]
  ...
  [184]
  [185]
  [174]]

 [[175]
  [186]
  [183]
  ...
  [183]
  [183]
  [174]]

 [[176]
  [186]
  [184]
  ...
  [183]
  [183]
  [174]]]",../MasterDataset/012621_135B_17_platelet_cluster_chan1_88.png
102,2,"[[[162]
  [173]
  [170]
  ...
  [170]
  [173]
  [163]]

 [[163]
  [179]
  [177]
  ...
  [178]
  [181]
  [164]]

 [[163]
  [188]
  [186]
  ...
  [187]
  [188]
  [163]]

 ...

 [[163]
  [187]
  [186]
  ...
  [185]
  [188]
  [165]]

 [[160]
  [178]
  [177]
  ...
  [177]
  [180]
  [163]]

 [[161]
  [171]
  [172]
  ...
  [172]
  [173]
  [163]]]",../MasterDataset/012621_103B_3_rbc_only_chan1_16.png
103,2,"[[[166]
  [176]
  [174]
  ...
  [175]
  [177]
  [168]]

 [[166]
  [181]
  [178]
  ...
  [180]
  [182]
  [168]]

 [[166]
  [191]
  [189]
  ...
  [190]
  [192]
  [168]]

 ...

 [[167]
  [191]
  [189]
  ...
  [190]
  [192]
  [168]]

 [[167]
  [182]
  [180]
  ...
  [181]
  [182]
  [167]]

 [[168]
  [177]
  [175]
  ...
  [177]
  [177]
  [168]]]",../MasterDataset/012621_98B_2_rbc_platelet_chan1_10.png
104,2,"[[[175]
  [183]
  [182]
  ...
  [184]
  [186]
  [177]]

 [[173]
  [183]
  [182]
  ...
  [184]
  [187]
  [176]]

 [[173]
  [189]
  [187]
  ...
  [189]
  [191]
  [176]]

 ...

 [[177]
  [194]
  [190]
  ...
  [190]
  [192]
  [178]]

 [[177]
  [189]
  [185]
  ...
  [185]
  [188]
  [177]]

 [[178]
  [188]
  [187]
  ...
  [187]
  [188]
  [177]]]",../MasterDataset/012621_99B_platelet_cluster_chan1_46.png
105,2,"[[[173]
  [184]
  [182]
  ...
  [182]
  [185]
  [177]]

 [[173]
  [193]
  [191]
  ...
  [193]
  [195]
  [176]]

 [[174]
  [199]
  [197]
  ...
  [198]
  [200]
  [176]]

 ...

 [[176]
  [201]
  [198]
  ...
  [196]
  [199]
  [175]]

 [[177]
  [197]
  [194]
  ...
  [190]
  [195]
  [176]]

 [[178]
  [188]
  [185]
  ...
  [181]
  [186]
  [177]]]",../MasterDataset/012621_98B_8_rbc_platelet_chan1_9.png
106,2,"[[[164]
  [173]
  [170]
  ...
  [170]
  [174]
  [166]]

 [[163]
  [174]
  [171]
  ...
  [171]
  [175]
  [166]]

 [[163]
  [178]
  [177]
  ...
  [177]
  [180]
  [166]]

 ...

 [[166]
  [181]
  [178]
  ...
  [178]
  [181]
  [166]]

 [[166]
  [177]
  [173]
  ...
  [173]
  [177]
  [167]]

 [[166]
  [176]
  [174]
  ...
  [174]
  [176]
  [168]]]",../MasterDataset/012621_121B_1_platelet_cluster_chan1_74.png
107,1,"[[[173]
  [182]
  [181]
  ...
  [181]
  [183]
  [174]]

 [[173]
  [187]
  [185]
  ...
  [186]
  [187]
  [174]]

 [[173]
  [197]
  [195]
  ...
  [197]
  [199]
  [174]]

 ...

 [[173]
  [198]
  [195]
  ...
  [197]
  [199]
  [174]]

 [[173]
  [188]
  [185]
  ...
  [187]
  [188]
  [172]]

 [[174]
  [185]
  [181]
  ...
  [183]
  [185]
  [173]]]",../MasterDataset/012621_141B_10_RBC_only_chan1_47.png
108,2,"[[[162]
  [173]
  [170]
  ...
  [170]
  [173]
  [163]]

 [[162]
  [175]
  [174]
  ...
  [175]
  [177]
  [164]]

 [[163]
  [186]
  [184]
  ...
  [185]
  [187]
  [163]]

 ...

 [[163]
  [186]
  [184]
  ...
  [184]
  [187]
  [165]]

 [[163]
  [177]
  [175]
  ...
  [176]
  [179]
  [166]]

 [[163]
  [173]
  [172]
  ...
  [173]
  [176]
  [166]]]",../MasterDataset/012621_121B_1_RBC_only_chan1_15.png
109,0,"[[[173]
  [183]
  [181]
  ...
  [182]
  [185]
  [177]]

 [[172]
  [182]
  [181]
  ...
  [182]
  [183]
  [175]]

 [[173]
  [196]
  [194]
  ...
  [195]
  [197]
  [175]]

 ...

 [[173]
  [197]
  [195]
  ...
  [194]
  [195]
  [172]]

 [[172]
  [186]
  [183]
  ...
  [182]
  [182]
  [172]]

 [[175]
  [185]
  [184]
  ...
  [184]
  [183]
  [173]]]",../MasterDataset/012621_98B_8_platelet_cluster_chan1_38.png
110,2,"[[[173]
  [183]
  [181]
  ...
  [182]
  [184]
  [176]]

 [[173]
  [197]
  [194]
  ...
  [195]
  [198]
  [175]]

 [[174]
  [192]
  [191]
  ...
  [192]
  [194]
  [173]]

 ...

 [[171]
  [192]
  [190]
  ...
  [190]
  [192]
  [173]]

 [[173]
  [196]
  [193]
  ...
  [195]
  [196]
  [175]]

 [[172]
  [183]
  [180]
  ...
  [182]
  [184]
  [174]]]",../MasterDataset/012621_126B_13_wbc_chan1_3.png
111,2,"[[[168]
  [179]
  [175]
  ...
  [178]
  [179]
  [170]]

 [[168]
  [179]
  [176]
  ...
  [178]
  [179]
  [171]]

 [[168]
  [183]
  [181]
  ...
  [183]
  [184]
  [170]]

 ...

 [[171]
  [185]
  [184]
  ...
  [184]
  [186]
  [172]]

 [[171]
  [181]
  [180]
  ...
  [180]
  [181]
  [172]]

 [[171]
  [182]
  [179]
  ...
  [179]
  [182]
  [172]]]",../MasterDataset/012621_83B_4_platelet_cluster_chan1_86.png
112,2,"[[[176]
  [187]
  [185]
  ...
  [185]
  [189]
  [180]]

 [[177]
  [200]
  [198]
  ...
  [199]
  [202]
  [179]]

 [[177]
  [197]
  [196]
  ...
  [197]
  [199]
  [179]]

 ...

 [[180]
  [199]
  [197]
  ...
  [194]
  [195]
  [176]]

 [[179]
  [202]
  [199]
  ...
  [199]
  [201]
  [178]]

 [[178]
  [187]
  [185]
  ...
  [188]
  [191]
  [180]]]",../MasterDataset/012621_85B_7_RBC_platelet_chan1_54.png
113,2,"[[[178]
  [188]
  [185]
  ...
  [187]
  [189]
  [180]]

 [[177]
  [193]
  [189]
  ...
  [191]
  [194]
  [179]]

 [[177]
  [203]
  [202]
  ...
  [202]
  [204]
  [179]]

 ...

 [[178]
  [204]
  [201]
  ...
  [201]
  [203]
  [178]]

 [[178]
  [194]
  [192]
  ...
  [189]
  [193]
  [179]]

 [[179]
  [191]
  [188]
  ...
  [186]
  [189]
  [180]]]",../MasterDataset/012621_139B_16_rbc_only_chan1_17.png
114,2,"[[[176]
  [186]
  [184]
  ...
  [186]
  [188]
  [177]]

 [[176]
  [188]
  [184]
  ...
  [185]
  [189]
  [178]]

 [[176]
  [199]
  [196]
  ...
  [197]
  [200]
  [178]]

 ...

 [[176]
  [197]
  [196]
  ...
  [198]
  [200]
  [179]]

 [[176]
  [187]
  [184]
  ...
  [188]
  [190]
  [179]]

 [[176]
  [186]
  [185]
  ...
  [187]
  [189]
  [180]]]",../MasterDataset/012621_85B_7_wbc_chan1_58.png
115,0,"[[[166]
  [176]
  [175]
  ...
  [175]
  [176]
  [168]]

 [[165]
  [176]
  [173]
  ...
  [174]
  [177]
  [167]]

 [[166]
  [181]
  [179]
  ...
  [179]
  [182]
  [167]]

 ...

 [[167]
  [183]
  [179]
  ...
  [180]
  [183]
  [167]]

 [[167]
  [178]
  [174]
  ...
  [175]
  [178]
  [167]]

 [[169]
  [177]
  [175]
  ...
  [175]
  [177]
  [168]]]",../MasterDataset/012621_98B_2_platelet_cluster_chan1_64.png
116,2,"[[[164]
  [173]
  [170]
  ...
  [170]
  [173]
  [163]]

 [[163]
  [174]
  [171]
  ...
  [172]
  [174]
  [164]]

 [[163]
  [181]
  [178]
  ...
  [179]
  [181]
  [165]]

 ...

 [[163]
  [181]
  [178]
  ...
  [179]
  [182]
  [165]]

 [[163]
  [174]
  [171]
  ...
  [172]
  [176]
  [166]]

 [[164]
  [173]
  [170]
  ...
  [173]
  [176]
  [166]]]",../MasterDataset/012621_103B_3_platelet_cluster_chan1_74.png
117,1,"[[[166]
  [176]
  [173]
  ...
  [175]
  [176]
  [168]]

 [[165]
  [176]
  [173]
  ...
  [173]
  [177]
  [167]]

 [[166]
  [187]
  [185]
  ...
  [186]
  [188]
  [167]]

 ...

 [[166]
  [187]
  [187]
  ...
  [186]
  [186]
  [166]]

 [[167]
  [177]
  [176]
  ...
  [175]
  [176]
  [166]]

 [[167]
  [176]
  [175]
  ...
  [175]
  [176]
  [166]]]",../MasterDataset/012621_98B_2_rbc_only_chan1_21.png
118,1,"[[[173]
  [182]
  [181]
  ...
  [181]
  [185]
  [174]]

 [[173]
  [188]
  [187]
  ...
  [188]
  [189]
  [174]]

 [[174]
  [198]
  [196]
  ...
  [198]
  [199]
  [174]]

 ...

 [[174]
  [199]
  [196]
  ...
  [197]
  [198]
  [172]]

 [[176]
  [191]
  [188]
  ...
  [188]
  [188]
  [172]]

 [[178]
  [185]
  [182]
  ...
  [182]
  [183]
  [173]]]",../MasterDataset/012621_138B_14_RBC_only_chan1_45.png
119,1,"[[[171]
  [182]
  [181]
  ...
  [181]
  [183]
  [173]]

 [[171]
  [182]
  [181]
  ...
  [181]
  [182]
  [172]]

 [[171]
  [191]
  [189]
  ...
  [189]
  [191]
  [172]]

 ...

 [[174]
  [193]
  [189]
  ...
  [189]
  [191]
  [173]]

 [[175]
  [186]
  [181]
  ...
  [181]
  [182]
  [174]]

 [[176]
  [186]
  [182]
  ...
  [179]
  [183]
  [174]]]",../MasterDataset/012621_138B_14_wbc_chan1_56.png
120,0,"[[[173]
  [185]
  [181]
  ...
  [182]
  [185]
  [177]]

 [[172]
  [186]
  [184]
  ...
  [185]
  [188]
  [176]]

 [[173]
  [198]
  [196]
  ...
  [197]
  [199]
  [175]]

 ...

 [[174]
  [198]
  [196]
  ...
  [199]
  [199]
  [174]]

 [[173]
  [188]
  [184]
  ...
  [187]
  [188]
  [172]]

 [[173]
  [185]
  [183]
  ...
  [186]
  [185]
  [173]]]",../MasterDataset/012621_98B_8_platelet_cluster_chan1_40.png
121,1,"[[[169]
  [179]
  [177]
  ...
  [178]
  [180]
  [172]]

 [[167]
  [179]
  [178]
  ...
  [178]
  [180]
  [171]]

 [[169]
  [187]
  [186]
  ...
  [186]
  [188]
  [172]]

 ...

 [[171]
  [188]
  [186]
  ...
  [185]
  [188]
  [172]]

 [[172]
  [180]
  [179]
  ...
  [178]
  [180]
  [172]]

 [[173]
  [182]
  [179]
  ...
  [178]
  [182]
  [174]]]",../MasterDataset/012621_83B_4_RBC_only_chan1_46.png
122,1,"[[[163]
  [173]
  [170]
  ...
  [171]
  [174]
  [166]]

 [[163]
  [182]
  [180]
  ...
  [181]
  [183]
  [165]]

 [[164]
  [187]
  [185]
  ...
  [186]
  [187]
  [165]]

 ...

 [[166]
  [189]
  [186]
  ...
  [184]
  [187]
  [167]]

 [[166]
  [184]
  [182]
  ...
  [179]
  [183]
  [167]]

 [[166]
  [176]
  [173]
  ...
  [170]
  [176]
  [168]]]",../MasterDataset/012621_121B_1_RBC_only_chan1_16.png
123,2,"[[[173]
  [182]
  [181]
  ...
  [182]
  [185]
  [174]]

 [[172]
  [188]
  [186]
  ...
  [187]
  [189]
  [174]]

 [[173]
  [198]
  [196]
  ...
  [197]
  [199]
  [174]]

 ...

 [[172]
  [198]
  [195]
  ...
  [197]
  [199]
  [175]]

 [[172]
  [187]
  [186]
  ...
  [187]
  [191]
  [176]]

 [[172]
  [181]
  [180]
  ...
  [183]
  [187]
  [177]]]",../MasterDataset/012621_138B_14_wbc_chan1_6.png
124,2,"[[[164]
  [173]
  [170]
  ...
  [170]
  [174]
  [166]]

 [[163]
  [174]
  [171]
  ...
  [171]
  [175]
  [166]]

 [[163]
  [179]
  [177]
  ...
  [177]
  [180]
  [166]]

 ...

 [[166]
  [181]
  [178]
  ...
  [178]
  [182]
  [167]]

 [[165]
  [176]
  [172]
  ...
  [173]
  [177]
  [167]]

 [[166]
  [176]
  [173]
  ...
  [175]
  [176]
  [168]]]",../MasterDataset/012621_121B_1_platelet_cluster_chan1_82.png
125,2,"[[[173]
  [183]
  [181]
  ...
  [181]
  [185]
  [177]]

 [[172]
  [182]
  [181]
  ...
  [182]
  [184]
  [175]]

 [[173]
  [190]
  [188]
  ...
  [189]
  [191]
  [175]]

 ...

 [[173]
  [190]
  [188]
  ...
  [187]
  [190]
  [175]]

 [[172]
  [184]
  [182]
  ...
  [181]
  [184]
  [175]]

 [[173]
  [185]
  [182]
  ...
  [181]
  [185]
  [177]]]",../MasterDataset/012621_126B_13_platelet_cluster_chan1_15.png
126,2,"[[[163]
  [173]
  [170]
  ...
  [170]
  [174]
  [166]]

 [[163]
  [179]
  [177]
  ...
  [177]
  [180]
  [166]]

 [[163]
  [188]
  [186]
  ...
  [187]
  [188]
  [165]]

 ...

 [[166]
  [188]
  [185]
  ...
  [185]
  [187]
  [162]]

 [[165]
  [179]
  [176]
  ...
  [177]
  [177]
  [162]]

 [[165]
  [173]
  [170]
  ...
  [172]
  [173]
  [163]]]",../MasterDataset/012621_121B_1_wbc_chan1_86.png
127,2,"[[[162]
  [173]
  [170]
  ...
  [170]
  [173]
  [163]]

 [[162]
  [171]
  [170]
  ...
  [171]
  [174]
  [164]]

 [[163]
  [184]
  [181]
  ...
  [182]
  [185]
  [164]]

 ...

 [[163]
  [185]
  [183]
  ...
  [180]
  [184]
  [163]]

 [[163]
  [174]
  [172]
  ...
  [170]
  [171]
  [164]]

 [[164]
  [173]
  [172]
  ...
  [168]
  [173]
  [163]]]",../MasterDataset/012621_103B_3_wbc_chan1_48.png
128,1,"[[[173]
  [183]
  [181]
  ...
  [184]
  [185]
  [175]]

 [[172]
  [183]
  [181]
  ...
  [183]
  [186]
  [174]]

 [[173]
  [196]
  [194]
  ...
  [195]
  [197]
  [175]]

 ...

 [[175]
  [198]
  [195]
  ...
  [193]
  [195]
  [175]]

 [[172]
  [186]
  [183]
  ...
  [181]
  [182]
  [173]]

 [[173]
  [185]
  [184]
  ...
  [181]
  [183]
  [174]]]",../MasterDataset/012621_98B_8_rbc_only_chan1_70.png
129,1,"[[[178]
  [188]
  [185]
  ...
  [186]
  [189]
  [180]]

 [[177]
  [196]
  [193]
  ...
  [195]
  [197]
  [179]]

 [[177]
  [205]
  [203]
  ...
  [204]
  [206]
  [179]]

 ...

 [[177]
  [204]
  [202]
  ...
  [201]
  [203]
  [176]]

 [[178]
  [196]
  [194]
  ...
  [193]
  [196]
  [178]]

 [[179]
  [189]
  [186]
  ...
  [186]
  [189]
  [180]]]",../MasterDataset/012621_85B_7_RBC_platelet_chan1_28.png
130,1,"[[[171]
  [182]
  [181]
  ...
  [181]
  [183]
  [173]]

 [[171]
  [189]
  [187]
  ...
  [187]
  [189]
  [172]]

 [[172]
  [199]
  [196]
  ...
  [196]
  [199]
  [172]]

 ...

 [[173]
  [199]
  [196]
  ...
  [196]
  [199]
  [172]]

 [[173]
  [190]
  [188]
  ...
  [187]
  [190]
  [175]]

 [[174]
  [184]
  [182]
  ...
  [180]
  [184]
  [177]]]",../MasterDataset/012621_141B_10_RBC_platelet_chan1_22.png
131,0,"[[[173]
  [183]
  [181]
  ...
  [183]
  [185]
  [175]]

 [[172]
  [186]
  [184]
  ...
  [186]
  [188]
  [174]]

 [[173]
  [197]
  [195]
  ...
  [197]
  [199]
  [175]]

 ...

 [[177]
  [200]
  [197]
  ...
  [194]
  [197]
  [173]]

 [[176]
  [188]
  [185]
  ...
  [184]
  [185]
  [172]]

 [[176]
  [185]
  [182]
  ...
  [182]
  [183]
  [171]]]",../MasterDataset/012621_126B_13_platelet_cluster_chan1_87.png
132,0,"[[[161]
  [171]
  [169]
  ...
  [170]
  [173]
  [163]]

 [[160]
  [172]
  [171]
  ...
  [171]
  [175]
  [164]]

 [[161]
  [184]
  [182]
  ...
  [182]
  [186]
  [163]]

 ...

 [[166]
  [185]
  [180]
  ...
  [183]
  [183]
  [160]]

 [[165]
  [172]
  [170]
  ...
  [172]
  [171]
  [160]]

 [[165]
  [173]
  [167]
  ...
  [170]
  [171]
  [161]]]",../MasterDataset/012621_103B_3_platelet_cluster_chan1_25.png
133,2,"[[[173]
  [183]
  [181]
  ...
  [182]
  [185]
  [177]]

 [[173]
  [182]
  [181]
  ...
  [182]
  [184]
  [176]]

 [[172]
  [187]
  [185]
  ...
  [186]
  [188]
  [175]]

 ...

 [[173]
  [188]
  [187]
  ...
  [187]
  [187]
  [172]]

 [[173]
  [184]
  [183]
  ...
  [183]
  [184]
  [173]]

 [[173]
  [185]
  [183]
  ...
  [184]
  [185]
  [173]]]",../MasterDataset/012621_141B_10_platelet_cluster_chan1_26.png
134,1,"[[[168]
  [179]
  [177]
  ...
  [178]
  [180]
  [172]]

 [[168]
  [183]
  [181]
  ...
  [181]
  [183]
  [171]]

 [[169]
  [193]
  [192]
  ...
  [192]
  [194]
  [171]]

 ...

 [[171]
  [194]
  [192]
  ...
  [191]
  [193]
  [170]]

 [[170]
  [183]
  [181]
  ...
  [182]
  [183]
  [169]]

 [[170]
  [181]
  [176]
  ...
  [179]
  [179]
  [167]]]",../MasterDataset/012621_97B_12_platelet_cluster_chan1_47.png
135,2,"[[[170]
  [180]
  [178]
  ...
  [181]
  [182]
  [173]]

 [[170]
  [180]
  [178]
  ...
  [181]
  [181]
  [172]]

 [[170]
  [189]
  [187]
  ...
  [189]
  [190]
  [172]]

 ...

 [[173]
  [190]
  [188]
  ...
  [188]
  [190]
  [172]]

 [[173]
  [182]
  [181]
  ...
  [180]
  [181]
  [172]]

 [[175]
  [183]
  [181]
  ...
  [179]
  [182]
  [173]]]",../MasterDataset/012621_105b_9_platelet_cluster_chan1_71.png
136,2,"[[[176]
  [186]
  [185]
  ...
  [185]
  [189]
  [180]]

 [[176]
  [190]
  [187]
  ...
  [187]
  [192]
  [179]]

 [[177]
  [201]
  [199]
  ...
  [200]
  [203]
  [179]]

 ...

 [[180]
  [202]
  [199]
  ...
  [200]
  [203]
  [179]]

 [[180]
  [192]
  [187]
  ...
  [189]
  [193]
  [179]]

 [[180]
  [189]
  [186]
  ...
  [187]
  [191]
  [180]]]",../MasterDataset/012621_85B_7_wbc_chan1_8.png
137,0,"[[[173]
  [183]
  [181]
  ...
  [183]
  [185]
  [175]]

 [[172]
  [184]
  [181]
  ...
  [183]
  [186]
  [174]]

 [[173]
  [196]
  [194]
  ...
  [196]
  [197]
  [175]]

 ...

 [[174]
  [197]
  [195]
  ...
  [195]
  [196]
  [173]]

 [[172]
  [186]
  [183]
  ...
  [183]
  [186]
  [174]]

 [[175]
  [185]
  [183]
  ...
  [183]
  [185]
  [175]]]",../MasterDataset/012621_98B_8_platelet_cluster_chan1_73.png
138,1,"[[[175]
  [183]
  [182]
  ...
  [184]
  [186]
  [177]]

 [[173]
  [188]
  [187]
  ...
  [188]
  [191]
  [176]]

 [[175]
  [200]
  [197]
  ...
  [199]
  [200]
  [176]]

 ...

 [[177]
  [200]
  [196]
  ...
  [198]
  [201]
  [176]]

 [[177]
  [191]
  [186]
  ...
  [188]
  [191]
  [176]]

 [[178]
  [186]
  [182]
  ...
  [182]
  [186]
  [177]]]",../MasterDataset/012621_99B_RBC_only_chan1_31.png
139,2,"[[[176]
  [186]
  [185]
  ...
  [185]
  [189]
  [180]]

 [[176]
  [188]
  [185]
  ...
  [185]
  [190]
  [179]]

 [[176]
  [199]
  [197]
  ...
  [198]
  [201]
  [179]]

 ...

 [[177]
  [199]
  [196]
  ...
  [198]
  [200]
  [179]]

 [[177]
  [189]
  [185]
  ...
  [187]
  [190]
  [179]]

 [[178]
  [188]
  [186]
  ...
  [186]
  [189]
  [180]]]",../MasterDataset/012621_85B_7_RBC_platelet_chan1_33.png
140,1,"[[[178]
  [188]
  [185]
  ...
  [187]
  [189]
  [180]]

 [[177]
  [193]
  [189]
  ...
  [191]
  [194]
  [179]]

 [[177]
  [203]
  [201]
  ...
  [202]
  [204]
  [179]]

 ...

 [[178]
  [203]
  [202]
  ...
  [201]
  [204]
  [179]]

 [[178]
  [194]
  [192]
  ...
  [193]
  [195]
  [180]]

 [[179]
  [189]
  [188]
  ...
  [189]
  [191]
  [181]]]",../MasterDataset/012621_139B_16_rbc_platelet_chan1_42.png
141,1,"[[[173]
  [183]
  [181]
  ...
  [183]
  [185]
  [175]]

 [[173]
  [189]
  [187]
  ...
  [189]
  [191]
  [174]]

 [[174]
  [199]
  [197]
  ...
  [199]
  [200]
  [175]]

 ...

 [[174]
  [199]
  [196]
  ...
  [197]
  [201]
  [177]]

 [[177]
  [191]
  [187]
  ...
  [187]
  [189]
  [175]]

 [[178]
  [186]
  [181]
  ...
  [181]
  [183]
  [176]]]",../MasterDataset/012621_135B_17_RBC_only_chan1_34.png
142,2,"[[[178]
  [188]
  [185]
  ...
  [187]
  [189]
  [180]]

 [[177]
  [192]
  [189]
  ...
  [191]
  [193]
  [179]]

 [[177]
  [203]
  [201]
  ...
  [202]
  [204]
  [179]]

 ...

 [[180]
  [204]
  [202]
  ...
  [201]
  [203]
  [179]]

 [[178]
  [193]
  [191]
  ...
  [191]
  [192]
  [178]]

 [[180]
  [187]
  [186]
  ...
  [188]
  [187]
  [178]]]",../MasterDataset/012621_139B_16_rbc_platelet_chan1_57.png
143,1,"[[[169]
  [179]
  [177]
  ...
  [178]
  [180]
  [172]]

 [[167]
  [179]
  [177]
  ...
  [178]
  [180]
  [171]]

 [[169]
  [190]
  [188]
  ...
  [189]
  [191]
  [171]]

 ...

 [[170]
  [190]
  [187]
  ...
  [190]
  [192]
  [171]]

 [[169]
  [179]
  [177]
  ...
  [179]
  [181]
  [171]]

 [[170]
  [179]
  [177]
  ...
  [179]
  [182]
  [172]]]",../MasterDataset/012621_83B_4_wbc_chan1_55.png
144,2,"[[[171]
  [179]
  [177]
  ...
  [179]
  [180]
  [172]]

 [[170]
  [190]
  [188]
  ...
  [189]
  [190]
  [172]]

 [[170]
  [193]
  [191]
  ...
  [192]
  [193]
  [171]]

 ...

 [[170]
  [193]
  [191]
  ...
  [193]
  [194]
  [170]]

 [[170]
  [190]
  [188]
  ...
  [188]
  [189]
  [169]]

 [[171]
  [180]
  [177]
  ...
  [176]
  [178]
  [168]]]",../MasterDataset/012621_83B_4_platelet_RBC_chan1_12.png
145,1,"[[[173]
  [183]
  [181]
  ...
  [181]
  [185]
  [176]]

 [[173]
  [187]
  [186]
  ...
  [187]
  [189]
  [175]]

 [[173]
  [199]
  [197]
  ...
  [197]
  [199]
  [175]]

 ...

 [[173]
  [199]
  [196]
  ...
  [198]
  [199]
  [175]]

 [[174]
  [190]
  [187]
  ...
  [188]
  [190]
  [174]]

 [[176]
  [185]
  [182]
  ...
  [184]
  [185]
  [174]]]",../MasterDataset/012621_98B_8_rbc_platelet_chan1_16.png
146,1,"[[[171]
  [182]
  [180]
  ...
  [181]
  [183]
  [173]]

 [[171]
  [182]
  [181]
  ...
  [181]
  [182]
  [172]]

 [[171]
  [192]
  [189]
  ...
  [190]
  [192]
  [172]]

 ...

 [[173]
  [192]
  [190]
  ...
  [191]
  [192]
  [173]]

 [[172]
  [182]
  [181]
  ...
  [182]
  [183]
  [174]]

 [[173]
  [183]
  [181]
  ...
  [183]
  [185]
  [174]]]",../MasterDataset/012621_138B_14_wbc_chan1_76.png
147,1,"[[[170]
  [182]
  [179]
  ...
  [180]
  [182]
  [173]]

 [[170]
  [187]
  [185]
  ...
  [186]
  [187]
  [172]]

 [[170]
  [197]
  [194]
  ...
  [195]
  [197]
  [172]]

 ...

 [[173]
  [197]
  [194]
  ...
  [195]
  [196]
  [169]]

 [[173]
  [188]
  [186]
  ...
  [186]
  [187]
  [171]]

 [[174]
  [183]
  [181]
  ...
  [181]
  [182]
  [173]]]",../MasterDataset/012621_105b_9_rbc_only_chan1_15.png
148,1,"[[[168]
  [179]
  [175]
  ...
  [178]
  [179]
  [170]]

 [[168]
  [182]
  [180]
  ...
  [181]
  [182]
  [170]]

 [[169]
  [192]
  [190]
  ...
  [192]
  [193]
  [169]]

 ...

 [[170]
  [194]
  [191]
  ...
  [189]
  [193]
  [170]]

 [[171]
  [185]
  [181]
  ...
  [179]
  [184]
  [172]]

 [[173]
  [183]
  [180]
  ...
  [177]
  [182]
  [174]]]",../MasterDataset/012621_83B_4_platelet_RBC_chan1_60.png
149,0,"[[[179]
  [189]
  [187]
  ...
  [188]
  [189]
  [180]]

 [[178]
  [190]
  [187]
  ...
  [188]
  [190]
  [179]]

 [[178]
  [200]
  [198]
  ...
  [199]
  [200]
  [179]]

 ...

 [[179]
  [200]
  [198]
  ...
  [198]
  [200]
  [178]]

 [[178]
  [190]
  [187]
  ...
  [188]
  [190]
  [179]]

 [[180]
  [189]
  [187]
  ...
  [188]
  [189]
  [180]]]",../MasterDataset/012621_139B_16_platelet_cluster_chan1_51.png
150,1,"[[[173]
  [182]
  [181]
  ...
  [182]
  [184]
  [174]]

 [[173]
  [194]
  [192]
  ...
  [193]
  [195]
  [174]]

 [[173]
  [195]
  [193]
  ...
  [194]
  [196]
  [174]]

 ...

 [[172]
  [196]
  [195]
  ...
  [192]
  [195]
  [173]]

 [[173]
  [196]
  [195]
  ...
  [192]
  [195]
  [174]]

 [[174]
  [185]
  [184]
  ...
  [182]
  [185]
  [174]]]",../MasterDataset/012621_141B_10_RBC_platelet_chan1_47.png
151,2,"[[[169]
  [179]
  [178]
  ...
  [178]
  [180]
  [172]]

 [[167]
  [179]
  [178]
  ...
  [179]
  [181]
  [171]]

 [[169]
  [191]
  [190]
  ...
  [190]
  [192]
  [171]]

 ...

 [[168]
  [189]
  [188]
  ...
  [189]
  [191]
  [170]]

 [[167]
  [179]
  [178]
  ...
  [178]
  [180]
  [171]]

 [[169]
  [179]
  [178]
  ...
  [178]
  [180]
  [172]]]",../MasterDataset/012621_83B_4_RBC_only_chan1_65.png
152,1,"[[[176]
  [186]
  [185]
  ...
  [185]
  [189]
  [180]]

 [[176]
  [188]
  [185]
  ...
  [185]
  [190]
  [179]]

 [[177]
  [198]
  [196]
  ...
  [197]
  [200]
  [179]]

 ...

 [[178]
  [199]
  [196]
  ...
  [197]
  [199]
  [178]]

 [[178]
  [189]
  [184]
  ...
  [188]
  [190]
  [179]]

 [[179]
  [188]
  [185]
  ...
  [188]
  [189]
  [180]]]",../MasterDataset/012621_85B_7_wbc_chan1_55.png
153,2,"[[[170]
  [180]
  [178]
  ...
  [180]
  [182]
  [173]]

 [[170]
  [180]
  [178]
  ...
  [181]
  [181]
  [172]]

 [[170]
  [188]
  [186]
  ...
  [188]
  [189]
  [172]]

 ...

 [[170]
  [188]
  [186]
  ...
  [188]
  [190]
  [172]]

 [[170]
  [180]
  [179]
  ...
  [181]
  [182]
  [172]]

 [[170]
  [180]
  [179]
  ...
  [181]
  [183]
  [173]]]",../MasterDataset/012621_105b_9_platelet_cluster_chan1_54.png
154,1,"[[[176]
  [186]
  [185]
  ...
  [185]
  [189]
  [180]]

 [[176]
  [188]
  [185]
  ...
  [185]
  [190]
  [179]]

 [[177]
  [198]
  [196]
  ...
  [197]
  [200]
  [179]]

 ...

 [[178]
  [199]
  [196]
  ...
  [197]
  [199]
  [178]]

 [[178]
  [189]
  [184]
  ...
  [188]
  [190]
  [179]]

 [[179]
  [188]
  [185]
  ...
  [188]
  [189]
  [180]]]",../MasterDataset/012621_85B_7_wbc_chan1_38.png
155,1,"[[[173]
  [183]
  [181]
  ...
  [184]
  [185]
  [175]]

 [[172]
  [183]
  [181]
  ...
  [183]
  [186]
  [174]]

 [[173]
  [196]
  [194]
  ...
  [195]
  [197]
  [175]]

 ...

 [[175]
  [198]
  [195]
  ...
  [193]
  [195]
  [175]]

 [[172]
  [186]
  [183]
  ...
  [181]
  [182]
  [173]]

 [[173]
  [185]
  [184]
  ...
  [181]
  [183]
  [174]]]",../MasterDataset/012621_135B_17_wbc_chan1_5.png
156,2,"[[[173]
  [182]
  [181]
  ...
  [181]
  [183]
  [174]]

 [[172]
  [184]
  [183]
  ...
  [183]
  [184]
  [174]]

 [[173]
  [196]
  [194]
  ...
  [195]
  [197]
  [175]]

 ...

 [[174]
  [197]
  [194]
  ...
  [195]
  [198]
  [175]]

 [[172]
  [185]
  [183]
  ...
  [184]
  [188]
  [174]]

 [[175]
  [185]
  [181]
  ...
  [184]
  [185]
  [174]]]",../MasterDataset/012621_138B_14_RBC_only_chan1_8.png
157,1,"[[[171]
  [179]
  [178]
  ...
  [179]
  [182]
  [173]]

 [[170]
  [181]
  [180]
  ...
  [181]
  [183]
  [172]]

 [[170]
  [193]
  [191]
  ...
  [192]
  [194]
  [172]]

 ...

 [[171]
  [195]
  [192]
  ...
  [192]
  [195]
  [172]]

 [[172]
  [183]
  [181]
  ...
  [182]
  [183]
  [172]]

 [[173]
  [182]
  [179]
  ...
  [181]
  [182]
  [173]]]",../MasterDataset/012621_83B_4_RBC_only_chan1_38.png
158,2,"[[[173]
  [183]
  [181]
  ...
  [183]
  [185]
  [175]]

 [[172]
  [183]
  [181]
  ...
  [183]
  [186]
  [174]]

 [[173]
  [194]
  [192]
  ...
  [194]
  [195]
  [175]]

 ...

 [[174]
  [194]
  [192]
  ...
  [193]
  [195]
  [173]]

 [[175]
  [186]
  [182]
  ...
  [183]
  [183]
  [172]]

 [[176]
  [185]
  [183]
  ...
  [183]
  [183]
  [173]]]",../MasterDataset/012621_126B_13_RBC_platelet_chan1_29.png
159,1,"[[[173]
  [182]
  [181]
  ...
  [181]
  [183]
  [174]]

 [[172]
  [182]
  [181]
  ...
  [181]
  [182]
  [174]]

 [[173]
  [193]
  [191]
  ...
  [192]
  [194]
  [174]]

 ...

 [[173]
  [193]
  [191]
  ...
  [191]
  [192]
  [173]]

 [[173]
  [183]
  [181]
  ...
  [181]
  [181]
  [172]]

 [[175]
  [185]
  [182]
  ...
  [181]
  [182]
  [173]]]",../MasterDataset/012621_126B_13_platelet_cluster_chan1_93.png
160,1,"[[[173]
  [183]
  [181]
  ...
  [183]
  [185]
  [175]]

 [[173]
  [189]
  [187]
  ...
  [189]
  [191]
  [174]]

 [[174]
  [199]
  [197]
  ...
  [199]
  [200]
  [175]]

 ...

 [[174]
  [199]
  [196]
  ...
  [197]
  [201]
  [177]]

 [[177]
  [191]
  [187]
  ...
  [187]
  [189]
  [175]]

 [[178]
  [186]
  [181]
  ...
  [181]
  [183]
  [176]]]",../MasterDataset/012621_98B_8_rbc_platelet_chan1_30.png
161,1,"[[[161]
  [171]
  [170]
  ...
  [170]
  [173]
  [163]]

 [[161]
  [176]
  [175]
  ...
  [175]
  [179]
  [164]]

 [[162]
  [186]
  [184]
  ...
  [185]
  [187]
  [163]]

 ...

 [[161]
  [186]
  [184]
  ...
  [184]
  [186]
  [165]]

 [[160]
  [175]
  [175]
  ...
  [175]
  [179]
  [165]]

 [[161]
  [172]
  [169]
  ...
  [172]
  [175]
  [165]]]",../MasterDataset/012621_103B_3_rbc_platelet_chan1_45.png
162,1,"[[[162]
  [173]
  [170]
  ...
  [170]
  [173]
  [163]]

 [[162]
  [178]
  [177]
  ...
  [177]
  [180]
  [164]]

 [[163]
  [187]
  [186]
  ...
  [186]
  [188]
  [163]]

 ...

 [[165]
  [188]
  [186]
  ...
  [186]
  [187]
  [162]]

 [[165]
  [180]
  [177]
  ...
  [178]
  [179]
  [163]]

 [[165]
  [174]
  [172]
  ...
  [172]
  [173]
  [163]]]",../MasterDataset/012621_103B_3_wbc_chan1_64.png
163,2,"[[[168]
  [179]
  [176]
  ...
  [178]
  [179]
  [170]]

 [[168]
  [181]
  [179]
  ...
  [181]
  [181]
  [171]]

 [[169]
  [192]
  [190]
  ...
  [191]
  [192]
  [169]]

 ...

 [[171]
  [194]
  [191]
  ...
  [189]
  [190]
  [168]]

 [[170]
  [183]
  [180]
  ...
  [179]
  [180]
  [167]]

 [[170]
  [180]
  [177]
  ...
  [177]
  [177]
  [168]]]",../MasterDataset/012621_83B_4_platelet_RBC_chan1_13.png
164,2,"[[[166]
  [176]
  [173]
  ...
  [174]
  [176]
  [168]]

 [[165]
  [180]
  [177]
  ...
  [177]
  [180]
  [167]]

 [[166]
  [189]
  [187]
  ...
  [188]
  [190]
  [166]]

 ...

 [[167]
  [190]
  [188]
  ...
  [188]
  [191]
  [168]]

 [[167]
  [180]
  [179]
  ...
  [180]
  [182]
  [168]]

 [[167]
  [176]
  [175]
  ...
  [176]
  [179]
  [168]]]",../MasterDataset/012621_98B_2_rbc_only_chan1_44.png
165,1,"[[[178]
  [188]
  [185]
  ...
  [187]
  [189]
  [180]]

 [[177]
  [198]
  [195]
  ...
  [196]
  [199]
  [179]]

 [[177]
  [203]
  [202]
  ...
  [202]
  [204]
  [179]]

 ...

 [[179]
  [204]
  [202]
  ...
  [200]
  [203]
  [178]]

 [[180]
  [200]
  [197]
  ...
  [194]
  [198]
  [180]]

 [[180]
  [191]
  [189]
  ...
  [185]
  [189]
  [181]]]",../MasterDataset/012621_139B_16_rbc_only_chan1_1.png
166,0,"[[[173]
  [185]
  [181]
  ...
  [182]
  [185]
  [177]]

 [[172]
  [185]
  [183]
  ...
  [184]
  [187]
  [176]]

 [[173]
  [198]
  [195]
  ...
  [197]
  [199]
  [175]]

 ...

 [[174]
  [196]
  [194]
  ...
  [197]
  [198]
  [175]]

 [[172]
  [184]
  [182]
  ...
  [185]
  [188]
  [176]]

 [[173]
  [183]
  [182]
  ...
  [185]
  [186]
  [177]]]",../MasterDataset/012621_98B_8_platelet_cluster_chan1_23.png
167,1,"[[[169]
  [179]
  [175]
  ...
  [178]
  [179]
  [170]]

 [[167]
  [179]
  [176]
  ...
  [178]
  [179]
  [171]]

 [[169]
  [188]
  [187]
  ...
  [188]
  [189]
  [170]]

 ...

 [[170]
  [189]
  [186]
  ...
  [188]
  [190]
  [170]]

 [[169]
  [179]
  [176]
  ...
  [179]
  [180]
  [171]]

 [[170]
  [179]
  [176]
  ...
  [179]
  [182]
  [172]]]",../MasterDataset/012621_83B_4_wbc_chan1_48.png
168,0,"[[[162]
  [173]
  [170]
  ...
  [170]
  [174]
  [166]]

 [[162]
  [173]
  [173]
  ...
  [173]
  [177]
  [166]]

 [[163]
  [185]
  [184]
  ...
  [184]
  [187]
  [165]]

 ...

 [[164]
  [186]
  [183]
  ...
  [185]
  [187]
  [166]]

 [[165]
  [176]
  [173]
  ...
  [174]
  [178]
  [166]]

 [[166]
  [174]
  [170]
  ...
  [173]
  [176]
  [166]]]",../MasterDataset/012621_103B_3_platelet_cluster_chan1_37.png
169,1,"[[[173]
  [183]
  [181]
  ...
  [183]
  [185]
  [174]]

 [[173]
  [189]
  [187]
  ...
  [189]
  [190]
  [174]]

 [[174]
  [199]
  [197]
  ...
  [198]
  [200]
  [175]]

 ...

 [[175]
  [199]
  [197]
  ...
  [197]
  [199]
  [172]]

 [[176]
  [192]
  [189]
  ...
  [188]
  [189]
  [173]]

 [[178]
  [186]
  [184]
  ...
  [182]
  [185]
  [174]]]",../MasterDataset/012621_98B_8_rbc_only_chan1_34.png
170,2,"[[[171]
  [182]
  [179]
  ...
  [181]
  [183]
  [173]]

 [[171]
  [188]
  [186]
  ...
  [187]
  [189]
  [172]]

 [[172]
  [198]
  [196]
  ...
  [196]
  [199]
  [172]]

 ...

 [[172]
  [198]
  [195]
  ...
  [195]
  [199]
  [172]]

 [[172]
  [189]
  [187]
  ...
  [186]
  [190]
  [175]]

 [[173]
  [184]
  [181]
  ...
  [180]
  [184]
  [177]]]",../MasterDataset/012621_105b_9_rbc_only_chan1_16.png
171,2,"[[[173]
  [183]
  [181]
  ...
  [183]
  [185]
  [175]]

 [[172]
  [183]
  [181]
  ...
  [183]
  [185]
  [174]]

 [[172]
  [185]
  [183]
  ...
  [184]
  [187]
  [174]]

 ...

 [[175]
  [189]
  [185]
  ...
  [184]
  [185]
  [174]]

 [[175]
  [186]
  [183]
  ...
  [183]
  [183]
  [174]]

 [[176]
  [186]
  [184]
  ...
  [183]
  [183]
  [174]]]",../MasterDataset/012621_126B_13_platelet_cluster_chan1_45.png
172,1,"[[[163]
  [173]
  [170]
  ...
  [171]
  [174]
  [166]]

 [[163]
  [181]
  [179]
  ...
  [180]
  [182]
  [165]]

 [[164]
  [188]
  [186]
  ...
  [187]
  [188]
  [165]]

 ...

 [[168]
  [190]
  [186]
  ...
  [186]
  [185]
  [160]]

 [[166]
  [184]
  [180]
  ...
  [179]
  [178]
  [160]]

 [[165]
  [176]
  [174]
  ...
  [170]
  [169]
  [159]]]",../MasterDataset/012621_121B_1_RBC_platelet_chan1_27.png
173,1,"[[[173]
  [183]
  [181]
  ...
  [182]
  [185]
  [176]]

 [[173]
  [191]
  [189]
  ...
  [190]
  [192]
  [175]]

 [[173]
  [200]
  [197]
  ...
  [199]
  [201]
  [175]]

 ...

 [[174]
  [199]
  [197]
  ...
  [198]
  [200]
  [175]]

 [[174]
  [193]
  [191]
  ...
  [189]
  [191]
  [172]]

 [[176]
  [186]
  [185]
  ...
  [182]
  [183]
  [171]]]",../MasterDataset/012621_135B_17_RBC_platelet_chan1_63.png
174,1,"[[[178]
  [188]
  [185]
  ...
  [186]
  [189]
  [180]]

 [[177]
  [191]
  [187]
  ...
  [189]
  [192]
  [179]]

 [[177]
  [202]
  [200]
  ...
  [201]
  [203]
  [179]]

 ...

 [[180]
  [202]
  [200]
  ...
  [201]
  [203]
  [180]]

 [[180]
  [192]
  [187]
  ...
  [190]
  [193]
  [179]]

 [[180]
  [189]
  [185]
  ...
  [188]
  [191]
  [179]]]",../MasterDataset/012621_139B_16_rbc_only_chan1_37.png
175,2,"[[[162]
  [172]
  [170]
  ...
  [170]
  [174]
  [166]]

 [[163]
  [182]
  [181]
  ...
  [181]
  [184]
  [165]]

 [[163]
  [185]
  [184]
  ...
  [185]
  [186]
  [165]]

 ...

 [[164]
  [185]
  [184]
  ...
  [186]
  [187]
  [165]]

 [[164]
  [183]
  [180]
  ...
  [181]
  [182]
  [163]]

 [[165]
  [173]
  [170]
  ...
  [170]
  [171]
  [163]]]",../MasterDataset/012621_121B_1_RBC_only_chan1_2.png
176,2,"[[[173]
  [185]
  [181]
  ...
  [182]
  [185]
  [177]]

 [[173]
  [191]
  [189]
  ...
  [191]
  [193]
  [176]]

 [[174]
  [201]
  [199]
  ...
  [200]
  [202]
  [176]]

 ...

 [[173]
  [200]
  [198]
  ...
  [197]
  [199]
  [172]]

 [[173]
  [192]
  [189]
  ...
  [189]
  [192]
  [175]]

 [[174]
  [185]
  [183]
  ...
  [182]
  [185]
  [177]]]",../MasterDataset/012621_135B_17_RBC_only_chan1_4.png
177,2,"[[[162]
  [173]
  [170]
  ...
  [170]
  [174]
  [166]]

 [[162]
  [177]
  [176]
  ...
  [176]
  [180]
  [166]]

 [[163]
  [187]
  [185]
  ...
  [186]
  [188]
  [165]]

 ...

 [[162]
  [187]
  [185]
  ...
  [185]
  [188]
  [165]]

 [[161]
  [177]
  [175]
  ...
  [176]
  [180]
  [166]]

 [[162]
  [172]
  [169]
  ...
  [172]
  [176]
  [167]]]",../MasterDataset/012621_121B_1_wbc_chan1_4.png
178,1,"[[[176]
  [186]
  [184]
  ...
  [186]
  [188]
  [177]]

 [[176]
  [195]
  [192]
  ...
  [193]
  [196]
  [178]]

 [[177]
  [204]
  [202]
  ...
  [202]
  [204]
  [178]]

 ...

 [[176]
  [203]
  [201]
  ...
  [200]
  [202]
  [176]]

 [[177]
  [195]
  [192]
  ...
  [191]
  [195]
  [178]]

 [[178]
  [188]
  [186]
  ...
  [185]
  [188]
  [179]]]",../MasterDataset/012621_85B_7_RBC_only_chan1_63.png
179,2,"[[[173]
  [182]
  [181]
  ...
  [181]
  [185]
  [174]]

 [[172]
  [182]
  [181]
  ...
  [182]
  [184]
  [174]]

 [[172]
  [187]
  [186]
  ...
  [187]
  [188]
  [174]]

 ...

 [[174]
  [190]
  [188]
  ...
  [188]
  [191]
  [174]]

 [[175]
  [186]
  [183]
  ...
  [183]
  [186]
  [174]]

 [[176]
  [185]
  [184]
  ...
  [184]
  [185]
  [175]]]",../MasterDataset/012621_141B_10_platelet_cluster_chan1_62.png
180,2,"[[[178]
  [188]
  [185]
  ...
  [186]
  [189]
  [180]]

 [[178]
  [189]
  [185]
  ...
  [187]
  [189]
  [179]]

 [[177]
  [193]
  [190]
  ...
  [192]
  [194]
  [179]]

 ...

 [[178]
  [194]
  [192]
  ...
  [192]
  [194]
  [178]]

 [[178]
  [189]
  [188]
  ...
  [188]
  [190]
  [178]]

 [[179]
  [189]
  [187]
  ...
  [188]
  [189]
  [177]]]",../MasterDataset/012621_139B_16_platelet_cluster_chan1_69.png
181,0,"[[[179]
  [189]
  [186]
  ...
  [188]
  [191]
  [180]]

 [[178]
  [192]
  [190]
  ...
  [191]
  [193]
  [180]]

 [[178]
  [203]
  [201]
  ...
  [202]
  [204]
  [180]]

 ...

 [[180]
  [206]
  [203]
  ...
  [200]
  [203]
  [178]]

 [[182]
  [195]
  [194]
  ...
  [188]
  [193]
  [180]]

 [[183]
  [194]
  [191]
  ...
  [185]
  [191]
  [181]]]",../MasterDataset/012621_139B_16_platelet_cluster_chan1_57.png
182,2,"[[[173]
  [182]
  [181]
  ...
  [181]
  [183]
  [174]]

 [[173]
  [191]
  [189]
  ...
  [190]
  [191]
  [174]]

 [[172]
  [198]
  [196]
  ...
  [197]
  [199]
  [174]]

 ...

 [[175]
  [200]
  [196]
  ...
  [196]
  [197]
  [171]]

 [[176]
  [194]
  [189]
  ...
  [190]
  [190]
  [170]]

 [[177]
  [187]
  [180]
  ...
  [182]
  [184]
  [172]]]",../MasterDataset/012621_138B_14_wbc_chan1_3.png
183,1,"[[[176]
  [187]
  [185]
  ...
  [185]
  [189]
  [180]]

 [[176]
  [196]
  [194]
  ...
  [194]
  [198]
  [179]]

 [[177]
  [203]
  [201]
  ...
  [203]
  [205]
  [179]]

 ...

 [[180]
  [205]
  [201]
  ...
  [201]
  [202]
  [176]]

 [[181]
  [198]
  [193]
  ...
  [194]
  [196]
  [176]]

 [[182]
  [190]
  [184]
  ...
  [186]
  [188]
  [177]]]",../MasterDataset/012621_85B_7_RBC_platelet_chan1_49.png
184,1,"[[[176]
  [186]
  [184]
  ...
  [186]
  [188]
  [177]]

 [[176]
  [192]
  [188]
  ...
  [189]
  [193]
  [178]]

 [[177]
  [202]
  [200]
  ...
  [201]
  [203]
  [178]]

 ...

 [[177]
  [202]
  [200]
  ...
  [200]
  [203]
  [179]]

 [[177]
  [193]
  [191]
  ...
  [192]
  [194]
  [179]]

 [[178]
  [188]
  [187]
  ...
  [188]
  [189]
  [180]]]",../MasterDataset/012621_85B_7_RBC_only_chan1_31.png
185,2,"[[[163]
  [173]
  [170]
  ...
  [170]
  [174]
  [166]]

 [[163]
  [177]
  [174]
  ...
  [175]
  [178]
  [166]]

 [[163]
  [187]
  [185]
  ...
  [185]
  [187]
  [165]]

 ...

 [[166]
  [188]
  [185]
  ...
  [184]
  [187]
  [165]]

 [[166]
  [178]
  [176]
  ...
  [174]
  [177]
  [166]]

 [[167]
  [177]
  [175]
  ...
  [173]
  [176]
  [168]]]",../MasterDataset/012621_121B_1_RBC_platelet_chan1_3.png
186,1,"[[[171]
  [182]
  [179]
  ...
  [181]
  [183]
  [173]]

 [[171]
  [181]
  [180]
  ...
  [181]
  [182]
  [172]]

 [[171]
  [189]
  [188]
  ...
  [189]
  [191]
  [172]]

 ...

 [[170]
  [189]
  [187]
  ...
  [191]
  [191]
  [171]]

 [[171]
  [181]
  [179]
  ...
  [183]
  [182]
  [171]]

 [[171]
  [182]
  [179]
  ...
  [183]
  [183]
  [171]]]",../MasterDataset/012621_138B_14_wbc_chan1_63.png
187,2,"[[[174]
  [185]
  [182]
  ...
  [184]
  [188]
  [177]]

 [[173]
  [190]
  [187]
  ...
  [188]
  [192]
  [177]]

 [[175]
  [200]
  [198]
  ...
  [199]
  [202]
  [177]]

 ...

 [[176]
  [200]
  [199]
  ...
  [199]
  [202]
  [177]]

 [[175]
  [191]
  [188]
  ...
  [191]
  [193]
  [178]]

 [[176]
  [186]
  [185]
  ...
  [187]
  [188]
  [177]]]",../MasterDataset/012621_99B_RBC_only_chan1_3.png
188,1,"[[[173]
  [183]
  [181]
  ...
  [181]
  [185]
  [176]]

 [[172]
  [182]
  [181]
  ...
  [182]
  [183]
  [175]]

 [[173]
  [196]
  [193]
  ...
  [194]
  [196]
  [175]]

 ...

 [[174]
  [197]
  [195]
  ...
  [193]
  [195]
  [175]]

 [[172]
  [183]
  [183]
  ...
  [181]
  [182]
  [173]]

 [[173]
  [185]
  [184]
  ...
  [181]
  [183]
  [174]]]",../MasterDataset/012621_141B_10_RBC_only_chan1_22.png
189,2,"[[[166]
  [176]
  [173]
  ...
  [174]
  [176]
  [168]]

 [[165]
  [176]
  [173]
  ...
  [173]
  [177]
  [167]]

 [[166]
  [182]
  [179]
  ...
  [180]
  [182]
  [167]]

 ...

 [[164]
  [181]
  [178]
  ...
  [180]
  [182]
  [167]]

 [[165]
  [176]
  [172]
  ...
  [174]
  [177]
  [167]]

 [[166]
  [176]
  [173]
  ...
  [175]
  [176]
  [168]]]",../MasterDataset/012621_98B_2_platelet_cluster_chan1_42.png
190,1,"[[[171]
  [179]
  [177]
  ...
  [179]
  [180]
  [172]]

 [[170]
  [188]
  [186]
  ...
  [187]
  [188]
  [172]]

 [[170]
  [195]
  [192]
  ...
  [194]
  [195]
  [171]]

 ...

 [[170]
  [196]
  [194]
  ...
  [191]
  [192]
  [166]]

 [[171]
  [190]
  [187]
  ...
  [186]
  [187]
  [168]]

 [[171]
  [181]
  [179]
  ...
  [178]
  [179]
  [169]]]",../MasterDataset/012621_83B_4_platelet_RBC_chan1_63.png
191,0,"[[[176]
  [186]
  [184]
  ...
  [187]
  [188]
  [177]]

 [[176]
  [188]
  [184]
  ...
  [185]
  [189]
  [178]]

 [[176]
  [198]
  [195]
  ...
  [196]
  [199]
  [178]]

 ...

 [[178]
  [198]
  [195]
  ...
  [196]
  [198]
  [176]]

 [[178]
  [189]
  [185]
  ...
  [185]
  [188]
  [176]]

 [[179]
  [188]
  [187]
  ...
  [187]
  [186]
  [175]]]",../MasterDataset/012621_85B_7_platelet_cluster_chan1_35.png
192,1,"[[[178]
  [188]
  [185]
  ...
  [187]
  [189]
  [180]]

 [[177]
  [193]
  [189]
  ...
  [191]
  [194]
  [179]]

 [[177]
  [203]
  [201]
  ...
  [202]
  [204]
  [179]]

 ...

 [[178]
  [203]
  [202]
  ...
  [201]
  [204]
  [179]]

 [[178]
  [194]
  [192]
  ...
  [193]
  [195]
  [180]]

 [[179]
  [189]
  [188]
  ...
  [189]
  [191]
  [181]]]",../MasterDataset/012621_139B_16_rbc_only_chan1_39.png
193,1,"[[[166]
  [176]
  [173]
  ...
  [174]
  [176]
  [168]]

 [[165]
  [176]
  [173]
  ...
  [173]
  [177]
  [167]]

 [[166]
  [184]
  [182]
  ...
  [182]
  [185]
  [167]]

 ...

 [[167]
  [186]
  [184]
  ...
  [181]
  [183]
  [166]]

 [[166]
  [178]
  [176]
  ...
  [172]
  [175]
  [166]]

 [[167]
  [177]
  [176]
  ...
  [173]
  [174]
  [166]]]",../MasterDataset/012621_98B_2_rbc_platelet_chan1_9.png
194,1,"[[[174]
  [185]
  [182]
  ...
  [184]
  [188]
  [177]]

 [[173]
  [191]
  [188]
  ...
  [190]
  [193]
  [177]]

 [[175]
  [201]
  [199]
  ...
  [200]
  [202]
  [177]]

 ...

 [[175]
  [201]
  [198]
  ...
  [199]
  [202]
  [178]]

 [[173]
  [191]
  [188]
  ...
  [190]
  [193]
  [179]]

 [[174]
  [184]
  [182]
  ...
  [186]
  [187]
  [179]]]",../MasterDataset/012621_99B_RBC_platelet_chan1_14.png
195,1,"[[[170]
  [180]
  [178]
  ...
  [181]
  [182]
  [173]]

 [[170]
  [180]
  [178]
  ...
  [181]
  [181]
  [172]]

 [[170]
  [189]
  [187]
  ...
  [188]
  [189]
  [172]]

 ...

 [[169]
  [188]
  [186]
  ...
  [190]
  [190]
  [170]]

 [[169]
  [179]
  [178]
  ...
  [182]
  [181]
  [171]]

 [[171]
  [180]
  [178]
  ...
  [183]
  [182]
  [170]]]",../MasterDataset/012621_105b_9_rbc_only_chan1_53.png
196,2,"[[[164]
  [173]
  [170]
  ...
  [170]
  [174]
  [166]]

 [[163]
  [174]
  [171]
  ...
  [171]
  [175]
  [166]]

 [[163]
  [175]
  [173]
  ...
  [173]
  [176]
  [166]]

 ...

 [[165]
  [177]
  [174]
  ...
  [174]
  [177]
  [166]]

 [[166]
  [176]
  [173]
  ...
  [173]
  [176]
  [166]]

 [[166]
  [176]
  [173]
  ...
  [173]
  [176]
  [166]]]",../MasterDataset/012621_121B_1_platelet_cluster_chan1_79.png
197,2,"[[[179]
  [189]
  [187]
  ...
  [187]
  [191]
  [181]]

 [[178]
  [190]
  [187]
  ...
  [188]
  [191]
  [180]]

 [[178]
  [195]
  [193]
  ...
  [193]
  [196]
  [180]]

 ...

 [[181]
  [197]
  [195]
  ...
  [195]
  [197]
  [182]]

 [[181]
  [192]
  [190]
  ...
  [190]
  [192]
  [182]]

 [[182]
  [191]
  [189]
  ...
  [190]
  [191]
  [182]]]",../MasterDataset/012621_139B_16_platelet_cluster_chan1_77.png
198,2,"[[[171]
  [179]
  [177]
  ...
  [179]
  [180]
  [172]]

 [[170]
  [181]
  [179]
  ...
  [181]
  [182]
  [171]]

 [[170]
  [193]
  [191]
  ...
  [192]
  [193]
  [172]]

 ...

 [[171]
  [194]
  [191]
  ...
  [192]
  [195]
  [172]]

 [[172]
  [183]
  [180]
  ...
  [182]
  [183]
  [172]]

 [[173]
  [182]
  [178]
  ...
  [181]
  [182]
  [173]]]",../MasterDataset/012621_83B_4_RBC_only_chan1_31.png
199,1,"[[[176]
  [186]
  [185]
  ...
  [185]
  [189]
  [180]]

 [[176]
  [193]
  [191]
  ...
  [191]
  [195]
  [179]]

 [[177]
  [203]
  [201]
  ...
  [203]
  [205]
  [179]]

 ...

 [[177]
  [203]
  [199]
  ...
  [201]
  [204]
  [179]]

 [[179]
  [195]
  [189]
  ...
  [190]
  [194]
  [179]]

 [[180]
  [189]
  [184]
  ...
  [185]
  [188]
  [179]]]",../MasterDataset/012621_139B_16_rbc_only_chan1_31.png
200,0,"[[[164]
  [173]
  [170]
  ...
  [170]
  [173]
  [163]]

 [[163]
  [176]
  [173]
  ...
  [174]
  [176]
  [164]]

 [[163]
  [186]
  [184]
  ...
  [185]
  [186]
  [165]]

 ...

 [[163]
  [186]
  [183]
  ...
  [184]
  [187]
  [165]]

 [[165]
  [176]
  [173]
  ...
  [174]
  [178]
  [166]]

 [[166]
  [174]
  [170]
  ...
  [173]
  [176]
  [166]]]",../MasterDataset/012621_103B_3_platelet_cluster_chan1_75.png
201,1,"[[[173]
  [182]
  [181]
  ...
  [181]
  [185]
  [174]]

 [[173]
  [188]
  [186]
  ...
  [187]
  [189]
  [174]]

 [[173]
  [198]
  [196]
  ...
  [197]
  [199]
  [174]]

 ...

 [[174]
  [198]
  [194]
  ...
  [196]
  [199]
  [175]]

 [[176]
  [191]
  [186]
  ...
  [186]
  [189]
  [174]]

 [[178]
  [186]
  [181]
  ...
  [181]
  [183]
  [174]]]",../MasterDataset/012621_126B_13_RBC_only_chan1_72.png
202,2,"[[[164]
  [173]
  [170]
  ...
  [170]
  [174]
  [166]]

 [[163]
  [174]
  [171]
  ...
  [171]
  [175]
  [166]]

 [[163]
  [178]
  [176]
  ...
  [177]
  [180]
  [166]]

 ...

 [[165]
  [180]
  [178]
  ...
  [177]
  [180]
  [166]]

 [[165]
  [176]
  [173]
  ...
  [172]
  [176]
  [167]]

 [[166]
  [176]
  [174]
  ...
  [173]
  [176]
  [168]]]",../MasterDataset/012621_121B_1_platelet_cluster_chan1_13.png
203,0,"[[[175]
  [185]
  [182]
  ...
  [184]
  [188]
  [177]]

 [[173]
  [186]
  [183]
  ...
  [184]
  [188]
  [177]]

 [[174]
  [198]
  [195]
  ...
  [196]
  [200]
  [177]]

 ...

 [[176]
  [199]
  [197]
  ...
  [194]
  [197]
  [175]]

 [[175]
  [187]
  [185]
  ...
  [182]
  [186]
  [176]]

 [[176]
  [186]
  [187]
  ...
  [182]
  [185]
  [177]]]",../MasterDataset/012621_99B_platelet_cluster_chan1_47.png
204,2,"[[[169]
  [179]
  [178]
  ...
  [178]
  [180]
  [172]]

 [[167]
  [179]
  [178]
  ...
  [178]
  [180]
  [171]]

 [[169]
  [191]
  [190]
  ...
  [190]
  [192]
  [172]]

 ...

 [[170]
  [192]
  [191]
  ...
  [190]
  [191]
  [169]]

 [[169]
  [180]
  [179]
  ...
  [179]
  [179]
  [169]]

 [[171]
  [182]
  [179]
  ...
  [179]
  [179]
  [168]]]",../MasterDataset/012621_83B_4_platelet_cluster_chan1_68.png
205,2,"[[[173]
  [185]
  [181]
  ...
  [182]
  [185]
  [177]]

 [[172]
  [185]
  [184]
  ...
  [185]
  [188]
  [176]]

 [[173]
  [198]
  [196]
  ...
  [197]
  [199]
  [175]]

 ...

 [[177]
  [199]
  [196]
  ...
  [197]
  [200]
  [176]]

 [[177]
  [189]
  [185]
  ...
  [186]
  [190]
  [176]]

 [[178]
  [186]
  [184]
  ...
  [185]
  [188]
  [175]]]",../MasterDataset/012621_135B_17_RBC_platelet_chan1_29.png
206,0,"[[[173]
  [183]
  [181]
  ...
  [183]
  [185]
  [175]]

 [[172]
  [186]
  [184]
  ...
  [186]
  [188]
  [174]]

 [[173]
  [197]
  [195]
  ...
  [197]
  [199]
  [175]]

 ...

 [[177]
  [200]
  [197]
  ...
  [194]
  [197]
  [173]]

 [[176]
  [188]
  [185]
  ...
  [184]
  [185]
  [172]]

 [[176]
  [185]
  [182]
  ...
  [182]
  [183]
  [171]]]",../MasterDataset/012621_98B_8_platelet_cluster_chan1_39.png
207,2,"[[[173]
  [183]
  [181]
  ...
  [183]
  [185]
  [175]]

 [[172]
  [183]
  [181]
  ...
  [183]
  [185]
  [174]]

 [[172]
  [185]
  [183]
  ...
  [184]
  [187]
  [174]]

 ...

 [[175]
  [189]
  [185]
  ...
  [184]
  [185]
  [174]]

 [[175]
  [186]
  [183]
  ...
  [183]
  [183]
  [174]]

 [[176]
  [186]
  [184]
  ...
  [183]
  [183]
  [174]]]",../MasterDataset/012621_126B_13_platelet_cluster_chan1_53.png
208,1,"[[[173]
  [185]
  [181]
  ...
  [182]
  [185]
  [177]]

 [[172]
  [186]
  [185]
  ...
  [186]
  [189]
  [176]]

 [[173]
  [199]
  [196]
  ...
  [197]
  [200]
  [176]]

 ...

 [[174]
  [198]
  [196]
  ...
  [195]
  [196]
  [172]]

 [[172]
  [186]
  [185]
  ...
  [185]
  [185]
  [172]]

 [[173]
  [185]
  [181]
  ...
  [182]
  [183]
  [173]]]",../MasterDataset/012621_98B_8_rbc_platelet_chan1_59.png
209,2,"[[[162]
  [173]
  [170]
  ...
  [170]
  [173]
  [163]]

 [[162]
  [175]
  [174]
  ...
  [175]
  [177]
  [164]]

 [[163]
  [186]
  [184]
  ...
  [185]
  [187]
  [163]]

 ...

 [[163]
  [186]
  [184]
  ...
  [184]
  [187]
  [165]]

 [[163]
  [177]
  [175]
  ...
  [176]
  [179]
  [166]]

 [[163]
  [173]
  [172]
  ...
  [173]
  [176]
  [166]]]",../MasterDataset/012621_103B_3_rbc_only_chan1_46.png
210,2,"[[[162]
  [171]
  [170]
  ...
  [170]
  [173]
  [163]]

 [[161]
  [171]
  [170]
  ...
  [171]
  [174]
  [164]]

 [[161]
  [176]
  [175]
  ...
  [176]
  [178]
  [164]]

 ...

 [[165]
  [180]
  [177]
  ...
  [177]
  [180]
  [166]]

 [[165]
  [176]
  [172]
  ...
  [172]
  [176]
  [166]]

 [[166]
  [176]
  [173]
  ...
  [173]
  [176]
  [166]]]",../MasterDataset/012621_103B_3_platelet_cluster_chan1_6.png
211,2,"[[[171]
  [182]
  [179]
  ...
  [181]
  [182]
  [173]]

 [[171]
  [183]
  [182]
  ...
  [183]
  [183]
  [172]]

 [[171]
  [195]
  [192]
  ...
  [193]
  [195]
  [172]]

 ...

 [[173]
  [195]
  [193]
  ...
  [193]
  [196]
  [172]]

 [[172]
  [184]
  [182]
  ...
  [183]
  [184]
  [172]]

 [[173]
  [182]
  [181]
  ...
  [181]
  [183]
  [173]]]",../MasterDataset/012621_138B_14_RBC_only_chan1_47.png
212,1,"[[[173]
  [182]
  [181]
  ...
  [181]
  [183]
  [174]]

 [[172]
  [182]
  [181]
  ...
  [181]
  [182]
  [174]]

 [[173]
  [191]
  [189]
  ...
  [190]
  [192]
  [174]]

 ...

 [[174]
  [193]
  [189]
  ...
  [190]
  [192]
  [175]]

 [[175]
  [186]
  [181]
  ...
  [181]
  [183]
  [175]]

 [[176]
  [186]
  [181]
  ...
  [181]
  [185]
  [177]]]",../MasterDataset/012621_138B_14_wbc_chan1_71.png
213,2,"[[[173]
  [183]
  [181]
  ...
  [182]
  [185]
  [177]]

 [[172]
  [183]
  [181]
  ...
  [182]
  [184]
  [176]]

 [[172]
  [184]
  [182]
  ...
  [184]
  [185]
  [175]]

 ...

 [[173]
  [187]
  [184]
  ...
  [184]
  [185]
  [174]]

 [[174]
  [185]
  [183]
  ...
  [182]
  [184]
  [174]]

 [[175]
  [185]
  [183]
  ...
  [182]
  [185]
  [174]]]",../MasterDataset/012621_126B_13_platelet_cluster_chan1_58.png
214,2,"[[[173]
  [183]
  [181]
  ...
  [183]
  [185]
  [175]]

 [[173]
  [183]
  [181]
  ...
  [183]
  [186]
  [174]]

 [[173]
  [190]
  [188]
  ...
  [190]
  [192]
  [174]]

 ...

 [[176]
  [193]
  [191]
  ...
  [190]
  [193]
  [176]]

 [[177]
  [187]
  [184]
  ...
  [184]
  [185]
  [176]]

 [[178]
  [188]
  [184]
  ...
  [184]
  [186]
  [177]]]",../MasterDataset/012621_135B_17_platelet_cluster_chan1_13.png
215,0,"[[[166]
  [176]
  [174]
  ...
  [175]
  [177]
  [168]]

 [[165]
  [177]
  [175]
  ...
  [177]
  [179]
  [168]]

 [[166]
  [189]
  [187]
  ...
  [188]
  [190]
  [168]]

 ...

 [[166]
  [190]
  [188]
  ...
  [188]
  [192]
  [169]]

 [[167]
  [180]
  [178]
  ...
  [178]
  [181]
  [171]]

 [[167]
  [179]
  [178]
  ...
  [176]
  [179]
  [170]]]",../MasterDataset/012621_98B_2_platelet_cluster_chan1_14.png
216,2,"[[[171]
  [179]
  [178]
  ...
  [179]
  [180]
  [172]]

 [[171]
  [179]
  [177]
  ...
  [179]
  [180]
  [172]]

 [[170]
  [180]
  [179]
  ...
  [181]
  [181]
  [171]]

 ...

 [[171]
  [183]
  [181]
  ...
  [181]
  [181]
  [171]]

 [[171]
  [182]
  [179]
  ...
  [179]
  [180]
  [170]]

 [[171]
  [182]
  [179]
  ...
  [179]
  [180]
  [169]]]",../MasterDataset/012621_97B_12_platelet_cluster_chan1_67.png
217,1,"[[[174]
  [185]
  [182]
  ...
  [184]
  [188]
  [177]]

 [[173]
  [192]
  [189]
  ...
  [190]
  [194]
  [177]]

 [[175]
  [201]
  [199]
  ...
  [200]
  [203]
  [178]]

 ...

 [[176]
  [201]
  [199]
  ...
  [200]
  [200]
  [175]]

 [[177]
  [193]
  [190]
  ...
  [190]
  [192]
  [176]]

 [[179]
  [188]
  [184]
  ...
  [185]
  [186]
  [177]]]",../MasterDataset/012621_99B_RBC_platelet_chan1_36.png
218,0,"[[[176]
  [186]
  [185]
  ...
  [185]
  [189]
  [180]]

 [[176]
  [190]
  [186]
  ...
  [187]
  [192]
  [179]]

 [[177]
  [201]
  [199]
  ...
  [200]
  [203]
  [179]]

 ...

 [[177]
  [201]
  [200]
  ...
  [200]
  [203]
  [180]]

 [[178]
  [191]
  [190]
  ...
  [189]
  [192]
  [180]]

 [[179]
  [189]
  [188]
  ...
  [187]
  [191]
  [181]]]",../MasterDataset/012621_85B_7_platelet_cluster_chan1_82.png
219,1,"[[[173]
  [182]
  [181]
  ...
  [181]
  [183]
  [174]]

 [[172]
  [186]
  [185]
  ...
  [185]
  [187]
  [174]]

 [[173]
  [197]
  [195]
  ...
  [196]
  [198]
  [174]]

 ...

 [[173]
  [197]
  [195]
  ...
  [195]
  [198]
  [174]]

 [[172]
  [186]
  [186]
  ...
  [186]
  [189]
  [174]]

 [[173]
  [183]
  [182]
  ...
  [184]
  [186]
  [175]]]",../MasterDataset/012621_141B_10_RBC_only_chan1_31.png
220,2,"[[[171]
  [179]
  [177]
  ...
  [179]
  [180]
  [172]]

 [[170]
  [184]
  [182]
  ...
  [184]
  [185]
  [171]]

 [[170]
  [195]
  [192]
  ...
  [194]
  [195]
  [172]]

 ...

 [[170]
  [195]
  [192]
  ...
  [194]
  [196]
  [172]]

 [[171]
  [185]
  [183]
  ...
  [185]
  [186]
  [172]]

 [[173]
  [182]
  [178]
  ...
  [181]
  [182]
  [172]]]",../MasterDataset/012621_97B_12_RBC_platelet_chan1_35.png
221,1,"[[[163]
  [173]
  [171]
  ...
  [171]
  [174]
  [166]]

 [[163]
  [181]
  [180]
  ...
  [180]
  [182]
  [165]]

 [[163]
  [188]
  [186]
  ...
  [187]
  [188]
  [165]]

 ...

 [[166]
  [189]
  [186]
  ...
  [187]
  [187]
  [162]]

 [[167]
  [184]
  [179]
  ...
  [180]
  [182]
  [163]]

 [[167]
  [176]
  [172]
  ...
  [173]
  [175]
  [165]]]",../MasterDataset/012621_121B_1_RBC_only_chan1_13.png
222,1,"[[[176]
  [186]
  [184]
  ...
  [186]
  [188]
  [177]]

 [[176]
  [191]
  [187]
  ...
  [188]
  [192]
  [178]]

 [[177]
  [201]
  [199]
  ...
  [200]
  [202]
  [178]]

 ...

 [[179]
  [203]
  [200]
  ...
  [197]
  [199]
  [176]]

 [[178]
  [192]
  [188]
  ...
  [187]
  [189]
  [175]]

 [[179]
  [188]
  [185]
  ...
  [185]
  [186]
  [175]]]",../MasterDataset/012621_85B_7_RBC_only_chan1_29.png
223,2,"[[[173]
  [183]
  [181]
  ...
  [183]
  [185]
  [175]]

 [[172]
  [183]
  [181]
  ...
  [183]
  [186]
  [174]]

 [[173]
  [192]
  [190]
  ...
  [192]
  [194]
  [175]]

 ...

 [[176]
  [195]
  [191]
  ...
  [191]
  [194]
  [175]]

 [[177]
  [188]
  [183]
  ...
  [182]
  [186]
  [177]]

 [[178]
  [188]
  [184]
  ...
  [182]
  [185]
  [177]]]",../MasterDataset/012621_126B_13_platelet_cluster_chan1_4.png
224,0,"[[[173]
  [185]
  [181]
  ...
  [182]
  [185]
  [177]]

 [[172]
  [183]
  [182]
  ...
  [183]
  [186]
  [176]]

 [[173]
  [195]
  [192]
  ...
  [194]
  [196]
  [175]]

 ...

 [[174]
  [195]
  [193]
  ...
  [193]
  [194]
  [173]]

 [[176]
  [187]
  [183]
  ...
  [182]
  [183]
  [172]]

 [[176]
  [186]
  [184]
  ...
  [183]
  [183]
  [173]]]",../MasterDataset/012621_98B_8_platelet_cluster_chan1_63.png
225,1,"[[[173]
  [185]
  [181]
  ...
  [182]
  [185]
  [177]]

 [[172]
  [183]
  [182]
  ...
  [183]
  [186]
  [177]]

 [[173]
  [193]
  [191]
  ...
  [192]
  [194]
  [176]]

 ...

 [[176]
  [195]
  [191]
  ...
  [191]
  [194]
  [176]]

 [[177]
  [188]
  [183]
  ...
  [182]
  [187]
  [177]]

 [[178]
  [188]
  [184]
  ...
  [182]
  [186]
  [177]]]",../MasterDataset/012621_98B_8_rbc_only_chan1_60.png
226,1,"[[[161]
  [171]
  [169]
  ...
  [170]
  [173]
  [163]]

 [[160]
  [175]
  [173]
  ...
  [174]
  [177]
  [164]]

 [[162]
  [185]
  [184]
  ...
  [184]
  [187]
  [163]]

 ...

 [[163]
  [186]
  [184]
  ...
  [184]
  [187]
  [165]]

 [[162]
  [175]
  [175]
  ...
  [176]
  [179]
  [166]]

 [[162]
  [173]
  [172]
  ...
  [173]
  [176]
  [166]]]",../MasterDataset/012621_103B_3_rbc_only_chan1_21.png
227,2,"[[[162]
  [173]
  [170]
  ...
  [170]
  [173]
  [163]]

 [[162]
  [174]
  [173]
  ...
  [174]
  [177]
  [164]]

 [[163]
  [186]
  [183]
  ...
  [184]
  [186]
  [163]]

 ...

 [[163]
  [185]
  [182]
  ...
  [182]
  [183]
  [160]]

 [[163]
  [174]
  [172]
  ...
  [172]
  [173]
  [160]]

 [[163]
  [173]
  [170]
  ...
  [170]
  [171]
  [161]]]",../MasterDataset/012621_103B_3_wbc_chan1_14.png
228,1,"[[[174]
  [183]
  [182]
  ...
  [184]
  [186]
  [177]]

 [[174]
  [195]
  [193]
  ...
  [194]
  [196]
  [175]]

 [[175]
  [199]
  [196]
  ...
  [198]
  [199]
  [176]]

 ...

 [[175]
  [198]
  [197]
  ...
  [199]
  [199]
  [175]]

 [[176]
  [195]
  [193]
  ...
  [193]
  [195]
  [172]]

 [[178]
  [185]
  [182]
  ...
  [182]
  [183]
  [173]]]",../MasterDataset/012621_99B_RBC_platelet_chan1_38.png
229,1,"[[[178]
  [188]
  [185]
  ...
  [186]
  [189]
  [180]]

 [[177]
  [189]
  [185]
  ...
  [187]
  [190]
  [179]]

 [[177]
  [197]
  [195]
  ...
  [196]
  [198]
  [179]]

 ...

 [[179]
  [198]
  [195]
  ...
  [195]
  [198]
  [179]]

 [[180]
  [191]
  [187]
  ...
  [185]
  [191]
  [180]]

 [[180]
  [191]
  [187]
  ...
  [185]
  [191]
  [182]]]",../MasterDataset/012621_139B_16_wbc_chan1_23.png
230,1,"[[[176]
  [187]
  [185]
  ...
  [185]
  [189]
  [180]]

 [[176]
  [195]
  [192]
  ...
  [193]
  [197]
  [179]]

 [[177]
  [204]
  [202]
  ...
  [204]
  [206]
  [179]]

 ...

 [[177]
  [205]
  [203]
  ...
  [200]
  [203]
  [178]]

 [[177]
  [196]
  [194]
  ...
  [191]
  [193]
  [175]]

 [[178]
  [188]
  [187]
  ...
  [184]
  [185]
  [174]]]",../MasterDataset/012621_85B_7_RBC_only_chan1_67.png
231,1,"[[[173]
  [185]
  [181]
  ...
  [182]
  [185]
  [177]]

 [[172]
  [183]
  [182]
  ...
  [183]
  [186]
  [177]]

 [[173]
  [193]
  [191]
  ...
  [192]
  [194]
  [176]]

 ...

 [[176]
  [195]
  [191]
  ...
  [191]
  [194]
  [176]]

 [[177]
  [188]
  [183]
  ...
  [182]
  [187]
  [177]]

 [[178]
  [188]
  [184]
  ...
  [182]
  [186]
  [177]]]",../MasterDataset/012621_135B_17_wbc_chan1_23.png
232,1,"[[[173]
  [183]
  [181]
  ...
  [181]
  [185]
  [177]]

 [[172]
  [182]
  [181]
  ...
  [182]
  [183]
  [175]]

 [[173]
  [195]
  [193]
  ...
  [194]
  [196]
  [175]]

 ...

 [[176]
  [196]
  [193]
  ...
  [194]
  [195]
  [175]]

 [[177]
  [187]
  [183]
  ...
  [182]
  [183]
  [173]]

 [[178]
  [186]
  [184]
  ...
  [183]
  [185]
  [174]]]",../MasterDataset/012621_126B_13_RBC_only_chan1_62.png
233,1,"[[[173]
  [182]
  [181]
  ...
  [181]
  [183]
  [174]]

 [[172]
  [182]
  [181]
  ...
  [181]
  [182]
  [174]]

 [[173]
  [193]
  [191]
  ...
  [192]
  [194]
  [174]]

 ...

 [[173]
  [193]
  [191]
  ...
  [191]
  [194]
  [173]]

 [[172]
  [182]
  [181]
  ...
  [181]
  [183]
  [174]]

 [[173]
  [183]
  [181]
  ...
  [182]
  [185]
  [174]]]",../MasterDataset/012621_141B_10_wbc_chan1_37.png
234,2,"[[[173]
  [182]
  [181]
  ...
  [181]
  [185]
  [174]]

 [[173]
  [188]
  [187]
  ...
  [188]
  [189]
  [174]]

 [[174]
  [198]
  [196]
  ...
  [198]
  [199]
  [174]]

 ...

 [[174]
  [199]
  [196]
  ...
  [197]
  [198]
  [172]]

 [[176]
  [191]
  [188]
  ...
  [188]
  [188]
  [172]]

 [[178]
  [185]
  [182]
  ...
  [182]
  [183]
  [173]]]",../MasterDataset/012621_98B_8_rbc_platelet_chan1_1.png
235,1,"[[[176]
  [186]
  [185]
  ...
  [185]
  [189]
  [180]]

 [[176]
  [188]
  [185]
  ...
  [185]
  [190]
  [179]]

 [[177]
  [200]
  [198]
  ...
  [199]
  [202]
  [179]]

 ...

 [[178]
  [201]
  [199]
  ...
  [198]
  [199]
  [175]]

 [[178]
  [190]
  [188]
  ...
  [187]
  [188]
  [176]]

 [[179]
  [189]
  [187]
  ...
  [187]
  [188]
  [175]]]",../MasterDataset/012621_139B_16_wbc_chan1_19.png
236,2,"[[[175]
  [185]
  [182]
  ...
  [184]
  [188]
  [177]]

 [[173]
  [190]
  [187]
  ...
  [189]
  [192]
  [177]]

 [[175]
  [200]
  [198]
  ...
  [199]
  [202]
  [178]]

 ...

 [[177]
  [200]
  [197]
  ...
  [199]
  [201]
  [178]]

 [[177]
  [191]
  [187]
  ...
  [188]
  [191]
  [177]]

 [[178]
  [186]
  [182]
  ...
  [182]
  [186]
  [177]]]",../MasterDataset/012621_99B_RBC_only_chan1_53.png
237,1,"[[[171]
  [179]
  [177]
  ...
  [179]
  [180]
  [172]]

 [[170]
  [183]
  [181]
  ...
  [183]
  [184]
  [172]]

 [[170]
  [194]
  [192]
  ...
  [193]
  [194]
  [172]]

 ...

 [[170]
  [194]
  [192]
  ...
  [192]
  [195]
  [172]]

 [[169]
  [184]
  [183]
  ...
  [184]
  [185]
  [172]]

 [[171]
  [180]
  [179]
  ...
  [181]
  [182]
  [173]]]",../MasterDataset/012621_97B_12_RBC_platelet_chan1_43.png
238,2,"[[[173]
  [185]
  [182]
  ...
  [182]
  [185]
  [177]]

 [[172]
  [184]
  [182]
  ...
  [183]
  [185]
  [177]]

 [[172]
  [185]
  [184]
  ...
  [185]
  [187]
  [176]]

 ...

 [[175]
  [189]
  [186]
  ...
  [185]
  [187]
  [174]]

 [[175]
  [186]
  [184]
  ...
  [183]
  [185]
  [174]]

 [[176]
  [186]
  [184]
  ...
  [182]
  [185]
  [175]]]",../MasterDataset/012621_126B_13_platelet_cluster_chan1_38.png
239,1,"[[[171]
  [179]
  [178]
  ...
  [179]
  [182]
  [173]]

 [[170]
  [181]
  [180]
  ...
  [181]
  [183]
  [172]]

 [[170]
  [193]
  [191]
  ...
  [192]
  [194]
  [172]]

 ...

 [[171]
  [195]
  [192]
  ...
  [192]
  [195]
  [172]]

 [[172]
  [183]
  [181]
  ...
  [182]
  [183]
  [172]]

 [[173]
  [182]
  [179]
  ...
  [181]
  [182]
  [173]]]",../MasterDataset/012621_97B_12_RBC_only_chan1_17.png
240,1,"[[[173]
  [183]
  [181]
  ...
  [183]
  [185]
  [175]]

 [[172]
  [183]
  [181]
  ...
  [183]
  [186]
  [174]]

 [[173]
  [192]
  [190]
  ...
  [191]
  [193]
  [174]]

 ...

 [[173]
  [191]
  [189]
  ...
  [193]
  [193]
  [173]]

 [[172]
  [182]
  [181]
  ...
  [185]
  [186]
  [172]]

 [[173]
  [183]
  [181]
  ...
  [186]
  [185]
  [173]]]",../MasterDataset/012621_135B_17_wbc_chan1_26.png
241,1,"[[[168]
  [179]
  [177]
  ...
  [178]
  [180]
  [172]]

 [[168]
  [185]
  [183]
  ...
  [184]
  [186]
  [171]]

 [[169]
  [194]
  [193]
  ...
  [193]
  [195]
  [171]]

 ...

 [[172]
  [195]
  [191]
  ...
  [192]
  [193]
  [169]]

 [[170]
  [186]
  [183]
  ...
  [184]
  [184]
  [167]]

 [[170]
  [180]
  [178]
  ...
  [178]
  [179]
  [167]]]",../MasterDataset/012621_83B_4_wbc_chan1_43.png
242,1,"[[[171]
  [179]
  [178]
  ...
  [179]
  [182]
  [173]]

 [[170]
  [179]
  [178]
  ...
  [179]
  [181]
  [172]]

 [[170]
  [189]
  [188]
  ...
  [188]
  [190]
  [172]]

 ...

 [[170]
  [189]
  [188]
  ...
  [190]
  [191]
  [172]]

 [[169]
  [180]
  [179]
  ...
  [181]
  [181]
  [172]]

 [[171]
  [180]
  [179]
  ...
  [181]
  [182]
  [173]]]",../MasterDataset/012621_83B_4_wbc_chan1_69.png
243,1,"[[[168]
  [179]
  [177]
  ...
  [178]
  [179]
  [170]]

 [[168]
  [183]
  [181]
  ...
  [181]
  [183]
  [170]]

 [[169]
  [193]
  [191]
  ...
  [191]
  [193]
  [169]]

 ...

 [[170]
  [193]
  [190]
  ...
  [191]
  [192]
  [169]]

 [[169]
  [183]
  [180]
  ...
  [181]
  [182]
  [170]]

 [[171]
  [179]
  [177]
  ...
  [177]
  [179]
  [170]]]",../MasterDataset/012621_83B_4_platelet_cluster_chan1_3.png
244,1,"[[[173]
  [182]
  [181]
  ...
  [181]
  [183]
  [174]]

 [[172]
  [182]
  [181]
  ...
  [181]
  [182]
  [174]]

 [[173]
  [192]
  [190]
  ...
  [191]
  [193]
  [174]]

 ...

 [[173]
  [191]
  [190]
  ...
  [192]
  [193]
  [175]]

 [[172]
  [181]
  [181]
  ...
  [182]
  [183]
  [174]]

 [[173]
  [182]
  [181]
  ...
  [182]
  [185]
  [174]]]",../MasterDataset/012621_138B_14_wbc_chan1_41.png
245,2,"[[[171]
  [179]
  [178]
  ...
  [179]
  [180]
  [172]]

 [[170]
  [179]
  [177]
  ...
  [179]
  [180]
  [171]]

 [[170]
  [189]
  [187]
  ...
  [188]
  [189]
  [172]]

 ...

 [[169]
  [188]
  [188]
  ...
  [190]
  [191]
  [172]]

 [[169]
  [179]
  [179]
  ...
  [181]
  [181]
  [172]]

 [[171]
  [179]
  [178]
  ...
  [181]
  [182]
  [173]]]",../MasterDataset/012621_83B_4_platelet_cluster_chan1_28.png
246,2,"[[[173]
  [185]
  [182]
  ...
  [182]
  [185]
  [177]]

 [[173]
  [184]
  [182]
  ...
  [183]
  [186]
  [177]]

 [[173]
  [188]
  [186]
  ...
  [187]
  [190]
  [176]]

 ...

 [[173]
  [190]
  [187]
  ...
  [188]
  [190]
  [174]]

 [[173]
  [186]
  [183]
  ...
  [185]
  [186]
  [174]]

 [[175]
  [185]
  [184]
  ...
  [185]
  [185]
  [174]]]",../MasterDataset/012621_126B_13_platelet_cluster_chan1_55.png
247,0,"[[[173]
  [185]
  [181]
  ...
  [182]
  [185]
  [177]]

 [[172]
  [184]
  [183]
  ...
  [184]
  [187]
  [176]]

 [[173]
  [198]
  [195]
  ...
  [197]
  [199]
  [175]]

 ...

 [[177]
  [198]
  [193]
  ...
  [196]
  [197]
  [172]]

 [[177]
  [187]
  [182]
  ...
  [184]
  [184]
  [172]]

 [[177]
  [185]
  [181]
  ...
  [182]
  [185]
  [173]]]",../MasterDataset/012621_98B_8_platelet_cluster_chan1_28.png
248,0,"[[[178]
  [188]
  [185]
  ...
  [186]
  [189]
  [180]]

 [[177]
  [189]
  [185]
  ...
  [187]
  [190]
  [179]]

 [[177]
  [195]
  [192]
  ...
  [193]
  [196]
  [179]]

 ...

 [[177]
  [194]
  [190]
  ...
  [194]
  [194]
  [177]]

 [[177]
  [187]
  [184]
  ...
  [188]
  [189]
  [177]]

 [[178]
  [186]
  [184]
  ...
  [188]
  [188]
  [177]]]",../MasterDataset/012621_139B_16_platelet_cluster_chan1_78.png
249,2,"[[[170]
  [182]
  [179]
  ...
  [180]
  [182]
  [173]]

 [[170]
  [190]
  [187]
  ...
  [188]
  [190]
  [172]]

 [[170]
  [197]
  [194]
  ...
  [195]
  [197]
  [171]]

 ...

 [[173]
  [198]
  [194]
  ...
  [194]
  [195]
  [169]]

 [[174]
  [191]
  [186]
  ...
  [188]
  [189]
  [170]]

 [[176]
  [184]
  [178]
  ...
  [181]
  [181]
  [172]]]",../MasterDataset/012621_105b_9_rbc_only_chan1_5.png
250,1,"[[[178]
  [188]
  [185]
  ...
  [187]
  [189]
  [180]]

 [[177]
  [198]
  [196]
  ...
  [197]
  [199]
  [179]]

 [[177]
  [203]
  [201]
  ...
  [201]
  [204]
  [179]]

 ...

 [[180]
  [204]
  [201]
  ...
  [201]
  [204]
  [179]]

 [[179]
  [199]
  [197]
  ...
  [198]
  [199]
  [179]]

 [[179]
  [188]
  [186]
  ...
  [188]
  [188]
  [179]]]",../MasterDataset/012621_139B_16_rbc_platelet_chan1_22.png
251,2,"[[[176]
  [186]
  [185]
  ...
  [185]
  [189]
  [180]]

 [[176]
  [193]
  [190]
  ...
  [191]
  [195]
  [179]]

 [[177]
  [203]
  [201]
  ...
  [202]
  [205]
  [179]]

 ...

 [[178]
  [203]
  [201]
  ...
  [202]
  [204]
  [179]]

 [[179]
  [194]
  [190]
  ...
  [193]
  [194]
  [178]]

 [[180]
  [189]
  [186]
  ...
  [188]
  [189]
  [177]]]",../MasterDataset/012621_85B_7_RBC_only_chan1_5.png
252,1,"[[[173]
  [183]
  [181]
  ...
  [183]
  [185]
  [175]]

 [[173]
  [189]
  [187]
  ...
  [189]
  [191]
  [174]]

 [[174]
  [199]
  [197]
  ...
  [199]
  [200]
  [175]]

 ...

 [[176]
  [199]
  [197]
  ...
  [198]
  [199]
  [172]]

 [[177]
  [192]
  [189]
  ...
  [189]
  [189]
  [173]]

 [[178]
  [186]
  [184]
  ...
  [183]
  [185]
  [174]]]",../MasterDataset/012621_135B_17_RBC_only_chan1_2.png
253,0,"[[[171]
  [182]
  [179]
  ...
  [181]
  [183]
  [173]]

 [[171]
  [184]
  [182]
  ...
  [184]
  [185]
  [172]]

 [[171]
  [195]
  [193]
  ...
  [194]
  [197]
  [172]]

 ...

 [[174]
  [198]
  [194]
  ...
  [192]
  [194]
  [171]]

 [[172]
  [186]
  [183]
  ...
  [183]
  [183]
  [171]]

 [[175]
  [183]
  [180]
  ...
  [180]
  [180]
  [170]]]",../MasterDataset/012621_105b_9_platelet_cluster_chan1_4.png
254,2,"[[[175]
  [183]
  [182]
  ...
  [184]
  [186]
  [177]]

 [[173]
  [183]
  [182]
  ...
  [184]
  [187]
  [176]]

 [[173]
  [189]
  [187]
  ...
  [189]
  [191]
  [176]]

 ...

 [[177]
  [194]
  [190]
  ...
  [190]
  [192]
  [178]]

 [[177]
  [189]
  [185]
  ...
  [185]
  [188]
  [177]]

 [[178]
  [188]
  [187]
  ...
  [187]
  [188]
  [177]]]",../MasterDataset/012621_135B_17_platelet_cluster_chan1_27.png
255,0,"[[[170]
  [182]
  [179]
  ...
  [180]
  [182]
  [173]]

 [[170]
  [184]
  [182]
  ...
  [183]
  [184]
  [172]]

 [[170]
  [195]
  [192]
  ...
  [193]
  [195]
  [172]]

 ...

 [[173]
  [196]
  [194]
  ...
  [191]
  [192]
  [170]]

 [[172]
  [185]
  [182]
  ...
  [181]
  [181]
  [170]]

 [[173]
  [182]
  [179]
  ...
  [179]
  [179]
  [168]]]",../MasterDataset/012621_105b_9_platelet_cluster_chan1_30.png
256,1,"[[[162]
  [173]
  [170]
  ...
  [170]
  [174]
  [166]]

 [[162]
  [171]
  [171]
  ...
  [171]
  [175]
  [166]]

 [[163]
  [180]
  [179]
  ...
  [179]
  [182]
  [165]]

 ...

 [[166]
  [182]
  [179]
  ...
  [178]
  [182]
  [165]]

 [[166]
  [176]
  [171]
  ...
  [170]
  [175]
  [166]]

 [[169]
  [176]
  [173]
  ...
  [170]
  [174]
  [166]]]",../MasterDataset/012621_121B_1_wbc_chan1_40.png
257,1,"[[[173]
  [183]
  [181]
  ...
  [181]
  [185]
  [176]]

 [[173]
  [191]
  [189]
  ...
  [190]
  [192]
  [175]]

 [[173]
  [200]
  [198]
  ...
  [199]
  [201]
  [175]]

 ...

 [[173]
  [198]
  [197]
  ...
  [198]
  [200]
  [174]]

 [[173]
  [190]
  [188]
  ...
  [191]
  [194]
  [175]]

 [[173]
  [183]
  [181]
  ...
  [184]
  [186]
  [177]]]",../MasterDataset/012621_126B_13_RBC_only_chan1_14.png
258,2,"[[[178]
  [188]
  [185]
  ...
  [187]
  [189]
  [180]]

 [[177]
  [193]
  [190]
  ...
  [192]
  [194]
  [179]]

 [[177]
  [203]
  [202]
  ...
  [202]
  [204]
  [179]]

 ...

 [[179]
  [203]
  [200]
  ...
  [202]
  [204]
  [179]]

 [[179]
  [194]
  [189]
  ...
  [190]
  [194]
  [179]]

 [[179]
  [189]
  [185]
  ...
  [185]
  [189]
  [179]]]",../MasterDataset/012621_139B_16_rbc_platelet_chan1_63.png
259,1,"[[[176]
  [186]
  [182]
  ...
  [184]
  [188]
  [177]]

 [[175]
  [190]
  [186]
  ...
  [187]
  [191]
  [177]]

 [[176]
  [201]
  [198]
  ...
  [199]
  [201]
  [178]]

 ...

 [[176]
  [199]
  [197]
  ...
  [196]
  [198]
  [174]]

 [[176]
  [190]
  [186]
  ...
  [186]
  [186]
  [174]]

 [[176]
  [186]
  [184]
  ...
  [183]
  [185]
  [174]]]",../MasterDataset/012621_99B_RBC_platelet_chan1_33.png
260,0,"[[[173]
  [185]
  [181]
  ...
  [182]
  [185]
  [177]]

 [[172]
  [185]
  [184]
  ...
  [185]
  [188]
  [176]]

 [[173]
  [198]
  [196]
  ...
  [197]
  [199]
  [175]]

 ...

 [[177]
  [199]
  [196]
  ...
  [197]
  [200]
  [176]]

 [[177]
  [189]
  [185]
  ...
  [186]
  [190]
  [176]]

 [[178]
  [186]
  [184]
  ...
  [185]
  [188]
  [175]]]",../MasterDataset/012621_98B_8_platelet_cluster_chan1_80.png
261,2,"[[[170]
  [182]
  [179]
  ...
  [180]
  [182]
  [173]]

 [[170]
  [181]
  [179]
  ...
  [181]
  [181]
  [172]]

 [[170]
  [184]
  [182]
  ...
  [183]
  [185]
  [172]]

 ...

 [[172]
  [185]
  [183]
  ...
  [182]
  [183]
  [172]]

 [[172]
  [181]
  [181]
  ...
  [178]
  [181]
  [172]]

 [[173]
  [182]
  [180]
  ...
  [178]
  [182]
  [173]]]",../MasterDataset/012621_141B_10_platelet_cluster_chan1_37.png
262,1,"[[[176]
  [186]
  [185]
  ...
  [185]
  [189]
  [180]]

 [[176]
  [194]
  [192]
  ...
  [193]
  [197]
  [179]]

 [[177]
  [204]
  [202]
  ...
  [203]
  [206]
  [179]]

 ...

 [[177]
  [205]
  [203]
  ...
  [201]
  [204]
  [179]]

 [[179]
  [197]
  [194]
  ...
  [191]
  [196]
  [180]]

 [[180]
  [190]
  [188]
  ...
  [184]
  [190]
  [180]]]",../MasterDataset/012621_139B_16_rbc_only_chan1_30.png
263,2,"[[[162]
  [173]
  [170]
  ...
  [170]
  [174]
  [166]]

 [[162]
  [171]
  [171]
  ...
  [171]
  [175]
  [166]]

 [[163]
  [184]
  [182]
  ...
  [183]
  [186]
  [165]]

 ...

 [[163]
  [185]
  [183]
  ...
  [181]
  [184]
  [164]]

 [[163]
  [174]
  [172]
  ...
  [170]
  [171]
  [164]]

 [[164]
  [173]
  [172]
  ...
  [170]
  [173]
  [163]]]",../MasterDataset/012621_103B_3_wbc_chan1_45.png
264,1,"[[[176]
  [187]
  [185]
  ...
  [185]
  [189]
  [180]]

 [[176]
  [196]
  [194]
  ...
  [194]
  [198]
  [179]]

 [[177]
  [203]
  [201]
  ...
  [203]
  [205]
  [179]]

 ...

 [[180]
  [205]
  [201]
  ...
  [201]
  [202]
  [176]]

 [[181]
  [198]
  [193]
  ...
  [194]
  [196]
  [176]]

 [[182]
  [190]
  [184]
  ...
  [186]
  [188]
  [177]]]",../MasterDataset/012621_139B_16_rbc_platelet_chan1_47.png
265,2,"[[[170]
  [182]
  [179]
  ...
  [180]
  [182]
  [173]]

 [[170]
  [181]
  [179]
  ...
  [181]
  [181]
  [172]]

 [[170]
  [186]
  [184]
  ...
  [185]
  [186]
  [172]]

 ...

 [[173]
  [187]
  [186]
  ...
  [186]
  [188]
  [172]]

 [[172]
  [183]
  [181]
  ...
  [181]
  [183]
  [172]]

 [[173]
  [183]
  [182]
  ...
  [181]
  [183]
  [173]]]",../MasterDataset/012621_105b_9_platelet_cluster_chan1_26.png
266,1,"[[[173]
  [182]
  [181]
  ...
  [181]
  [183]
  [174]]

 [[172]
  [182]
  [181]
  ...
  [181]
  [182]
  [174]]

 [[173]
  [193]
  [191]
  ...
  [192]
  [194]
  [174]]

 ...

 [[173]
  [193]
  [191]
  ...
  [191]
  [194]
  [173]]

 [[172]
  [182]
  [181]
  ...
  [181]
  [183]
  [174]]

 [[173]
  [183]
  [181]
  ...
  [182]
  [185]
  [174]]]",../MasterDataset/012621_138B_14_RBC_platelet_chan1_6.png
267,1,"[[[173]
  [182]
  [181]
  ...
  [181]
  [185]
  [174]]

 [[172]
  [186]
  [185]
  ...
  [186]
  [187]
  [174]]

 [[173]
  [197]
  [195]
  ...
  [196]
  [198]
  [174]]

 ...

 [[173]
  [197]
  [195]
  ...
  [196]
  [198]
  [175]]

 [[172]
  [186]
  [186]
  ...
  [186]
  [189]
  [174]]

 [[173]
  [183]
  [182]
  ...
  [184]
  [185]
  [175]]]",../MasterDataset/012621_141B_10_RBC_only_chan1_38.png
268,2,"[[[178]
  [188]
  [185]
  ...
  [186]
  [189]
  [180]]

 [[177]
  [190]
  [187]
  ...
  [189]
  [192]
  [179]]

 [[177]
  [202]
  [200]
  ...
  [200]
  [203]
  [179]]

 ...

 [[177]
  [202]
  [200]
  ...
  [201]
  [204]
  [180]]

 [[178]
  [192]
  [190]
  ...
  [190]
  [192]
  [181]]

 [[180]
  [191]
  [189]
  ...
  [188]
  [191]
  [181]]]",../MasterDataset/012621_139B_16_rbc_platelet_chan1_37.png
269,2,"[[[171]
  [179]
  [177]
  ...
  [178]
  [180]
  [170]]

 [[169]
  [179]
  [177]
  ...
  [178]
  [180]
  [171]]

 [[169]
  [185]
  [184]
  ...
  [185]
  [186]
  [170]]

 ...

 [[169]
  [185]
  [184]
  ...
  [184]
  [186]
  [170]]

 [[169]
  [179]
  [178]
  ...
  [178]
  [180]
  [172]]

 [[171]
  [179]
  [178]
  ...
  [178]
  [180]
  [172]]]",../MasterDataset/012621_83B_4_platelet_cluster_chan1_85.png
270,1,"[[[173]
  [182]
  [181]
  ...
  [181]
  [183]
  [174]]

 [[173]
  [190]
  [189]
  ...
  [189]
  [191]
  [174]]

 [[173]
  [198]
  [196]
  ...
  [197]
  [200]
  [174]]

 ...

 [[173]
  [198]
  [196]
  ...
  [196]
  [199]
  [172]]

 [[173]
  [192]
  [190]
  ...
  [189]
  [190]
  [172]]

 [[174]
  [186]
  [183]
  ...
  [181]
  [182]
  [173]]]",../MasterDataset/012621_138B_14_RBC_platelet_chan1_17.png
271,2,"[[[173]
  [183]
  [181]
  ...
  [182]
  [185]
  [177]]

 [[172]
  [183]
  [181]
  ...
  [182]
  [184]
  [176]]

 [[172]
  [184]
  [182]
  ...
  [184]
  [185]
  [175]]

 ...

 [[173]
  [187]
  [184]
  ...
  [184]
  [185]
  [174]]

 [[174]
  [185]
  [183]
  ...
  [182]
  [184]
  [174]]

 [[175]
  [185]
  [183]
  ...
  [182]
  [185]
  [174]]]",../MasterDataset/012621_135B_17_platelet_cluster_chan1_49.png
272,2,"[[[170]
  [180]
  [178]
  ...
  [180]
  [182]
  [173]]

 [[170]
  [183]
  [182]
  ...
  [184]
  [184]
  [172]]

 [[170]
  [195]
  [193]
  ...
  [194]
  [196]
  [172]]

 ...

 [[171]
  [195]
  [193]
  ...
  [191]
  [195]
  [171]]

 [[172]
  [186]
  [184]
  ...
  [181]
  [186]
  [173]]

 [[173]
  [183]
  [182]
  ...
  [179]
  [183]
  [174]]]",../MasterDataset/012621_105b_9_rbc_platelet_chan1_8.png
273,1,"[[[173]
  [183]
  [181]
  ...
  [181]
  [185]
  [176]]

 [[173]
  [189]
  [187]
  ...
  [188]
  [190]
  [175]]

 [[174]
  [199]
  [197]
  ...
  [198]
  [200]
  [175]]

 ...

 [[175]
  [199]
  [196]
  ...
  [197]
  [199]
  [172]]

 [[176]
  [191]
  [188]
  ...
  [189]
  [189]
  [173]]

 [[178]
  [185]
  [182]
  ...
  [183]
  [185]
  [174]]]",../MasterDataset/012621_135B_17_RBC_only_chan1_41.png
274,2,"[[[162]
  [173]
  [170]
  ...
  [170]
  [173]
  [163]]

 [[162]
  [172]
  [171]
  ...
  [172]
  [172]
  [164]]

 [[163]
  [184]
  [182]
  ...
  [183]
  [185]
  [163]]

 ...

 [[163]
  [184]
  [180]
  ...
  [183]
  [184]
  [162]]

 [[163]
  [172]
  [170]
  ...
  [172]
  [172]
  [162]]

 [[163]
  [173]
  [167]
  ...
  [170]
  [173]
  [163]]]",../MasterDataset/012621_103B_3_wbc_chan1_3.png
275,2,"[[[166]
  [176]
  [173]
  ...
  [174]
  [176]
  [168]]

 [[165]
  [176]
  [173]
  ...
  [173]
  [177]
  [167]]

 [[166]
  [182]
  [179]
  ...
  [180]
  [182]
  [167]]

 ...

 [[164]
  [181]
  [178]
  ...
  [180]
  [182]
  [167]]

 [[165]
  [176]
  [172]
  ...
  [174]
  [177]
  [167]]

 [[166]
  [176]
  [173]
  ...
  [175]
  [176]
  [168]]]",../MasterDataset/012621_98B_2_platelet_cluster_chan1_39.png
276,1,"[[[170]
  [180]
  [178]
  ...
  [181]
  [182]
  [173]]

 [[170]
  [187]
  [185]
  ...
  [187]
  [188]
  [172]]

 [[170]
  [197]
  [194]
  ...
  [196]
  [198]
  [172]]

 ...

 [[172]
  [197]
  [195]
  ...
  [194]
  [197]
  [172]]

 [[172]
  [187]
  [186]
  ...
  [185]
  [188]
  [173]]

 [[173]
  [181]
  [180]
  ...
  [178]
  [181]
  [174]]]",../MasterDataset/012621_105b_9_rbc_only_chan1_17.png
277,0,"[[[166]
  [176]
  [173]
  ...
  [175]
  [176]
  [168]]

 [[165]
  [176]
  [173]
  ...
  [173]
  [177]
  [167]]

 [[166]
  [187]
  [185]
  ...
  [186]
  [188]
  [167]]

 ...

 [[166]
  [187]
  [186]
  ...
  [186]
  [187]
  [166]]

 [[166]
  [177]
  [176]
  ...
  [173]
  [177]
  [167]]

 [[166]
  [176]
  [175]
  ...
  [175]
  [176]
  [168]]]",../MasterDataset/012621_98B_2_platelet_cluster_chan1_18.png
278,2,"[[[171]
  [179]
  [178]
  ...
  [179]
  [182]
  [173]]

 [[170]
  [181]
  [180]
  ...
  [181]
  [183]
  [172]]

 [[170]
  [193]
  [191]
  ...
  [192]
  [194]
  [172]]

 ...

 [[171]
  [195]
  [192]
  ...
  [192]
  [195]
  [172]]

 [[172]
  [183]
  [181]
  ...
  [182]
  [183]
  [172]]

 [[173]
  [182]
  [179]
  ...
  [181]
  [182]
  [173]]]",../MasterDataset/012621_97B_12_RBC_only_chan1_39.png
279,1,"[[[168]
  [179]
  [176]
  ...
  [178]
  [179]
  [170]]

 [[168]
  [183]
  [180]
  ...
  [182]
  [183]
  [171]]

 [[169]
  [192]
  [191]
  ...
  [192]
  [193]
  [169]]

 ...

 [[170]
  [193]
  [191]
  ...
  [191]
  [194]
  [169]]

 [[169]
  [183]
  [182]
  ...
  [183]
  [184]
  [171]]

 [[171]
  [179]
  [178]
  ...
  [179]
  [182]
  [172]]]",../MasterDataset/012621_83B_4_RBC_only_chan1_37.png
280,1,"[[[173]
  [185]
  [181]
  ...
  [182]
  [185]
  [177]]

 [[172]
  [188]
  [186]
  ...
  [187]
  [190]
  [176]]

 [[173]
  [199]
  [197]
  ...
  [198]
  [200]
  [176]]

 ...

 [[174]
  [199]
  [197]
  ...
  [197]
  [200]
  [177]]

 [[173]
  [190]
  [187]
  ...
  [188]
  [191]
  [177]]

 [[174]
  [185]
  [184]
  ...
  [185]
  [188]
  [177]]]",../MasterDataset/012621_135B_17_RBC_platelet_chan1_59.png
281,1,"[[[171]
  [182]
  [180]
  ...
  [181]
  [183]
  [173]]

 [[171]
  [186]
  [184]
  ...
  [185]
  [186]
  [172]]

 [[172]
  [197]
  [194]
  ...
  [195]
  [197]
  [172]]

 ...

 [[172]
  [196]
  [194]
  ...
  [195]
  [197]
  [173]]

 [[172]
  [185]
  [184]
  ...
  [185]
  [187]
  [174]]

 [[173]
  [182]
  [181]
  ...
  [182]
  [185]
  [174]]]",../MasterDataset/012621_138B_14_RBC_only_chan1_30.png
282,1,"[[[176]
  [186]
  [185]
  ...
  [185]
  [189]
  [180]]

 [[176]
  [188]
  [185]
  ...
  [185]
  [190]
  [179]]

 [[176]
  [199]
  [197]
  ...
  [198]
  [201]
  [179]]

 ...

 [[177]
  [199]
  [196]
  ...
  [198]
  [200]
  [179]]

 [[177]
  [189]
  [185]
  ...
  [187]
  [190]
  [179]]

 [[178]
  [188]
  [186]
  ...
  [186]
  [189]
  [180]]]",../MasterDataset/012621_85B_7_wbc_chan1_16.png
283,0,"[[[170]
  [182]
  [179]
  ...
  [180]
  [182]
  [173]]

 [[170]
  [182]
  [180]
  ...
  [181]
  [182]
  [172]]

 [[170]
  [194]
  [191]
  ...
  [192]
  [194]
  [172]]

 ...

 [[170]
  [192]
  [190]
  ...
  [190]
  [193]
  [172]]

 [[168]
  [181]
  [180]
  ...
  [180]
  [182]
  [172]]

 [[171]
  [180]
  [179]
  ...
  [179]
  [182]
  [173]]]",../MasterDataset/012621_105b_9_platelet_cluster_chan1_67.png
284,0,"[[[176]
  [186]
  [185]
  ...
  [185]
  [189]
  [180]]

 [[176]
  [190]
  [187]
  ...
  [188]
  [192]
  [179]]

 [[177]
  [201]
  [199]
  ...
  [200]
  [203]
  [179]]

 ...

 [[178]
  [202]
  [199]
  ...
  [201]
  [202]
  [176]]

 [[177]
  [191]
  [188]
  ...
  [190]
  [191]
  [176]]

 [[178]
  [188]
  [186]
  ...
  [188]
  [188]
  [175]]]",../MasterDataset/012621_85B_7_platelet_cluster_chan1_46.png
285,1,"[[[176]
  [186]
  [185]
  ...
  [185]
  [189]
  [180]]

 [[176]
  [194]
  [192]
  ...
  [192]
  [196]
  [179]]

 [[177]
  [203]
  [202]
  ...
  [203]
  [205]
  [179]]

 ...

 [[179]
  [205]
  [201]
  ...
  [202]
  [205]
  [178]]

 [[178]
  [196]
  [193]
  ...
  [193]
  [195]
  [177]]

 [[179]
  [189]
  [187]
  ...
  [187]
  [188]
  [177]]]",../MasterDataset/012621_85B_7_RBC_platelet_chan1_41.png
286,0,"[[[173]
  [185]
  [182]
  ...
  [182]
  [185]
  [177]]

 [[172]
  [183]
  [182]
  ...
  [183]
  [186]
  [176]]

 [[173]
  [197]
  [195]
  ...
  [196]
  [198]
  [175]]

 ...

 [[174]
  [198]
  [196]
  ...
  [195]
  [196]
  [173]]

 [[175]
  [187]
  [184]
  ...
  [183]
  [183]
  [172]]

 [[176]
  [186]
  [184]
  ...
  [185]
  [185]
  [173]]]",../MasterDataset/012621_98B_8_platelet_cluster_chan1_61.png
287,1,"[[[176]
  [186]
  [185]
  ...
  [185]
  [189]
  [180]]

 [[176]
  [195]
  [193]
  ...
  [193]
  [197]
  [179]]

 [[177]
  [204]
  [202]
  ...
  [204]
  [206]
  [179]]

 ...

 [[176]
  [203]
  [201]
  ...
  [202]
  [205]
  [178]]

 [[176]
  [194]
  [192]
  ...
  [195]
  [197]
  [178]]

 [[176]
  [188]
  [186]
  ...
  [188]
  [189]
  [177]]]",../MasterDataset/012621_85B_7_RBC_only_chan1_56.png
288,2,"[[[173]
  [183]
  [181]
  ...
  [183]
  [185]
  [175]]

 [[172]
  [183]
  [181]
  ...
  [183]
  [186]
  [174]]

 [[173]
  [188]
  [186]
  ...
  [188]
  [191]
  [174]]

 ...

 [[176]
  [192]
  [189]
  ...
  [189]
  [191]
  [176]]

 [[176]
  [188]
  [184]
  ...
  [184]
  [187]
  [176]]

 [[177]
  [188]
  [185]
  ...
  [185]
  [186]
  [177]]]",../MasterDataset/012621_126B_13_platelet_cluster_chan1_44.png
289,1,"[[[176]
  [186]
  [184]
  ...
  [186]
  [188]
  [177]]

 [[176]
  [189]
  [185]
  ...
  [186]
  [190]
  [178]]

 [[177]
  [201]
  [198]
  ...
  [199]
  [201]
  [178]]

 ...

 [[179]
  [200]
  [195]
  ...
  [199]
  [200]
  [175]]

 [[177]
  [189]
  [183]
  ...
  [186]
  [189]
  [176]]

 [[179]
  [188]
  [182]
  ...
  [186]
  [188]
  [177]]]",../MasterDataset/012621_139B_16_rbc_only_chan1_70.png
290,0,"[[[173]
  [183]
  [181]
  ...
  [183]
  [185]
  [175]]

 [[172]
  [184]
  [182]
  ...
  [184]
  [187]
  [174]]

 [[173]
  [196]
  [194]
  ...
  [196]
  [197]
  [175]]

 ...

 [[175]
  [197]
  [193]
  ...
  [196]
  [197]
  [175]]

 [[177]
  [187]
  [182]
  ...
  [185]
  [187]
  [174]]

 [[178]
  [185]
  [181]
  ...
  [185]
  [185]
  [174]]]",../MasterDataset/012621_98B_8_platelet_cluster_chan1_52.png
291,2,"[[[176]
  [186]
  [185]
  ...
  [185]
  [189]
  [180]]

 [[176]
  [189]
  [186]
  ...
  [187]
  [191]
  [179]]

 [[177]
  [201]
  [199]
  ...
  [200]
  [203]
  [179]]

 ...

 [[176]
  [200]
  [197]
  ...
  [199]
  [201]
  [178]]

 [[175]
  [188]
  [185]
  ...
  [189]
  [191]
  [179]]

 [[176]
  [186]
  [185]
  ...
  [188]
  [189]
  [180]]]",../MasterDataset/012621_139B_16_rbc_platelet_chan1_64.png
292,2,"[[[162]
  [171]
  [169]
  ...
  [170]
  [173]
  [163]]

 [[160]
  [173]
  [171]
  ...
  [172]
  [175]
  [164]]

 [[161]
  [184]
  [182]
  ...
  [183]
  [186]
  [163]]

 ...

 [[163]
  [184]
  [183]
  ...
  [183]
  [186]
  [165]]

 [[163]
  [175]
  [173]
  ...
  [172]
  [176]
  [166]]

 [[163]
  [174]
  [172]
  ...
  [170]
  [174]
  [166]]]",../MasterDataset/012621_103B_3_wbc_chan1_18.png
293,2,"[[[171]
  [179]
  [178]
  ...
  [179]
  [182]
  [173]]

 [[170]
  [179]
  [178]
  ...
  [179]
  [181]
  [172]]

 [[170]
  [188]
  [187]
  ...
  [188]
  [190]
  [172]]

 ...

 [[172]
  [191]
  [188]
  ...
  [186]
  [188]
  [170]]

 [[172]
  [181]
  [181]
  ...
  [178]
  [179]
  [169]]

 [[171]
  [182]
  [180]
  ...
  [178]
  [179]
  [168]]]",../MasterDataset/012621_97B_12_platelet_cluster_chan1_30.png
294,2,"[[[176]
  [186]
  [185]
  ...
  [185]
  [189]
  [180]]

 [[176]
  [194]
  [191]
  ...
  [192]
  [195]
  [179]]

 [[177]
  [203]
  [201]
  ...
  [203]
  [205]
  [179]]

 ...

 [[179]
  [204]
  [200]
  ...
  [200]
  [202]
  [177]]

 [[178]
  [195]
  [191]
  ...
  [192]
  [193]
  [174]]

 [[179]
  [188]
  [186]
  ...
  [187]
  [186]
  [175]]]",../MasterDataset/012621_85B_7_RBC_platelet_chan1_43.png
295,2,"[[[169]
  [179]
  [177]
  ...
  [178]
  [180]
  [172]]

 [[168]
  [179]
  [177]
  ...
  [178]
  [180]
  [171]]

 [[168]
  [186]
  [185]
  ...
  [185]
  [188]
  [172]]

 ...

 [[169]
  [186]
  [185]
  ...
  [188]
  [189]
  [172]]

 [[168]
  [179]
  [177]
  ...
  [181]
  [181]
  [172]]

 [[169]
  [177]
  [177]
  ...
  [180]
  [182]
  [173]]]",../MasterDataset/012621_83B_4_platelet_cluster_chan1_42.png
296,1,"[[[171]
  [179]
  [177]
  ...
  [179]
  [180]
  [172]]

 [[170]
  [179]
  [177]
  ...
  [179]
  [180]
  [171]]

 [[170]
  [191]
  [188]
  ...
  [190]
  [191]
  [172]]

 ...

 [[170]
  [190]
  [188]
  ...
  [191]
  [193]
  [172]]

 [[169]
  [179]
  [177]
  ...
  [181]
  [181]
  [172]]

 [[170]
  [179]
  [177]
  ...
  [180]
  [182]
  [173]]]",../MasterDataset/012621_97B_12_RBC_platelet_chan1_23.png
297,1,"[[[166]
  [176]
  [173]
  ...
  [174]
  [176]
  [168]]

 [[166]
  [180]
  [177]
  ...
  [178]
  [181]
  [167]]

 [[166]
  [190]
  [188]
  ...
  [189]
  [191]
  [166]]

 ...

 [[167]
  [191]
  [188]
  ...
  [189]
  [192]
  [168]]

 [[167]
  [182]
  [178]
  ...
  [180]
  [182]
  [167]]

 [[168]
  [177]
  [174]
  ...
  [176]
  [177]
  [168]]]",../MasterDataset/012621_98B_2_rbc_platelet_chan1_50.png
298,2,"[[[168]
  [179]
  [177]
  ...
  [178]
  [180]
  [172]]

 [[168]
  [183]
  [181]
  ...
  [181]
  [183]
  [171]]

 [[169]
  [193]
  [192]
  ...
  [192]
  [194]
  [171]]

 ...

 [[171]
  [194]
  [192]
  ...
  [191]
  [193]
  [170]]

 [[170]
  [183]
  [181]
  ...
  [182]
  [183]
  [169]]

 [[170]
  [181]
  [176]
  ...
  [179]
  [179]
  [167]]]",../MasterDataset/012621_97B_12_RBC_platelet_chan1_44.png
299,2,"[[[171]
  [179]
  [178]
  ...
  [179]
  [182]
  [172]]

 [[170]
  [179]
  [178]
  ...
  [179]
  [181]
  [172]]

 [[170]
  [184]
  [183]
  ...
  [184]
  [185]
  [171]]

 ...

 [[171]
  [186]
  [185]
  ...
  [185]
  [186]
  [172]]

 [[171]
  [181]
  [181]
  ...
  [181]
  [181]
  [172]]

 [[171]
  [182]
  [180]
  ...
  [180]
  [182]
  [173]]]",../MasterDataset/012621_97B_12_platelet_cluster_chan1_26.png
300,2,"[[[173]
  [183]
  [181]
  ...
  [181]
  [185]
  [177]]

 [[172]
  [183]
  [181]
  ...
  [182]
  [184]
  [176]]

 [[172]
  [188]
  [186]
  ...
  [187]
  [189]
  [175]]

 ...

 [[174]
  [191]
  [188]
  ...
  [189]
  [191]
  [176]]

 [[175]
  [187]
  [184]
  ...
  [184]
  [187]
  [176]]

 [[176]
  [186]
  [184]
  ...
  [184]
  [186]
  [177]]]",../MasterDataset/012621_135B_17_platelet_cluster_chan1_44.png
301,1,"[[[173]
  [183]
  [181]
  ...
  [183]
  [185]
  [175]]

 [[172]
  [183]
  [181]
  ...
  [183]
  [186]
  [174]]

 [[173]
  [194]
  [192]
  ...
  [194]
  [196]
  [175]]

 ...

 [[173]
  [194]
  [192]
  ...
  [194]
  [196]
  [175]]

 [[172]
  [183]
  [182]
  ...
  [183]
  [187]
  [176]]

 [[175]
  [185]
  [182]
  ...
  [184]
  [186]
  [177]]]",../MasterDataset/012621_135B_17_wbc_chan1_31.png
302,1,"[[[173]
  [185]
  [181]
  ...
  [182]
  [185]
  [177]]

 [[172]
  [188]
  [186]
  ...
  [187]
  [190]
  [176]]

 [[173]
  [199]
  [197]
  ...
  [198]
  [200]
  [176]]

 ...

 [[174]
  [199]
  [197]
  ...
  [197]
  [200]
  [177]]

 [[173]
  [190]
  [187]
  ...
  [188]
  [191]
  [177]]

 [[174]
  [185]
  [184]
  ...
  [185]
  [188]
  [177]]]",../MasterDataset/012621_98B_8_rbc_only_chan1_52.png
303,1,"[[[163]
  [173]
  [170]
  ...
  [170]
  [174]
  [166]]

 [[163]
  [179]
  [177]
  ...
  [177]
  [180]
  [166]]

 [[163]
  [188]
  [186]
  ...
  [187]
  [188]
  [165]]

 ...

 [[166]
  [188]
  [185]
  ...
  [185]
  [187]
  [162]]

 [[165]
  [179]
  [176]
  ...
  [177]
  [177]
  [162]]

 [[165]
  [173]
  [170]
  ...
  [172]
  [173]
  [163]]]",../MasterDataset/012621_103B_3_rbc_only_chan1_9.png
304,2,"[[[175]
  [185]
  [182]
  ...
  [184]
  [188]
  [177]]

 [[173]
  [186]
  [183]
  ...
  [184]
  [188]
  [177]]

 [[173]
  [193]
  [190]
  ...
  [191]
  [195]
  [177]]

 ...

 [[177]
  [194]
  [192]
  ...
  [192]
  [194]
  [178]]

 [[178]
  [187]
  [186]
  ...
  [186]
  [187]
  [178]]

 [[179]
  [188]
  [186]
  ...
  [186]
  [188]
  [177]]]",../MasterDataset/012621_135B_17_platelet_cluster_chan1_68.png
305,1,"[[[168]
  [179]
  [177]
  ...
  [178]
  [180]
  [172]]

 [[167]
  [179]
  [177]
  ...
  [178]
  [180]
  [171]]

 [[169]
  [191]
  [189]
  ...
  [190]
  [192]
  [172]]

 ...

 [[170]
  [193]
  [190]
  ...
  [187]
  [191]
  [169]]

 [[170]
  [180]
  [180]
  ...
  [177]
  [179]
  [171]]

 [[170]
  [180]
  [180]
  ...
  [176]
  [179]
  [170]]]",../MasterDataset/012621_83B_4_RBC_only_chan1_25.png
306,1,"[[[169]
  [179]
  [178]
  ...
  [178]
  [180]
  [172]]

 [[167]
  [179]
  [177]
  ...
  [178]
  [180]
  [171]]

 [[169]
  [188]
  [187]
  ...
  [187]
  [189]
  [171]]

 ...

 [[169]
  [189]
  [188]
  ...
  [188]
  [189]
  [170]]

 [[169]
  [180]
  [179]
  ...
  [181]
  [180]
  [171]]

 [[171]
  [180]
  [179]
  ...
  [181]
  [182]
  [172]]]",../MasterDataset/012621_83B_4_RBC_only_chan1_30.png
307,2,"[[[175]
  [183]
  [182]
  ...
  [184]
  [186]
  [177]]

 [[173]
  [183]
  [182]
  ...
  [184]
  [187]
  [176]]

 [[173]
  [189]
  [187]
  ...
  [189]
  [191]
  [176]]

 ...

 [[177]
  [194]
  [190]
  ...
  [190]
  [192]
  [178]]

 [[177]
  [189]
  [185]
  ...
  [185]
  [188]
  [177]]

 [[178]
  [188]
  [187]
  ...
  [187]
  [188]
  [177]]]",../MasterDataset/012621_135B_17_platelet_cluster_chan1_84.png
308,2,"[[[169]
  [179]
  [176]
  ...
  [178]
  [179]
  [170]]

 [[168]
  [179]
  [176]
  ...
  [178]
  [179]
  [171]]

 [[168]
  [186]
  [184]
  ...
  [185]
  [186]
  [170]]

 ...

 [[169]
  [186]
  [184]
  ...
  [186]
  [188]
  [171]]

 [[168]
  [179]
  [177]
  ...
  [179]
  [181]
  [171]]

 [[169]
  [177]
  [177]
  ...
  [179]
  [182]
  [172]]]",../MasterDataset/012621_97B_12_platelet_cluster_chan1_12.png
309,0,"[[[178]
  [188]
  [185]
  ...
  [186]
  [189]
  [180]]

 [[177]
  [189]
  [185]
  ...
  [187]
  [190]
  [179]]

 [[177]
  [200]
  [198]
  ...
  [199]
  [201]
  [179]]

 ...

 [[179]
  [201]
  [199]
  ...
  [199]
  [200]
  [179]]

 [[179]
  [191]
  [188]
  ...
  [188]
  [190]
  [179]]

 [[180]
  [191]
  [188]
  ...
  [188]
  [189]
  [180]]]",../MasterDataset/012621_85B_7_platelet_cluster_chan1_10.png
310,2,"[[[176]
  [186]
  [184]
  ...
  [186]
  [188]
  [177]]

 [[176]
  [187]
  [184]
  ...
  [186]
  [188]
  [177]]

 [[176]
  [189]
  [185]
  ...
  [186]
  [190]
  [178]]

 ...

 [[178]
  [192]
  [189]
  ...
  [189]
  [191]
  [179]]

 [[179]
  [191]
  [188]
  ...
  [188]
  [189]
  [180]]

 [[180]
  [191]
  [188]
  ...
  [188]
  [189]
  [180]]]",../MasterDataset/012621_85B_7_platelet_cluster_chan1_2.png
311,2,"[[[171]
  [182]
  [181]
  ...
  [181]
  [183]
  [173]]

 [[171]
  [184]
  [183]
  ...
  [183]
  [184]
  [172]]

 [[171]
  [196]
  [193]
  ...
  [194]
  [196]
  [172]]

 ...

 [[173]
  [196]
  [193]
  ...
  [195]
  [196]
  [172]]

 [[172]
  [183]
  [183]
  ...
  [184]
  [183]
  [172]]

 [[173]
  [182]
  [181]
  ...
  [183]
  [182]
  [173]]]",../MasterDataset/012621_138B_14_RBC_only_chan1_71.png
312,1,"[[[162]
  [173]
  [170]
  ...
  [170]
  [174]
  [166]]

 [[163]
  [180]
  [179]
  ...
  [179]
  [182]
  [165]]

 [[163]
  [187]
  [186]
  ...
  [186]
  [188]
  [165]]

 ...

 [[166]
  [189]
  [185]
  ...
  [186]
  [186]
  [162]]

 [[167]
  [183]
  [178]
  ...
  [179]
  [181]
  [162]]

 [[167]
  [175]
  [169]
  ...
  [173]
  [173]
  [163]]]",../MasterDataset/012621_103B_3_rbc_platelet_chan1_13.png
313,1,"[[[178]
  [188]
  [185]
  ...
  [186]
  [189]
  [180]]

 [[177]
  [192]
  [188]
  ...
  [190]
  [193]
  [179]]

 [[177]
  [202]
  [201]
  ...
  [201]
  [203]
  [179]]

 ...

 [[180]
  [204]
  [201]
  ...
  [198]
  [201]
  [177]]

 [[180]
  [193]
  [188]
  ...
  [187]
  [190]
  [177]]

 [[179]
  [189]
  [185]
  ...
  [186]
  [188]
  [175]]]",../MasterDataset/012621_139B_16_wbc_chan1_1.png
314,1,"[[[173]
  [183]
  [181]
  ...
  [183]
  [185]
  [175]]

 [[172]
  [185]
  [183]
  ...
  [185]
  [188]
  [174]]

 [[173]
  [197]
  [195]
  ...
  [197]
  [198]
  [175]]

 ...

 [[177]
  [199]
  [195]
  ...
  [197]
  [200]
  [176]]

 [[177]
  [189]
  [184]
  ...
  [185]
  [190]
  [176]]

 [[178]
  [186]
  [182]
  ...
  [184]
  [188]
  [177]]]",../MasterDataset/012621_98B_8_rbc_only_chan1_46.png
315,0,"[[[176]
  [186]
  [184]
  ...
  [185]
  [188]
  [179]]

 [[175]
  [187]
  [184]
  ...
  [184]
  [189]
  [179]]

 [[175]
  [199]
  [196]
  ...
  [197]
  [201]
  [179]]

 ...

 [[177]
  [201]
  [199]
  ...
  [195]
  [198]
  [177]]

 [[176]
  [189]
  [187]
  ...
  [183]
  [187]
  [177]]

 [[176]
  [188]
  [187]
  ...
  [182]
  [186]
  [177]]]",../MasterDataset/012621_99B_platelet_cluster_chan1_68.png
316,1,"[[[176]
  [187]
  [184]
  ...
  [186]
  [188]
  [177]]

 [[176]
  [196]
  [193]
  ...
  [194]
  [197]
  [178]]

 [[177]
  [203]
  [201]
  ...
  [202]
  [203]
  [178]]

 ...

 [[180]
  [205]
  [200]
  ...
  [201]
  [200]
  [175]]

 [[179]
  [199]
  [195]
  ...
  [193]
  [193]
  [172]]

 [[178]
  [191]
  [188]
  ...
  [184]
  [183]
  [173]]]",../MasterDataset/012621_85B_7_RBC_platelet_chan1_58.png
317,1,"[[[173]
  [182]
  [181]
  ...
  [181]
  [183]
  [174]]

 [[173]
  [191]
  [189]
  ...
  [190]
  [191]
  [174]]

 [[172]
  [198]
  [196]
  ...
  [197]
  [199]
  [174]]

 ...

 [[175]
  [200]
  [196]
  ...
  [196]
  [197]
  [171]]

 [[176]
  [194]
  [189]
  ...
  [190]
  [190]
  [170]]

 [[177]
  [187]
  [180]
  ...
  [182]
  [184]
  [172]]]",../MasterDataset/012621_141B_10_RBC_platelet_chan1_4.png
318,1,"[[[173]
  [183]
  [181]
  ...
  [183]
  [185]
  [175]]

 [[173]
  [189]
  [187]
  ...
  [189]
  [191]
  [174]]

 [[174]
  [199]
  [197]
  ...
  [199]
  [200]
  [175]]

 ...

 [[176]
  [199]
  [197]
  ...
  [198]
  [199]
  [172]]

 [[177]
  [192]
  [189]
  ...
  [189]
  [189]
  [173]]

 [[178]
  [186]
  [184]
  ...
  [183]
  [185]
  [174]]]",../MasterDataset/012621_98B_8_rbc_platelet_chan1_49.png
319,0,"[[[176]
  [186]
  [185]
  ...
  [185]
  [189]
  [180]]

 [[176]
  [189]
  [186]
  ...
  [186]
  [191]
  [179]]

 [[177]
  [201]
  [199]
  ...
  [200]
  [203]
  [179]]

 ...

 [[179]
  [201]
  [196]
  ...
  [199]
  [200]
  [175]]

 [[180]
  [190]
  [184]
  ...
  [186]
  [189]
  [176]]

 [[179]
  [188]
  [184]
  ...
  [186]
  [188]
  [177]]]",../MasterDataset/012621_85B_7_platelet_cluster_chan1_25.png
320,2,"[[[162]
  [173]
  [170]
  ...
  [170]
  [173]
  [163]]

 [[162]
  [171]
  [170]
  ...
  [171]
  [174]
  [164]]

 [[163]
  [182]
  [180]
  ...
  [181]
  [184]
  [164]]

 ...

 [[163]
  [182]
  [180]
  ...
  [181]
  [184]
  [165]]

 [[163]
  [171]
  [170]
  ...
  [172]
  [175]
  [166]]

 [[164]
  [173]
  [170]
  ...
  [171]
  [174]
  [166]]]",../MasterDataset/012621_121B_1_wbc_chan1_39.png
321,2,"[[[171]
  [182]
  [180]
  ...
  [181]
  [183]
  [173]]

 [[171]
  [185]
  [183]
  ...
  [183]
  [185]
  [172]]

 [[171]
  [196]
  [193]
  ...
  [194]
  [196]
  [172]]

 ...

 [[173]
  [198]
  [195]
  ...
  [193]
  [195]
  [172]]

 [[175]
  [189]
  [185]
  ...
  [182]
  [184]
  [172]]

 [[176]
  [186]
  [184]
  ...
  [179]
  [182]
  [173]]]",../MasterDataset/012621_138B_14_RBC_platelet_chan1_21.png
322,1,"[[[162]
  [173]
  [170]
  ...
  [170]
  [174]
  [166]]

 [[162]
  [171]
  [171]
  ...
  [171]
  [175]
  [166]]

 [[163]
  [180]
  [179]
  ...
  [179]
  [182]
  [165]]

 ...

 [[161]
  [178]
  [177]
  ...
  [181]
  [181]
  [163]]

 [[162]
  [170]
  [170]
  ...
  [173]
  [174]
  [162]]

 [[162]
  [171]
  [170]
  ...
  [174]
  [173]
  [163]]]",../MasterDataset/012621_121B_1_wbc_chan1_81.png
323,1,"[[[162]
  [173]
  [170]
  ...
  [170]
  [174]
  [166]]

 [[162]
  [174]
  [174]
  ...
  [174]
  [178]
  [166]]

 [[163]
  [186]
  [184]
  ...
  [185]
  [187]
  [165]]

 ...

 [[165]
  [187]
  [185]
  ...
  [183]
  [187]
  [165]]

 [[166]
  [178]
  [176]
  ...
  [174]
  [177]
  [167]]

 [[167]
  [177]
  [175]
  ...
  [170]
  [176]
  [169]]]",../MasterDataset/012621_121B_1_RBC_only_chan1_55.png
324,2,"[[[174]
  [183]
  [182]
  ...
  [184]
  [186]
  [177]]

 [[174]
  [198]
  [196]
  ...
  [197]
  [199]
  [175]]

 [[174]
  [195]
  [193]
  ...
  [194]
  [196]
  [176]]

 ...

 [[174]
  [194]
  [191]
  ...
  [193]
  [196]
  [176]]

 [[175]
  [198]
  [196]
  ...
  [196]
  [199]
  [175]]

 [[175]
  [186]
  [184]
  ...
  [183]
  [185]
  [175]]]",../MasterDataset/012621_99B_RBC_only_chan1_4.png
325,1,"[[[175]
  [183]
  [182]
  ...
  [184]
  [186]
  [177]]

 [[173]
  [187]
  [186]
  ...
  [188]
  [190]
  [176]]

 [[175]
  [199]
  [197]
  ...
  [199]
  [200]
  [176]]

 ...

 [[176]
  [200]
  [199]
  ...
  [197]
  [200]
  [176]]

 [[175]
  [189]
  [188]
  ...
  [187]
  [189]
  [175]]

 [[175]
  [184]
  [183]
  ...
  [185]
  [184]
  [174]]]",../MasterDataset/012621_98B_8_rbc_platelet_chan1_50.png
326,1,"[[[171]
  [182]
  [179]
  ...
  [181]
  [183]
  [173]]

 [[171]
  [187]
  [186]
  ...
  [187]
  [188]
  [172]]

 [[172]
  [197]
  [195]
  ...
  [196]
  [198]
  [172]]

 ...

 [[173]
  [197]
  [195]
  ...
  [195]
  [196]
  [170]]

 [[173]
  [189]
  [186]
  ...
  [187]
  [187]
  [171]]

 [[174]
  [185]
  [181]
  ...
  [181]
  [182]
  [173]]]",../MasterDataset/012621_105b_9_rbc_only_chan1_31.png
327,1,"[[[168]
  [179]
  [177]
  ...
  [178]
  [180]
  [172]]

 [[167]
  [179]
  [177]
  ...
  [178]
  [180]
  [171]]

 [[169]
  [189]
  [188]
  ...
  [188]
  [190]
  [171]]

 ...

 [[170]
  [190]
  [188]
  ...
  [187]
  [188]
  [168]]

 [[170]
  [180]
  [179]
  ...
  [178]
  [179]
  [168]]

 [[171]
  [182]
  [179]
  ...
  [177]
  [177]
  [168]]]",../MasterDataset/012621_83B_4_RBC_only_chan1_45.png
328,2,"[[[176]
  [186]
  [185]
  ...
  [185]
  [189]
  [180]]

 [[176]
  [187]
  [185]
  ...
  [185]
  [189]
  [179]]

 [[176]
  [192]
  [189]
  ...
  [190]
  [194]
  [179]]

 ...

 [[177]
  [193]
  [192]
  ...
  [191]
  [193]
  [177]]

 [[178]
  [189]
  [187]
  ...
  [187]
  [189]
  [177]]

 [[178]
  [188]
  [186]
  ...
  [186]
  [188]
  [177]]]",../MasterDataset/012621_139B_16_platelet_cluster_chan1_83.png
329,1,"[[[163]
  [173]
  [170]
  ...
  [170]
  [174]
  [166]]

 [[163]
  [174]
  [172]
  ...
  [172]
  [175]
  [166]]

 [[163]
  [182]
  [180]
  ...
  [180]
  [182]
  [165]]

 ...

 [[167]
  [184]
  [180]
  ...
  [180]
  [183]
  [165]]

 [[167]
  [177]
  [172]
  ...
  [172]
  [176]
  [166]]

 [[169]
  [177]
  [173]
  ...
  [170]
  [176]
  [168]]]",../MasterDataset/012621_121B_1_wbc_chan1_27.png
330,2,"[[[173]
  [183]
  [181]
  ...
  [182]
  [185]
  [177]]

 [[172]
  [183]
  [181]
  ...
  [182]
  [184]
  [176]]

 [[172]
  [184]
  [182]
  ...
  [184]
  [185]
  [175]]

 ...

 [[173]
  [187]
  [184]
  ...
  [184]
  [185]
  [174]]

 [[174]
  [185]
  [183]
  ...
  [182]
  [184]
  [174]]

 [[175]
  [185]
  [183]
  ...
  [182]
  [185]
  [174]]]",../MasterDataset/012621_141B_10_platelet_cluster_chan1_34.png
331,2,"[[[161]
  [171]
  [170]
  ...
  [170]
  [173]
  [163]]

 [[161]
  [181]
  [179]
  ...
  [180]
  [183]
  [164]]

 [[163]
  [185]
  [183]
  ...
  [184]
  [186]
  [163]]

 ...

 [[162]
  [185]
  [183]
  ...
  [185]
  [186]
  [163]]

 [[163]
  [182]
  [181]
  ...
  [183]
  [183]
  [163]]

 [[163]
  [173]
  [173]
  ...
  [175]
  [176]
  [165]]]",../MasterDataset/012621_103B_3_rbc_platelet_chan1_3.png
332,1,"[[[163]
  [174]
  [173]
  ...
  [173]
  [176]
  [167]]

 [[164]
  [185]
  [184]
  ...
  [184]
  [186]
  [166]]

 [[166]
  [186]
  [185]
  ...
  [186]
  [186]
  [166]]

 ...

 [[166]
  [187]
  [187]
  ...
  [186]
  [187]
  [165]]

 [[165]
  [186]
  [187]
  ...
  [184]
  [185]
  [165]]

 [[166]
  [176]
  [177]
  ...
  [173]
  [175]
  [166]]]",../MasterDataset/012621_141B_10_RBC_platelet_chan1_38.png
333,1,"[[[171]
  [182]
  [179]
  ...
  [181]
  [183]
  [173]]

 [[171]
  [188]
  [186]
  ...
  [187]
  [189]
  [172]]

 [[172]
  [198]
  [196]
  ...
  [196]
  [199]
  [172]]

 ...

 [[172]
  [198]
  [195]
  ...
  [195]
  [199]
  [172]]

 [[172]
  [189]
  [187]
  ...
  [186]
  [190]
  [175]]

 [[173]
  [184]
  [181]
  ...
  [180]
  [184]
  [177]]]",../MasterDataset/012621_138B_14_RBC_only_chan1_24.png
334,1,"[[[169]
  [179]
  [177]
  ...
  [178]
  [180]
  [172]]

 [[168]
  [181]
  [179]
  ...
  [180]
  [182]
  [171]]

 [[169]
  [192]
  [191]
  ...
  [191]
  [193]
  [171]]

 ...

 [[171]
  [194]
  [191]
  ...
  [192]
  [194]
  [172]]

 [[171]
  [183]
  [180]
  ...
  [182]
  [183]
  [172]]

 [[171]
  [182]
  [178]
  ...
  [181]
  [182]
  [173]]]",../MasterDataset/012621_97B_12_RBC_only_chan1_4.png
335,2,"[[[173]
  [183]
  [181]
  ...
  [183]
  [185]
  [175]]

 [[172]
  [183]
  [181]
  ...
  [183]
  [185]
  [174]]

 [[172]
  [185]
  [183]
  ...
  [184]
  [187]
  [174]]

 ...

 [[175]
  [189]
  [185]
  ...
  [184]
  [185]
  [174]]

 [[175]
  [186]
  [183]
  ...
  [183]
  [183]
  [174]]

 [[176]
  [186]
  [184]
  ...
  [183]
  [183]
  [174]]]",../MasterDataset/012621_135B_17_platelet_cluster_chan1_94.png
336,1,"[[[175]
  [185]
  [182]
  ...
  [184]
  [188]
  [177]]

 [[173]
  [186]
  [183]
  ...
  [185]
  [188]
  [177]]

 [[174]
  [198]
  [196]
  ...
  [197]
  [200]
  [178]]

 ...

 [[176]
  [198]
  [196]
  ...
  [196]
  [197]
  [176]]

 [[174]
  [187]
  [184]
  ...
  [184]
  [187]
  [176]]

 [[176]
  [186]
  [184]
  ...
  [184]
  [186]
  [177]]]",../MasterDataset/012621_99B_RBC_platelet_chan1_63.png
337,1,"[[[175]
  [185]
  [182]
  ...
  [184]
  [188]
  [177]]

 [[173]
  [192]
  [189]
  ...
  [191]
  [194]
  [177]]

 [[175]
  [201]
  [199]
  ...
  [200]
  [203]
  [177]]

 ...

 [[177]
  [202]
  [199]
  ...
  [201]
  [202]
  [175]]

 [[176]
  [194]
  [190]
  ...
  [192]
  [193]
  [174]]

 [[176]
  [188]
  [184]
  ...
  [186]
  [186]
  [175]]]",../MasterDataset/012621_99B_RBC_only_chan1_63.png
338,2,"[[[163]
  [173]
  [170]
  ...
  [170]
  [174]
  [166]]

 [[163]
  [174]
  [171]
  ...
  [172]
  [175]
  [166]]

 [[163]
  [182]
  [179]
  ...
  [180]
  [182]
  [165]]

 ...

 [[166]
  [183]
  [179]
  ...
  [179]
  [183]
  [165]]

 [[167]
  [176]
  [172]
  ...
  [171]
  [176]
  [166]]

 [[167]
  [176]
  [173]
  ...
  [170]
  [176]
  [168]]]",../MasterDataset/012621_121B_1_platelet_cluster_chan1_37.png
339,1,"[[[175]
  [185]
  [182]
  ...
  [184]
  [188]
  [177]]

 [[173]
  [186]
  [183]
  ...
  [184]
  [188]
  [177]]

 [[173]
  [194]
  [192]
  ...
  [193]
  [196]
  [177]]

 ...

 [[177]
  [196]
  [192]
  ...
  [192]
  [196]
  [178]]

 [[178]
  [189]
  [184]
  ...
  [183]
  [188]
  [179]]

 [[179]
  [189]
  [184]
  ...
  [183]
  [188]
  [179]]]",../MasterDataset/012621_135B_17_wbc_chan1_20.png
340,1,"[[[168]
  [179]
  [177]
  ...
  [178]
  [180]
  [172]]

 [[168]
  [184]
  [182]
  ...
  [183]
  [185]
  [171]]

 [[169]
  [194]
  [192]
  ...
  [193]
  [195]
  [171]]

 ...

 [[170]
  [195]
  [192]
  ...
  [193]
  [195]
  [169]]

 [[170]
  [185]
  [184]
  ...
  [183]
  [185]
  [170]]

 [[170]
  [181]
  [179]
  ...
  [177]
  [181]
  [169]]]",../MasterDataset/012621_83B_4_RBC_only_chan1_58.png
341,2,"[[[166]
  [176]
  [174]
  ...
  [175]
  [177]
  [168]]

 [[165]
  [176]
  [174]
  ...
  [175]
  [178]
  [168]]

 [[166]
  [179]
  [176]
  ...
  [178]
  [181]
  [168]]

 ...

 [[168]
  [181]
  [178]
  ...
  [179]
  [180]
  [166]]

 [[169]
  [179]
  [176]
  ...
  [176]
  [177]
  [166]]

 [[170]
  [180]
  [176]
  ...
  [176]
  [176]
  [166]]]",../MasterDataset/012621_98B_2_platelet_cluster_chan1_69.png
342,1,"[[[166]
  [176]
  [173]
  ...
  [174]
  [176]
  [168]]

 [[165]
  [181]
  [178]
  ...
  [179]
  [182]
  [167]]

 [[166]
  [190]
  [188]
  ...
  [189]
  [191]
  [166]]

 ...

 [[167]
  [190]
  [186]
  ...
  [188]
  [191]
  [168]]

 [[168]
  [183]
  [177]
  ...
  [179]
  [182]
  [168]]

 [[170]
  [179]
  [173]
  ...
  [174]
  [176]
  [168]]]",../MasterDataset/012621_98B_2_rbc_only_chan1_32.png
343,1,"[[[173]
  [182]
  [181]
  ...
  [181]
  [183]
  [173]]

 [[172]
  [182]
  [181]
  ...
  [181]
  [182]
  [172]]

 [[173]
  [191]
  [189]
  ...
  [189]
  [191]
  [172]]

 ...

 [[173]
  [191]
  [189]
  ...
  [189]
  [191]
  [173]]

 [[173]
  [183]
  [181]
  ...
  [181]
  [182]
  [174]]

 [[175]
  [185]
  [181]
  ...
  [181]
  [183]
  [174]]]",../MasterDataset/012621_141B_10_RBC_only_chan1_39.png
344,2,"[[[173]
  [183]
  [181]
  ...
  [181]
  [185]
  [177]]

 [[172]
  [183]
  [181]
  ...
  [182]
  [184]
  [176]]

 [[172]
  [188]
  [186]
  ...
  [187]
  [189]
  [175]]

 ...

 [[174]
  [191]
  [188]
  ...
  [189]
  [191]
  [176]]

 [[175]
  [187]
  [184]
  ...
  [184]
  [187]
  [176]]

 [[176]
  [186]
  [184]
  ...
  [184]
  [186]
  [177]]]",../MasterDataset/012621_126B_13_platelet_cluster_chan1_26.png
345,0,"[[[166]
  [176]
  [173]
  ...
  [174]
  [176]
  [168]]

 [[165]
  [179]
  [176]
  ...
  [176]
  [180]
  [167]]

 [[166]
  [189]
  [187]
  ...
  [188]
  [190]
  [166]]

 ...

 [[166]
  [188]
  [185]
  ...
  [185]
  [187]
  [163]]

 [[165]
  [179]
  [175]
  ...
  [175]
  [177]
  [164]]

 [[166]
  [176]
  [173]
  ...
  [173]
  [174]
  [163]]]",../MasterDataset/012621_98B_2_platelet_cluster_chan1_10.png
346,2,"[[[171]
  [182]
  [181]
  ...
  [181]
  [182]
  [173]]

 [[171]
  [183]
  [182]
  ...
  [183]
  [183]
  [172]]

 [[171]
  [195]
  [193]
  ...
  [193]
  [195]
  [172]]

 ...

 [[173]
  [196]
  [193]
  ...
  [193]
  [196]
  [173]]

 [[172]
  [184]
  [183]
  ...
  [183]
  [184]
  [172]]

 [[173]
  [183]
  [181]
  ...
  [181]
  [183]
  [173]]]",../MasterDataset/012621_105b_9_rbc_only_chan1_43.png
347,1,"[[[173]
  [183]
  [181]
  ...
  [183]
  [186]
  [174]]

 [[174]
  [198]
  [196]
  ...
  [198]
  [199]
  [175]]

 [[174]
  [189]
  [187]
  ...
  [189]
  [190]
  [174]]

 ...

 [[174]
  [189]
  [188]
  ...
  [185]
  [189]
  [175]]

 [[176]
  [200]
  [197]
  ...
  [197]
  [200]
  [175]]

 [[178]
  [186]
  [182]
  ...
  [183]
  [187]
  [177]]]",../MasterDataset/012621_126B_13_RBC_platelet_chan1_34.png
348,0,"[[[173]
  [185]
  [181]
  ...
  [184]
  [185]
  [175]]

 [[172]
  [184]
  [183]
  ...
  [184]
  [187]
  [174]]

 [[173]
  [198]
  [195]
  ...
  [196]
  [198]
  [175]]

 ...

 [[176]
  [198]
  [194]
  ...
  [196]
  [197]
  [172]]

 [[175]
  [184]
  [182]
  ...
  [184]
  [184]
  [172]]

 [[176]
  [185]
  [181]
  ...
  [184]
  [185]
  [173]]]",../MasterDataset/012621_126B_13_platelet_cluster_chan1_56.png
349,2,"[[[168]
  [179]
  [175]
  ...
  [178]
  [179]
  [170]]

 [[167]
  [179]
  [176]
  ...
  [178]
  [179]
  [171]]

 [[169]
  [189]
  [188]
  ...
  [189]
  [190]
  [170]]

 ...

 [[170]
  [192]
  [189]
  ...
  [189]
  [191]
  [170]]

 [[172]
  [181]
  [179]
  ...
  [178]
  [180]
  [171]]

 [[173]
  [183]
  [179]
  ...
  [178]
  [180]
  [170]]]",../MasterDataset/012621_83B_4_platelet_cluster_chan1_52.png
350,2,"[[[170]
  [180]
  [178]
  ...
  [180]
  [182]
  [173]]

 [[170]
  [183]
  [181]
  ...
  [183]
  [184]
  [172]]

 [[170]
  [194]
  [192]
  ...
  [193]
  [195]
  [172]]

 ...

 [[173]
  [197]
  [194]
  ...
  [192]
  [193]
  [171]]

 [[172]
  [188]
  [184]
  ...
  [181]
  [182]
  [172]]

 [[175]
  [186]
  [182]
  ...
  [178]
  [182]
  [174]]]",../MasterDataset/012621_105b_9_wbc_chan1_52.png
351,2,"[[[173]
  [183]
  [181]
  ...
  [183]
  [185]
  [175]]

 [[172]
  [187]
  [185]
  ...
  [187]
  [190]
  [174]]

 [[173]
  [198]
  [196]
  ...
  [198]
  [199]
  [175]]

 ...

 [[174]
  [199]
  [196]
  ...
  [196]
  [199]
  [175]]

 [[173]
  [190]
  [186]
  ...
  [187]
  [191]
  [176]]

 [[174]
  [185]
  [183]
  ...
  [185]
  [186]
  [177]]]",../MasterDataset/012621_126B_13_RBC_only_chan1_66.png
352,1,"[[[178]
  [188]
  [185]
  ...
  [187]
  [189]
  [180]]

 [[177]
  [193]
  [189]
  ...
  [191]
  [194]
  [179]]

 [[177]
  [203]
  [201]
  ...
  [202]
  [204]
  [179]]

 ...

 [[178]
  [203]
  [202]
  ...
  [201]
  [204]
  [179]]

 [[178]
  [194]
  [192]
  ...
  [193]
  [195]
  [180]]

 [[179]
  [189]
  [188]
  ...
  [189]
  [191]
  [181]]]",../MasterDataset/012621_139B_16_rbc_platelet_chan1_49.png
353,1,"[[[171]
  [182]
  [180]
  ...
  [181]
  [182]
  [173]]

 [[171]
  [182]
  [180]
  ...
  [181]
  [182]
  [172]]

 [[171]
  [183]
  [182]
  ...
  [182]
  [183]
  [172]]

 ...

 [[172]
  [183]
  [182]
  ...
  [182]
  [184]
  [172]]

 [[172]
  [182]
  [181]
  ...
  [181]
  [182]
  [172]]

 [[173]
  [182]
  [181]
  ...
  [181]
  [182]
  [173]]]",../MasterDataset/012621_138B_14_platelet_cluster_chan1_42.png
354,2,"[[[173]
  [182]
  [181]
  ...
  [181]
  [183]
  [174]]

 [[172]
  [182]
  [181]
  ...
  [181]
  [183]
  [174]]

 [[172]
  [184]
  [182]
  ...
  [182]
  [184]
  [174]]

 ...

 [[172]
  [185]
  [183]
  ...
  [183]
  [184]
  [172]]

 [[172]
  [184]
  [182]
  ...
  [181]
  [183]
  [172]]

 [[173]
  [185]
  [182]
  ...
  [181]
  [183]
  [173]]]",../MasterDataset/012621_135B_17_platelet_cluster_chan1_20.png
355,1,"[[[168]
  [179]
  [177]
  ...
  [178]
  [180]
  [172]]

 [[168]
  [179]
  [178]
  ...
  [178]
  [180]
  [172]]

 [[168]
  [184]
  [182]
  ...
  [183]
  [185]
  [171]]

 ...

 [[171]
  [186]
  [185]
  ...
  [184]
  [186]
  [172]]

 [[171]
  [181]
  [181]
  ...
  [180]
  [181]
  [172]]

 [[171]
  [182]
  [180]
  ...
  [179]
  [182]
  [173]]]",../MasterDataset/012621_97B_12_platelet_cluster_chan1_63.png
356,1,"[[[171]
  [182]
  [179]
  ...
  [181]
  [183]
  [173]]

 [[171]
  [181]
  [180]
  ...
  [181]
  [182]
  [172]]

 [[171]
  [193]
  [191]
  ...
  [192]
  [194]
  [172]]

 ...

 [[173]
  [194]
  [191]
  ...
  [192]
  [193]
  [172]]

 [[172]
  [183]
  [181]
  ...
  [181]
  [181]
  [172]]

 [[175]
  [185]
  [181]
  ...
  [180]
  [182]
  [173]]]",../MasterDataset/012621_138B_14_wbc_chan1_50.png
357,1,"[[[169]
  [179]
  [176]
  ...
  [178]
  [179]
  [170]]

 [[167]
  [179]
  [176]
  ...
  [178]
  [179]
  [171]]

 [[169]
  [187]
  [185]
  ...
  [187]
  [188]
  [170]]

 ...

 [[170]
  [189]
  [187]
  ...
  [185]
  [187]
  [169]]

 [[170]
  [180]
  [179]
  ...
  [177]
  [179]
  [168]]

 [[170]
  [180]
  [179]
  ...
  [177]
  [179]
  [168]]]",../MasterDataset/012621_83B_4_wbc_chan1_65.png
358,0,"[[[176]
  [186]
  [184]
  ...
  [185]
  [188]
  [179]]

 [[175]
  [187]
  [184]
  ...
  [184]
  [189]
  [179]]

 [[175]
  [194]
  [191]
  ...
  [192]
  [196]
  [179]]

 ...

 [[176]
  [194]
  [191]
  ...
  [190]
  [195]
  [179]]

 [[176]
  [188]
  [184]
  ...
  [184]
  [188]
  [179]]

 [[177]
  [188]
  [185]
  ...
  [184]
  [188]
  [179]]]",../MasterDataset/012621_85B_7_platelet_cluster_chan1_87.png
359,1,"[[[176]
  [186]
  [185]
  ...
  [185]
  [189]
  [180]]

 [[176]
  [188]
  [185]
  ...
  [185]
  [190]
  [179]]

 [[176]
  [196]
  [194]
  ...
  [195]
  [198]
  [179]]

 ...

 [[179]
  [198]
  [194]
  ...
  [194]
  [197]
  [178]]

 [[180]
  [190]
  [185]
  ...
  [185]
  [189]
  [179]]

 [[180]
  [191]
  [186]
  ...
  [185]
  [188]
  [179]]]",../MasterDataset/012621_139B_16_rbc_only_chan1_65.png
360,1,"[[[162]
  [173]
  [170]
  ...
  [170]
  [174]
  [166]]

 [[162]
  [171]
  [171]
  ...
  [171]
  [175]
  [166]]

 [[163]
  [183]
  [181]
  ...
  [182]
  [185]
  [165]]

 ...

 [[163]
  [183]
  [181]
  ...
  [182]
  [185]
  [166]]

 [[163]
  [174]
  [170]
  ...
  [171]
  [175]
  [166]]

 [[164]
  [173]
  [170]
  ...
  [170]
  [174]
  [166]]]",../MasterDataset/012621_121B_1_wbc_chan1_24.png
361,1,"[[[176]
  [186]
  [182]
  ...
  [184]
  [188]
  [177]]

 [[175]
  [188]
  [184]
  ...
  [185]
  [189]
  [177]]

 [[176]
  [200]
  [197]
  ...
  [198]
  [200]
  [178]]

 ...

 [[177]
  [199]
  [194]
  ...
  [198]
  [199]
  [175]]

 [[177]
  [188]
  [183]
  ...
  [186]
  [188]
  [174]]

 [[177]
  [186]
  [181]
  ...
  [184]
  [186]
  [175]]]",../MasterDataset/012621_135B_17_RBC_platelet_chan1_46.png
362,1,"[[[169]
  [179]
  [177]
  ...
  [178]
  [180]
  [172]]

 [[168]
  [181]
  [179]
  ...
  [180]
  [182]
  [171]]

 [[169]
  [192]
  [191]
  ...
  [191]
  [193]
  [171]]

 ...

 [[171]
  [194]
  [191]
  ...
  [192]
  [194]
  [172]]

 [[171]
  [183]
  [180]
  ...
  [182]
  [183]
  [172]]

 [[171]
  [182]
  [178]
  ...
  [181]
  [182]
  [173]]]",../MasterDataset/012621_83B_4_RBC_only_chan1_59.png
363,1,"[[[176]
  [186]
  [184]
  ...
  [186]
  [188]
  [177]]

 [[176]
  [188]
  [184]
  ...
  [185]
  [189]
  [178]]

 [[176]
  [196]
  [193]
  ...
  [194]
  [197]
  [178]]

 ...

 [[176]
  [194]
  [193]
  ...
  [196]
  [197]
  [176]]

 [[176]
  [187]
  [184]
  ...
  [189]
  [189]
  [176]]

 [[177]
  [186]
  [185]
  ...
  [189]
  [188]
  [175]]]",../MasterDataset/012621_85B_7_platelet_cluster_chan1_59.png
364,2,"[[[171]
  [182]
  [179]
  ...
  [181]
  [183]
  [173]]

 [[171]
  [183]
  [182]
  ...
  [183]
  [184]
  [172]]

 [[171]
  [195]
  [193]
  ...
  [194]
  [196]
  [172]]

 ...

 [[173]
  [196]
  [193]
  ...
  [194]
  [197]
  [173]]

 [[172]
  [184]
  [182]
  ...
  [184]
  [185]
  [173]]

 [[175]
  [183]
  [181]
  ...
  [182]
  [185]
  [173]]]",../MasterDataset/012621_138B_14_platelet_cluster_chan1_8.png
365,0,"[[[166]
  [176]
  [173]
  ...
  [174]
  [176]
  [168]]

 [[165]
  [177]
  [175]
  ...
  [175]
  [178]
  [167]]

 [[166]
  [188]
  [186]
  ...
  [187]
  [189]
  [167]]

 ...

 [[166]
  [189]
  [187]
  ...
  [188]
  [190]
  [169]]

 [[166]
  [179]
  [178]
  ...
  [178]
  [180]
  [169]]

 [[167]
  [177]
  [176]
  ...
  [176]
  [179]
  [169]]]",../MasterDataset/012621_98B_2_platelet_cluster_chan1_33.png
366,1,"[[[173]
  [183]
  [181]
  ...
  [183]
  [185]
  [175]]

 [[172]
  [185]
  [183]
  ...
  [185]
  [188]
  [174]]

 [[173]
  [197]
  [195]
  ...
  [197]
  [198]
  [175]]

 ...

 [[177]
  [199]
  [195]
  ...
  [197]
  [200]
  [176]]

 [[177]
  [189]
  [184]
  ...
  [185]
  [190]
  [176]]

 [[178]
  [186]
  [182]
  ...
  [184]
  [188]
  [177]]]",../MasterDataset/012621_126B_13_RBC_only_chan1_48.png
367,1,"[[[178]
  [188]
  [185]
  ...
  [187]
  [189]
  [180]]

 [[177]
  [195]
  [192]
  ...
  [193]
  [196]
  [179]]

 [[177]
  [204]
  [203]
  ...
  [203]
  [205]
  [179]]

 ...

 [[179]
  [204]
  [201]
  ...
  [202]
  [203]
  [176]]

 [[179]
  [196]
  [193]
  ...
  [193]
  [195]
  [177]]

 [[180]
  [191]
  [187]
  ...
  [187]
  [189]
  [177]]]",../MasterDataset/012621_139B_16_rbc_only_chan1_3.png
368,2,"[[[176]
  [186]
  [185]
  ...
  [185]
  [189]
  [180]]

 [[176]
  [190]
  [187]
  ...
  [188]
  [192]
  [179]]

 [[177]
  [201]
  [199]
  ...
  [200]
  [203]
  [179]]

 ...

 [[178]
  [202]
  [199]
  ...
  [201]
  [202]
  [176]]

 [[177]
  [191]
  [188]
  ...
  [190]
  [191]
  [176]]

 [[178]
  [188]
  [186]
  ...
  [188]
  [188]
  [175]]]",../MasterDataset/012621_85B_7_RBC_platelet_chan1_34.png
369,1,"[[[178]
  [188]
  [185]
  ...
  [186]
  [189]
  [180]]

 [[177]
  [189]
  [185]
  ...
  [187]
  [190]
  [179]]

 [[177]
  [200]
  [198]
  ...
  [198]
  [201]
  [179]]

 ...

 [[177]
  [199]
  [196]
  ...
  [199]
  [200]
  [179]]

 [[177]
  [189]
  [185]
  ...
  [188]
  [190]
  [179]]

 [[178]
  [188]
  [186]
  ...
  [188]
  [189]
  [180]]]",../MasterDataset/012621_139B_16_rbc_platelet_chan1_24.png
370,1,"[[[163]
  [173]
  [170]
  ...
  [170]
  [173]
  [163]]

 [[163]
  [174]
  [171]
  ...
  [172]
  [174]
  [164]]

 [[163]
  [182]
  [179]
  ...
  [180]
  [182]
  [165]]

 ...

 [[164]
  [182]
  [178]
  ...
  [179]
  [182]
  [165]]

 [[165]
  [175]
  [170]
  ...
  [171]
  [175]
  [166]]

 [[166]
  [174]
  [170]
  ...
  [170]
  [174]
  [166]]]",../MasterDataset/012621_121B_1_wbc_chan1_28.png
371,1,"[[[170]
  [180]
  [178]
  ...
  [180]
  [182]
  [173]]

 [[170]
  [184]
  [182]
  ...
  [184]
  [185]
  [172]]

 [[170]
  [195]
  [193]
  ...
  [194]
  [196]
  [172]]

 ...

 [[170]
  [195]
  [193]
  ...
  [193]
  [196]
  [172]]

 [[170]
  [184]
  [184]
  ...
  [185]
  [186]
  [172]]

 [[171]
  [182]
  [180]
  ...
  [182]
  [183]
  [173]]]",../MasterDataset/012621_97B_12_RBC_only_chan1_37.png
372,1,"[[[171]
  [179]
  [177]
  ...
  [179]
  [180]
  [172]]

 [[170]
  [179]
  [178]
  ...
  [179]
  [180]
  [171]]

 [[170]
  [188]
  [186]
  ...
  [187]
  [188]
  [172]]

 ...

 [[171]
  [189]
  [186]
  ...
  [187]
  [189]
  [172]]

 [[172]
  [181]
  [179]
  ...
  [178]
  [180]
  [172]]

 [[173]
  [183]
  [179]
  ...
  [178]
  [182]
  [174]]]",../MasterDataset/012621_83B_4_wbc_chan1_75.png
373,1,"[[[173]
  [182]
  [181]
  ...
  [181]
  [183]
  [174]]

 [[172]
  [182]
  [181]
  ...
  [181]
  [182]
  [173]]

 [[173]
  [194]
  [192]
  ...
  [192]
  [195]
  [174]]

 ...

 [[173]
  [193]
  [191]
  ...
  [193]
  [195]
  [175]]

 [[172]
  [181]
  [181]
  ...
  [182]
  [183]
  [173]]

 [[173]
  [182]
  [181]
  ...
  [182]
  [185]
  [174]]]",../MasterDataset/012621_138B_14_RBC_platelet_chan1_40.png
374,1,"[[[162]
  [173]
  [170]
  ...
  [170]
  [173]
  [163]]

 [[162]
  [171]
  [170]
  ...
  [171]
  [174]
  [164]]

 [[163]
  [183]
  [181]
  ...
  [181]
  [184]
  [164]]

 ...

 [[163]
  [182]
  [180]
  ...
  [182]
  [185]
  [166]]

 [[162]
  [171]
  [170]
  ...
  [171]
  [175]
  [166]]

 [[162]
  [173]
  [170]
  ...
  [170]
  [174]
  [166]]]",../MasterDataset/012621_103B_3_wbc_chan1_49.png
375,1,"[[[178]
  [188]
  [185]
  ...
  [186]
  [189]
  [180]]

 [[177]
  [189]
  [186]
  ...
  [188]
  [190]
  [179]]

 [[177]
  [201]
  [199]
  ...
  [200]
  [202]
  [179]]

 ...

 [[178]
  [200]
  [198]
  ...
  [198]
  [201]
  [179]]

 [[177]
  [190]
  [186]
  ...
  [185]
  [189]
  [179]]

 [[178]
  [188]
  [186]
  ...
  [185]
  [188]
  [179]]]",../MasterDataset/012621_139B_16_rbc_only_chan1_47.png
376,1,"[[[176]
  [186]
  [184]
  ...
  [185]
  [188]
  [179]]

 [[175]
  [193]
  [190]
  ...
  [191]
  [195]
  [179]]

 [[176]
  [202]
  [200]
  ...
  [201]
  [204]
  [179]]

 ...

 [[179]
  [203]
  [198]
  ...
  [199]
  [201]
  [176]]

 [[178]
  [194]
  [190]
  ...
  [191]
  [192]
  [174]]

 [[178]
  [188]
  [185]
  ...
  [186]
  [185]
  [173]]]",../MasterDataset/012621_139B_16_rbc_only_chan1_74.png
377,2,"[[[173]
  [183]
  [181]
  ...
  [183]
  [185]
  [175]]

 [[173]
  [186]
  [184]
  ...
  [186]
  [189]
  [174]]

 [[174]
  [198]
  [196]
  ...
  [197]
  [199]
  [175]]

 ...

 [[176]
  [200]
  [198]
  ...
  [195]
  [199]
  [175]]

 [[176]
  [190]
  [188]
  ...
  [185]
  [189]
  [177]]

 [[178]
  [189]
  [186]
  ...
  [182]
  [188]
  [179]]]",../MasterDataset/012621_135B_17_RBC_platelet_chan1_31.png
378,1,"[[[170]
  [180]
  [178]
  ...
  [180]
  [182]
  [173]]

 [[170]
  [191]
  [189]
  ...
  [190]
  [192]
  [172]]

 [[171]
  [194]
  [192]
  ...
  [193]
  [194]
  [171]]

 ...

 [[169]
  [193]
  [192]
  ...
  [191]
  [193]
  [171]]

 [[171]
  [191]
  [190]
  ...
  [188]
  [191]
  [172]]

 [[172]
  [181]
  [181]
  ...
  [178]
  [181]
  [172]]]",../MasterDataset/012621_105b_9_rbc_platelet_chan1_34.png
379,2,"[[[175]
  [185]
  [182]
  ...
  [184]
  [185]
  [175]]

 [[173]
  [184]
  [182]
  ...
  [183]
  [186]
  [174]]

 [[173]
  [189]
  [187]
  ...
  [188]
  [191]
  [174]]

 ...

 [[176]
  [192]
  [189]
  ...
  [189]
  [191]
  [176]]

 [[176]
  [188]
  [184]
  ...
  [184]
  [187]
  [176]]

 [[177]
  [188]
  [185]
  ...
  [185]
  [186]
  [177]]]",../MasterDataset/012621_126B_13_platelet_cluster_chan1_73.png
380,1,"[[[174]
  [183]
  [182]
  ...
  [184]
  [186]
  [177]]

 [[173]
  [188]
  [186]
  ...
  [188]
  [191]
  [176]]

 [[175]
  [200]
  [197]
  ...
  [199]
  [200]
  [176]]

 ...

 [[176]
  [200]
  [197]
  ...
  [198]
  [201]
  [177]]

 [[175]
  [191]
  [187]
  ...
  [189]
  [191]
  [177]]

 [[176]
  [186]
  [184]
  ...
  [186]
  [188]
  [177]]]",../MasterDataset/012621_99B_RBC_only_chan1_29.png
381,0,"[[[171]
  [179]
  [177]
  ...
  [179]
  [180]
  [172]]

 [[170]
  [179]
  [177]
  ...
  [179]
  [180]
  [171]]

 [[170]
  [191]
  [189]
  ...
  [190]
  [191]
  [172]]

 ...

 [[170]
  [192]
  [190]
  ...
  [190]
  [192]
  [172]]

 [[172]
  [181]
  [181]
  ...
  [179]
  [181]
  [172]]

 [[173]
  [183]
  [181]
  ...
  [179]
  [182]
  [172]]]",../MasterDataset/012621_97B_12_platelet_cluster_chan1_64.png
382,2,"[[[169]
  [179]
  [177]
  ...
  [178]
  [179]
  [170]]

 [[168]
  [179]
  [177]
  ...
  [177]
  [179]
  [171]]

 [[168]
  [186]
  [184]
  ...
  [184]
  [186]
  [170]]

 ...

 [[171]
  [187]
  [185]
  ...
  [185]
  [187]
  [170]]

 [[171]
  [181]
  [178]
  ...
  [178]
  [181]
  [171]]

 [[171]
  [182]
  [179]
  ...
  [179]
  [182]
  [172]]]",../MasterDataset/012621_83B_4_platelet_cluster_chan1_33.png
383,2,"[[[173]
  [185]
  [181]
  ...
  [182]
  [185]
  [177]]

 [[172]
  [184]
  [182]
  ...
  [183]
  [186]
  [176]]

 [[173]
  [189]
  [187]
  ...
  [188]
  [191]
  [176]]

 ...

 [[176]
  [192]
  [189]
  ...
  [189]
  [192]
  [178]]

 [[176]
  [188]
  [184]
  ...
  [184]
  [188]
  [177]]

 [[177]
  [188]
  [185]
  ...
  [185]
  [188]
  [177]]]",../MasterDataset/012621_135B_17_platelet_cluster_chan1_71.png
384,2,"[[[171]
  [179]
  [177]
  ...
  [179]
  [180]
  [172]]

 [[170]
  [182]
  [180]
  ...
  [182]
  [183]
  [171]]

 [[170]
  [194]
  [191]
  ...
  [192]
  [194]
  [172]]

 ...

 [[171]
  [195]
  [192]
  ...
  [190]
  [192]
  [169]]

 [[171]
  [184]
  [181]
  ...
  [180]
  [181]
  [169]]

 [[171]
  [182]
  [178]
  ...
  [177]
  [179]
  [168]]]",../MasterDataset/012621_97B_12_RBC_platelet_chan1_36.png
385,1,"[[[173]
  [182]
  [181]
  ...
  [181]
  [183]
  [174]]

 [[172]
  [182]
  [181]
  ...
  [181]
  [183]
  [174]]

 [[172]
  [187]
  [186]
  ...
  [186]
  [188]
  [174]]

 ...

 [[173]
  [190]
  [187]
  ...
  [187]
  [191]
  [174]]

 [[173]
  [186]
  [183]
  ...
  [183]
  [186]
  [174]]

 [[175]
  [185]
  [183]
  ...
  [183]
  [185]
  [175]]]",../MasterDataset/012621_138B_14_RBC_only_chan1_60.png
386,1,"[[[173]
  [183]
  [181]
  ...
  [181]
  [185]
  [176]]

 [[172]
  [187]
  [185]
  ...
  [186]
  [188]
  [175]]

 [[173]
  [198]
  [196]
  ...
  [197]
  [199]
  [175]]

 ...

 [[173]
  [198]
  [196]
  ...
  [196]
  [199]
  [175]]

 [[172]
  [187]
  [186]
  ...
  [187]
  [190]
  [176]]

 [[173]
  [185]
  [183]
  ...
  [185]
  [186]
  [177]]]",../MasterDataset/012621_98B_8_rbc_platelet_chan1_35.png
387,0,"[[[173]
  [183]
  [181]
  ...
  [181]
  [185]
  [176]]

 [[172]
  [184]
  [182]
  ...
  [184]
  [185]
  [175]]

 [[173]
  [197]
  [194]
  ...
  [196]
  [198]
  [175]]

 ...

 [[173]
  [197]
  [195]
  ...
  [196]
  [199]
  [175]]

 [[172]
  [187]
  [185]
  ...
  [185]
  [189]
  [177]]

 [[175]
  [185]
  [184]
  ...
  [184]
  [186]
  [177]]]",../MasterDataset/012621_98B_8_platelet_cluster_chan1_9.png
388,1,"[[[171]
  [182]
  [179]
  ...
  [181]
  [183]
  [173]]

 [[171]
  [195]
  [193]
  ...
  [194]
  [196]
  [172]]

 [[171]
  [189]
  [188]
  ...
  [189]
  [190]
  [173]]

 ...

 [[173]
  [190]
  [188]
  ...
  [186]
  [188]
  [171]]

 [[173]
  [196]
  [193]
  ...
  [192]
  [194]
  [172]]

 [[173]
  [182]
  [181]
  ...
  [181]
  [182]
  [172]]]",../MasterDataset/012621_105b_9_rbc_platelet_chan1_15.png
389,1,"[[[170]
  [182]
  [179]
  ...
  [180]
  [182]
  [173]]

 [[170]
  [188]
  [185]
  ...
  [186]
  [188]
  [172]]

 [[170]
  [197]
  [194]
  ...
  [195]
  [197]
  [172]]

 ...

 [[174]
  [197]
  [195]
  ...
  [195]
  [197]
  [172]]

 [[173]
  [188]
  [186]
  ...
  [186]
  [188]
  [172]]

 [[173]
  [182]
  [181]
  ...
  [181]
  [182]
  [172]]]",../MasterDataset/012621_105b_9_rbc_platelet_chan1_1.png
390,1,"[[[173]
  [185]
  [181]
  ...
  [182]
  [185]
  [177]]

 [[172]
  [185]
  [184]
  ...
  [185]
  [188]
  [176]]

 [[173]
  [198]
  [196]
  ...
  [197]
  [199]
  [175]]

 ...

 [[177]
  [199]
  [196]
  ...
  [197]
  [200]
  [176]]

 [[177]
  [189]
  [185]
  ...
  [186]
  [190]
  [176]]

 [[178]
  [186]
  [184]
  ...
  [185]
  [188]
  [175]]]",../MasterDataset/012621_98B_8_rbc_only_chan1_59.png
391,1,"[[[171]
  [182]
  [180]
  ...
  [181]
  [183]
  [173]]

 [[171]
  [185]
  [183]
  ...
  [184]
  [185]
  [172]]

 [[171]
  [197]
  [194]
  ...
  [194]
  [197]
  [172]]

 ...

 [[172]
  [196]
  [193]
  ...
  [193]
  [194]
  [169]]

 [[172]
  [184]
  [183]
  ...
  [183]
  [183]
  [171]]

 [[173]
  [182]
  [180]
  ...
  [180]
  [182]
  [172]]]",../MasterDataset/012621_138B_14_RBC_platelet_chan1_29.png
392,0,"[[[175]
  [183]
  [182]
  ...
  [184]
  [186]
  [177]]

 [[173]
  [185]
  [184]
  ...
  [186]
  [189]
  [176]]

 [[174]
  [198]
  [196]
  ...
  [198]
  [199]
  [175]]

 ...

 [[177]
  [200]
  [196]
  ...
  [198]
  [201]
  [178]]

 [[177]
  [190]
  [185]
  ...
  [186]
  [191]
  [177]]

 [[178]
  [188]
  [184]
  ...
  [185]
  [188]
  [177]]]",../MasterDataset/012621_99B_platelet_cluster_chan1_18.png
393,2,"[[[176]
  [186]
  [185]
  ...
  [185]
  [189]
  [180]]

 [[176]
  [192]
  [189]
  ...
  [190]
  [194]
  [179]]

 [[177]
  [202]
  [200]
  ...
  [202]
  [204]
  [179]]

 ...

 [[177]
  [203]
  [201]
  ...
  [200]
  [203]
  [179]]

 [[177]
  [193]
  [191]
  ...
  [192]
  [194]
  [179]]

 [[178]
  [188]
  [187]
  ...
  [188]
  [189]
  [180]]]",../MasterDataset/012621_139B_16_rbc_only_chan1_20.png
394,1,"[[[174]
  [183]
  [182]
  ...
  [184]
  [186]
  [177]]

 [[173]
  [192]
  [191]
  ...
  [192]
  [194]
  [176]]

 [[175]
  [201]
  [198]
  ...
  [200]
  [201]
  [176]]

 ...

 [[177]
  [202]
  [198]
  ...
  [199]
  [199]
  [174]]

 [[179]
  [196]
  [191]
  ...
  [192]
  [193]
  [173]]

 [[181]
  [187]
  [181]
  ...
  [185]
  [185]
  [174]]]",../MasterDataset/012621_99B_RBC_platelet_chan1_15.png
395,1,"[[[162]
  [173]
  [170]
  ...
  [170]
  [174]
  [166]]

 [[162]
  [172]
  [170]
  ...
  [171]
  [174]
  [166]]

 [[162]
  [174]
  [174]
  ...
  [174]
  [178]
  [166]]

 ...

 [[165]
  [178]
  [174]
  ...
  [175]
  [177]
  [163]]

 [[165]
  [176]
  [172]
  ...
  [172]
  [173]
  [163]]

 [[166]
  [176]
  [173]
  ...
  [173]
  [173]
  [163]]]",../MasterDataset/012621_121B_1_platelet_cluster_chan1_83.png
396,2,"[[[173]
  [182]
  [181]
  ...
  [181]
  [185]
  [174]]

 [[172]
  [182]
  [181]
  ...
  [182]
  [184]
  [174]]

 [[172]
  [187]
  [186]
  ...
  [187]
  [188]
  [174]]

 ...

 [[174]
  [190]
  [188]
  ...
  [188]
  [191]
  [174]]

 [[175]
  [186]
  [183]
  ...
  [183]
  [186]
  [174]]

 [[176]
  [185]
  [184]
  ...
  [184]
  [185]
  [175]]]",../MasterDataset/012621_138B_14_platelet_cluster_chan1_38.png
397,1,"[[[173]
  [182]
  [181]
  ...
  [181]
  [183]
  [174]]

 [[172]
  [184]
  [183]
  ...
  [183]
  [184]
  [174]]

 [[173]
  [196]
  [194]
  ...
  [195]
  [197]
  [175]]

 ...

 [[174]
  [197]
  [194]
  ...
  [195]
  [198]
  [175]]

 [[172]
  [185]
  [183]
  ...
  [184]
  [188]
  [174]]

 [[175]
  [185]
  [181]
  ...
  [184]
  [185]
  [174]]]",../MasterDataset/012621_138B_14_RBC_only_chan1_36.png
398,2,"[[[173]
  [185]
  [181]
  ...
  [182]
  [185]
  [177]]

 [[173]
  [190]
  [188]
  ...
  [189]
  [192]
  [176]]

 [[174]
  [200]
  [198]
  ...
  [199]
  [201]
  [176]]

 ...

 [[176]
  [200]
  [197]
  ...
  [199]
  [199]
  [172]]

 [[177]
  [192]
  [189]
  ...
  [189]
  [191]
  [173]]

 [[178]
  [186]
  [184]
  ...
  [184]
  [185]
  [175]]]",../MasterDataset/012621_98B_8_rbc_platelet_chan1_17.png
399,0,"[[[169]
  [179]
  [177]
  ...
  [178]
  [180]
  [172]]

 [[168]
  [181]
  [179]
  ...
  [180]
  [182]
  [171]]

 [[169]
  [192]
  [191]
  ...
  [191]
  [193]
  [171]]

 ...

 [[171]
  [194]
  [191]
  ...
  [192]
  [194]
  [172]]

 [[171]
  [183]
  [180]
  ...
  [182]
  [183]
  [172]]

 [[171]
  [182]
  [178]
  ...
  [181]
  [182]
  [173]]]",../MasterDataset/012621_83B_4_platelet_cluster_chan1_80.png
400,1,"[[[171]
  [182]
  [180]
  ...
  [181]
  [183]
  [173]]

 [[171]
  [182]
  [181]
  ...
  [181]
  [182]
  [172]]

 [[171]
  [190]
  [188]
  ...
  [188]
  [190]
  [172]]

 ...

 [[173]
  [190]
  [188]
  ...
  [189]
  [191]
  [174]]

 [[172]
  [182]
  [181]
  ...
  [182]
  [184]
  [174]]

 [[171]
  [182]
  [180]
  ...
  [182]
  [185]
  [174]]]",../MasterDataset/012621_141B_10_wbc_chan1_35.png
401,2,"[[[170]
  [182]
  [179]
  ...
  [181]
  [182]
  [173]]

 [[170]
  [192]
  [189]
  ...
  [190]
  [192]
  [172]]

 [[170]
  [195]
  [192]
  ...
  [194]
  [196]
  [171]]

 ...

 [[170]
  [194]
  [192]
  ...
  [194]
  [195]
  [171]]

 [[171]
  [192]
  [190]
  ...
  [193]
  [193]
  [171]]

 [[172]
  [183]
  [182]
  ...
  [185]
  [184]
  [172]]]",../MasterDataset/012621_105b_9_wbc_chan1_4.png
402,0,"[[[173]
  [183]
  [181]
  ...
  [183]
  [185]
  [175]]

 [[172]
  [183]
  [181]
  ...
  [183]
  [186]
  [174]]

 [[173]
  [195]
  [193]
  ...
  [195]
  [196]
  [175]]

 ...

 [[176]
  [197]
  [194]
  ...
  [195]
  [196]
  [175]]

 [[177]
  [188]
  [183]
  ...
  [183]
  [186]
  [174]]

 [[178]
  [188]
  [185]
  ...
  [184]
  [185]
  [175]]]",../MasterDataset/012621_126B_13_platelet_cluster_chan1_9.png
403,1,"[[[173]
  [183]
  [181]
  ...
  [183]
  [185]
  [175]]

 [[172]
  [183]
  [181]
  ...
  [183]
  [186]
  [174]]

 [[173]
  [192]
  [190]
  ...
  [192]
  [194]
  [175]]

 ...

 [[176]
  [195]
  [191]
  ...
  [191]
  [194]
  [175]]

 [[177]
  [188]
  [183]
  ...
  [182]
  [186]
  [177]]

 [[178]
  [188]
  [184]
  ...
  [182]
  [185]
  [177]]]",../MasterDataset/012621_135B_17_wbc_chan1_35.png
404,1,"[[[168]
  [179]
  [175]
  ...
  [178]
  [179]
  [170]]

 [[167]
  [179]
  [177]
  ...
  [178]
  [179]
  [171]]

 [[169]
  [190]
  [188]
  ...
  [190]
  [191]
  [170]]

 ...

 [[170]
  [193]
  [190]
  ...
  [187]
  [190]
  [169]]

 [[170]
  [180]
  [179]
  ...
  [177]
  [179]
  [170]]

 [[170]
  [180]
  [179]
  ...
  [176]
  [179]
  [169]]]",../MasterDataset/012621_83B_4_platelet_RBC_chan1_47.png
405,1,"[[[176]
  [186]
  [182]
  ...
  [184]
  [188]
  [177]]

 [[175]
  [194]
  [191]
  ...
  [192]
  [195]
  [177]]

 [[176]
  [203]
  [201]
  ...
  [201]
  [203]
  [177]]

 ...

 [[174]
  [201]
  [199]
  ...
  [201]
  [203]
  [177]]

 [[175]
  [194]
  [192]
  ...
  [193]
  [196]
  [178]]

 [[176]
  [188]
  [185]
  ...
  [186]
  [189]
  [180]]]",../MasterDataset/012621_99B_RBC_only_chan1_22.png
406,1,"[[[173]
  [183]
  [181]
  ...
  [183]
  [185]
  [175]]

 [[172]
  [187]
  [185]
  ...
  [187]
  [190]
  [174]]

 [[173]
  [198]
  [196]
  ...
  [198]
  [199]
  [175]]

 ...

 [[174]
  [199]
  [196]
  ...
  [196]
  [199]
  [175]]

 [[173]
  [190]
  [186]
  ...
  [187]
  [191]
  [176]]

 [[174]
  [185]
  [183]
  ...
  [185]
  [186]
  [177]]]",../MasterDataset/012621_98B_8_rbc_platelet_chan1_14.png
407,1,"[[[176]
  [186]
  [182]
  ...
  [184]
  [188]
  [177]]

 [[175]
  [195]
  [191]
  ...
  [193]
  [195]
  [178]]

 [[177]
  [202]
  [200]
  ...
  [201]
  [203]
  [177]]

 ...

 [[176]
  [202]
  [200]
  ...
  [200]
  [204]
  [177]]

 [[177]
  [196]
  [193]
  ...
  [192]
  [195]
  [175]]

 [[178]
  [188]
  [186]
  ...
  [184]
  [186]
  [175]]]",../MasterDataset/012621_99B_RBC_only_chan1_13.png
408,1,"[[[173]
  [182]
  [181]
  ...
  [181]
  [183]
  [174]]

 [[173]
  [192]
  [191]
  ...
  [191]
  [193]
  [174]]

 [[172]
  [197]
  [195]
  ...
  [196]
  [198]
  [174]]

 ...

 [[174]
  [197]
  [194]
  ...
  [195]
  [198]
  [175]]

 [[173]
  [192]
  [190]
  ...
  [191]
  [192]
  [173]]

 [[172]
  [181]
  [180]
  ...
  [182]
  [181]
  [172]]]",../MasterDataset/012621_141B_10_RBC_platelet_chan1_58.png
409,2,"[[[178]
  [188]
  [185]
  ...
  [186]
  [189]
  [180]]

 [[177]
  [189]
  [185]
  ...
  [187]
  [190]
  [179]]

 [[177]
  [195]
  [192]
  ...
  [193]
  [196]
  [179]]

 ...

 [[178]
  [195]
  [191]
  ...
  [194]
  [195]
  [178]]

 [[178]
  [189]
  [185]
  ...
  [188]
  [189]
  [177]]

 [[179]
  [188]
  [185]
  ...
  [188]
  [188]
  [177]]]",../MasterDataset/012621_139B_16_platelet_cluster_chan1_70.png
410,1,"[[[178]
  [188]
  [185]
  ...
  [187]
  [189]
  [180]]

 [[177]
  [189]
  [185]
  ...
  [187]
  [190]
  [179]]

 [[177]
  [201]
  [198]
  ...
  [199]
  [202]
  [179]]

 ...

 [[179]
  [202]
  [200]
  ...
  [197]
  [200]
  [179]]

 [[178]
  [190]
  [189]
  ...
  [184]
  [189]
  [179]]

 [[178]
  [189]
  [188]
  ...
  [185]
  [188]
  [179]]]",../MasterDataset/012621_139B_16_rbc_only_chan1_49.png
411,1,"[[[171]
  [182]
  [179]
  ...
  [181]
  [183]
  [173]]

 [[171]
  [181]
  [180]
  ...
  [181]
  [182]
  [172]]

 [[171]
  [190]
  [188]
  ...
  [189]
  [191]
  [172]]

 ...

 [[173]
  [191]
  [189]
  ...
  [189]
  [191]
  [173]]

 [[173]
  [183]
  [181]
  ...
  [181]
  [182]
  [174]]

 [[175]
  [185]
  [182]
  ...
  [179]
  [183]
  [174]]]",../MasterDataset/012621_105b_9_rbc_only_chan1_24.png
412,1,"[[[163]
  [173]
  [170]
  ...
  [170]
  [174]
  [166]]

 [[163]
  [174]
  [171]
  ...
  [172]
  [175]
  [166]]

 [[163]
  [182]
  [179]
  ...
  [180]
  [182]
  [165]]

 ...

 [[166]
  [183]
  [179]
  ...
  [179]
  [183]
  [165]]

 [[167]
  [176]
  [172]
  ...
  [171]
  [176]
  [166]]

 [[167]
  [176]
  [173]
  ...
  [170]
  [176]
  [168]]]",../MasterDataset/012621_121B_1_wbc_chan1_85.png
413,1,"[[[178]
  [188]
  [185]
  ...
  [187]
  [189]
  [180]]

 [[177]
  [199]
  [197]
  ...
  [198]
  [200]
  [179]]

 [[177]
  [202]
  [201]
  ...
  [201]
  [203]
  [179]]

 ...

 [[177]
  [203]
  [200]
  ...
  [203]
  [202]
  [178]]

 [[179]
  [200]
  [196]
  ...
  [197]
  [198]
  [176]]

 [[179]
  [189]
  [185]
  ...
  [184]
  [186]
  [176]]]",../MasterDataset/012621_85B_7_RBC_platelet_chan1_7.png
414,2,"[[[173]
  [183]
  [181]
  ...
  [183]
  [185]
  [175]]

 [[173]
  [183]
  [181]
  ...
  [183]
  [186]
  [174]]

 [[173]
  [187]
  [185]
  ...
  [187]
  [190]
  [174]]

 ...

 [[173]
  [188]
  [187]
  ...
  [187]
  [190]
  [174]]

 [[173]
  [183]
  [183]
  ...
  [183]
  [186]
  [174]]

 [[173]
  [183]
  [184]
  ...
  [184]
  [185]
  [174]]]",../MasterDataset/012621_126B_13_platelet_cluster_chan1_35.png
415,1,"[[[173]
  [183]
  [181]
  ...
  [181]
  [185]
  [177]]

 [[172]
  [182]
  [181]
  ...
  [182]
  [183]
  [175]]

 [[173]
  [195]
  [193]
  ...
  [194]
  [196]
  [175]]

 ...

 [[176]
  [196]
  [193]
  ...
  [194]
  [195]
  [175]]

 [[177]
  [187]
  [183]
  ...
  [182]
  [183]
  [173]]

 [[178]
  [186]
  [184]
  ...
  [183]
  [185]
  [174]]]",../MasterDataset/012621_126B_13_wbc_chan1_64.png
416,2,"[[[173]
  [182]
  [181]
  ...
  [181]
  [183]
  [174]]

 [[172]
  [182]
  [181]
  ...
  [181]
  [183]
  [174]]

 [[172]
  [187]
  [186]
  ...
  [186]
  [188]
  [174]]

 ...

 [[173]
  [190]
  [187]
  ...
  [187]
  [191]
  [174]]

 [[173]
  [186]
  [183]
  ...
  [183]
  [186]
  [174]]

 [[175]
  [185]
  [183]
  ...
  [183]
  [185]
  [175]]]",../MasterDataset/012621_141B_10_platelet_cluster_chan1_43.png
417,2,"[[[171]
  [179]
  [177]
  ...
  [179]
  [180]
  [172]]

 [[171]
  [179]
  [177]
  ...
  [179]
  [180]
  [171]]

 [[170]
  [185]
  [183]
  ...
  [184]
  [185]
  [172]]

 ...

 [[171]
  [186]
  [184]
  ...
  [186]
  [187]
  [172]]

 [[171]
  [181]
  [179]
  ...
  [181]
  [182]
  [172]]

 [[171]
  [182]
  [179]
  ...
  [181]
  [182]
  [173]]]",../MasterDataset/012621_97B_12_platelet_cluster_chan1_51.png
418,2,"[[[168]
  [179]
  [177]
  ...
  [178]
  [180]
  [172]]

 [[168]
  [185]
  [184]
  ...
  [185]
  [186]
  [171]]

 [[169]
  [195]
  [193]
  ...
  [194]
  [196]
  [171]]

 ...

 [[170]
  [196]
  [193]
  ...
  [193]
  [196]
  [169]]

 [[171]
  [186]
  [185]
  ...
  [184]
  [186]
  [172]]

 [[172]
  [181]
  [179]
  ...
  [177]
  [181]
  [173]]]",../MasterDataset/012621_83B_4_platelet_RBC_chan1_27.png
419,0,"[[[166]
  [176]
  [173]
  ...
  [174]
  [176]
  [168]]

 [[165]
  [177]
  [174]
  ...
  [174]
  [178]
  [167]]

 [[166]
  [187]
  [185]
  ...
  [187]
  [188]
  [167]]

 ...

 [[167]
  [188]
  [184]
  ...
  [187]
  [188]
  [166]]

 [[167]
  [179]
  [173]
  ...
  [177]
  [178]
  [166]]

 [[169]
  [177]
  [173]
  ...
  [177]
  [176]
  [166]]]",../MasterDataset/012621_98B_2_platelet_cluster_chan1_15.png
420,2,"[[[161]
  [171]
  [169]
  ...
  [170]
  [173]
  [163]]

 [[161]
  [180]
  [178]
  ...
  [179]
  [182]
  [164]]

 [[163]
  [186]
  [184]
  ...
  [185]
  [186]
  [163]]

 ...

 [[165]
  [187]
  [185]
  ...
  [182]
  [185]
  [162]]

 [[166]
  [183]
  [180]
  ...
  [177]
  [181]
  [165]]

 [[166]
  [176]
  [173]
  ...
  [168]
  [174]
  [166]]]",../MasterDataset/012621_103B_3_rbc_only_chan1_45.png
421,2,"[[[173]
  [183]
  [181]
  ...
  [181]
  [185]
  [177]]

 [[173]
  [182]
  [181]
  ...
  [182]
  [184]
  [175]]

 [[173]
  [190]
  [188]
  ...
  [189]
  [191]
  [175]]

 ...

 [[175]
  [193]
  [190]
  ...
  [190]
  [193]
  [175]]

 [[176]
  [185]
  [184]
  ...
  [184]
  [185]
  [176]]

 [[177]
  [186]
  [184]
  ...
  [184]
  [186]
  [177]]]",../MasterDataset/012621_126B_13_platelet_cluster_chan1_42.png
422,2,"[[[171]
  [182]
  [180]
  ...
  [181]
  [183]
  [173]]

 [[171]
  [188]
  [186]
  ...
  [187]
  [188]
  [172]]

 [[172]
  [198]
  [195]
  ...
  [196]
  [198]
  [172]]

 ...

 [[174]
  [197]
  [195]
  ...
  [196]
  [196]
  [170]]

 [[174]
  [189]
  [187]
  ...
  [187]
  [187]
  [171]]

 [[176]
  [185]
  [181]
  ...
  [181]
  [182]
  [173]]]",../MasterDataset/012621_141B_10_RBC_only_chan1_32.png
423,0,"[[[175]
  [185]
  [182]
  ...
  [184]
  [188]
  [177]]

 [[173]
  [188]
  [185]
  ...
  [186]
  [190]
  [177]]

 [[174]
  [199]
  [197]
  ...
  [198]
  [201]
  [178]]

 ...

 [[177]
  [200]
  [197]
  ...
  [198]
  [201]
  [178]]

 [[177]
  [190]
  [186]
  ...
  [187]
  [191]
  [177]]

 [[178]
  [188]
  [184]
  ...
  [186]
  [188]
  [177]]]",../MasterDataset/012621_99B_platelet_cluster_chan1_7.png
424,2,"[[[175]
  [183]
  [182]
  ...
  [184]
  [186]
  [177]]

 [[173]
  [183]
  [182]
  ...
  [184]
  [187]
  [176]]

 [[173]
  [191]
  [189]
  ...
  [191]
  [193]
  [176]]

 ...

 [[173]
  [192]
  [190]
  ...
  [189]
  [193]
  [177]]

 [[173]
  [186]
  [183]
  ...
  [182]
  [187]
  [177]]

 [[175]
  [185]
  [184]
  ...
  [182]
  [186]
  [177]]]",../MasterDataset/012621_99B_platelet_cluster_chan1_33.png
425,2,"[[[173]
  [185]
  [181]
  ...
  [182]
  [185]
  [177]]

 [[172]
  [183]
  [182]
  ...
  [183]
  [186]
  [176]]

 [[173]
  [196]
  [194]
  ...
  [195]
  [198]
  [175]]

 ...

 [[175]
  [198]
  [196]
  ...
  [194]
  [196]
  [175]]

 [[172]
  [186]
  [184]
  ...
  [181]
  [183]
  [175]]

 [[173]
  [185]
  [185]
  ...
  [181]
  [185]
  [176]]]",../MasterDataset/012621_135B_17_wbc_chan1_14.png
426,1,"[[[176]
  [186]
  [182]
  ...
  [184]
  [188]
  [177]]

 [[175]
  [193]
  [189]
  ...
  [191]
  [193]
  [177]]

 [[176]
  [202]
  [200]
  ...
  [201]
  [202]
  [178]]

 ...

 [[177]
  [203]
  [199]
  ...
  [200]
  [200]
  [175]]

 [[179]
  [195]
  [190]
  ...
  [190]
  [192]
  [176]]

 [[179]
  [189]
  [185]
  ...
  [185]
  [186]
  [177]]]",../MasterDataset/012621_85B_7_RBC_only_chan1_19.png
427,2,"[[[162]
  [171]
  [167]
  ...
  [170]
  [173]
  [163]]

 [[162]
  [173]
  [172]
  ...
  [172]
  [173]
  [164]]

 [[163]
  [184]
  [182]
  ...
  [183]
  [185]
  [163]]

 ...

 [[163]
  [185]
  [182]
  ...
  [184]
  [184]
  [161]]

 [[162]
  [173]
  [172]
  ...
  [173]
  [172]
  [160]]

 [[162]
  [173]
  [170]
  ...
  [170]
  [171]
  [160]]]",../MasterDataset/012621_103B_3_wbc_chan1_2.png
428,1,"[[[170]
  [180]
  [178]
  ...
  [180]
  [182]
  [173]]

 [[170]
  [189]
  [187]
  ...
  [189]
  [190]
  [172]]

 [[170]
  [196]
  [194]
  ...
  [195]
  [197]
  [171]]

 ...

 [[172]
  [197]
  [195]
  ...
  [192]
  [193]
  [168]]

 [[171]
  [190]
  [189]
  ...
  [186]
  [187]
  [169]]

 [[172]
  [181]
  [180]
  ...
  [179]
  [180]
  [170]]]",../MasterDataset/012621_105b_9_rbc_platelet_chan1_26.png
429,2,"[[[167]
  [177]
  [176]
  ...
  [177]
  [179]
  [170]]

 [[167]
  [184]
  [183]
  ...
  [184]
  [185]
  [170]]

 [[168]
  [193]
  [192]
  ...
  [193]
  [194]
  [169]]

 ...

 [[170]
  [194]
  [190]
  ...
  [192]
  [192]
  [167]]

 [[170]
  [185]
  [182]
  ...
  [184]
  [184]
  [168]]

 [[171]
  [180]
  [177]
  ...
  [178]
  [180]
  [169]]]",../MasterDataset/012621_83B_4_RBC_only_chan1_7.png
430,1,"[[[163]
  [173]
  [171]
  ...
  [171]
  [174]
  [166]]

 [[163]
  [183]
  [181]
  ...
  [181]
  [184]
  [165]]

 [[164]
  [187]
  [185]
  ...
  [185]
  [187]
  [165]]

 ...

 [[164]
  [187]
  [185]
  ...
  [186]
  [188]
  [165]]

 [[164]
  [184]
  [183]
  ...
  [185]
  [185]
  [165]]

 [[166]
  [176]
  [175]
  ...
  [177]
  [176]
  [166]]]",../MasterDataset/012621_121B_1_RBC_only_chan1_42.png
431,1,"[[[178]
  [188]
  [185]
  ...
  [187]
  [189]
  [180]]

 [[177]
  [193]
  [189]
  ...
  [191]
  [194]
  [179]]

 [[177]
  [203]
  [201]
  ...
  [202]
  [204]
  [179]]

 ...

 [[178]
  [203]
  [202]
  ...
  [201]
  [204]
  [179]]

 [[178]
  [194]
  [192]
  ...
  [193]
  [195]
  [180]]

 [[179]
  [189]
  [188]
  ...
  [189]
  [191]
  [181]]]",../MasterDataset/012621_85B_7_RBC_only_chan1_62.png
432,2,"[[[173]
  [185]
  [181]
  ...
  [182]
  [185]
  [177]]

 [[172]
  [184]
  [182]
  ...
  [183]
  [186]
  [177]]

 [[173]
  [190]
  [188]
  ...
  [189]
  [192]
  [176]]

 ...

 [[173]
  [189]
  [187]
  ...
  [190]
  [190]
  [172]]

 [[173]
  [184]
  [181]
  ...
  [184]
  [184]
  [172]]

 [[175]
  [185]
  [181]
  ...
  [184]
  [185]
  [173]]]",../MasterDataset/012621_135B_17_platelet_cluster_chan1_8.png
433,2,"[[[166]
  [176]
  [173]
  ...
  [174]
  [176]
  [168]]

 [[165]
  [182]
  [179]
  ...
  [180]
  [183]
  [167]]

 [[166]
  [191]
  [189]
  ...
  [190]
  [192]
  [166]]

 ...

 [[166]
  [191]
  [188]
  ...
  [187]
  [190]
  [167]]

 [[165]
  [182]
  [179]
  ...
  [178]
  [180]
  [164]]

 [[166]
  [176]
  [174]
  ...
  [172]
  [173]
  [162]]]",../MasterDataset/012621_98B_2_rbc_platelet_chan1_1.png
434,1,"[[[173]
  [182]
  [181]
  ...
  [181]
  [185]
  [174]]

 [[172]
  [182]
  [181]
  ...
  [182]
  [183]
  [174]]

 [[173]
  [191]
  [189]
  ...
  [190]
  [192]
  [174]]

 ...

 [[176]
  [194]
  [189]
  ...
  [190]
  [192]
  [175]]

 [[177]
  [187]
  [182]
  ...
  [181]
  [183]
  [175]]

 [[178]
  [186]
  [182]
  ...
  [181]
  [185]
  [177]]]",../MasterDataset/012621_141B_10_RBC_platelet_chan1_49.png
435,2,"[[[176]
  [186]
  [184]
  ...
  [185]
  [188]
  [179]]

 [[175]
  [191]
  [188]
  ...
  [189]
  [193]
  [179]]

 [[176]
  [201]
  [199]
  ...
  [200]
  [203]
  [178]]

 ...

 [[176]
  [202]
  [200]
  ...
  [200]
  [203]
  [178]]

 [[176]
  [192]
  [189]
  ...
  [192]
  [194]
  [179]]

 [[176]
  [188]
  [186]
  ...
  [188]
  [191]
  [180]]]",../MasterDataset/012621_139B_16_wbc_chan1_6.png
436,2,"[[[173]
  [185]
  [182]
  ...
  [182]
  [185]
  [177]]

 [[173]
  [187]
  [186]
  ...
  [187]
  [189]
  [176]]

 [[174]
  [199]
  [197]
  ...
  [198]
  [200]
  [176]]

 ...

 [[176]
  [200]
  [198]
  ...
  [196]
  [199]
  [176]]

 [[175]
  [189]
  [187]
  ...
  [187]
  [187]
  [174]]

 [[175]
  [184]
  [182]
  ...
  [183]
  [184]
  [172]]]",../MasterDataset/012621_126B_13_RBC_platelet_chan1_10.png
437,1,"[[[166]
  [177]
  [176]
  ...
  [177]
  [179]
  [170]]

 [[167]
  [178]
  [177]
  ...
  [178]
  [179]
  [171]]

 [[167]
  [190]
  [189]
  ...
  [190]
  [191]
  [170]]

 ...

 [[169]
  [190]
  [188]
  ...
  [188]
  [189]
  [168]]

 [[167]
  [179]
  [178]
  ...
  [177]
  [179]
  [169]]

 [[168]
  [179]
  [177]
  ...
  [176]
  [179]
  [169]]]",../MasterDataset/012621_83B_4_wbc_chan1_47.png
438,0,"[[[178]
  [188]
  [186]
  ...
  [186]
  [188]
  [177]]

 [[177]
  [189]
  [185]
  ...
  [187]
  [189]
  [178]]

 [[177]
  [200]
  [197]
  ...
  [198]
  [200]
  [178]]

 ...

 [[177]
  [199]
  [196]
  ...
  [198]
  [200]
  [179]]

 [[177]
  [189]
  [185]
  ...
  [188]
  [190]
  [179]]

 [[178]
  [188]
  [186]
  ...
  [187]
  [189]
  [180]]]",../MasterDataset/012621_85B_7_platelet_cluster_chan1_50.png
439,2,"[[[171]
  [182]
  [180]
  ...
  [181]
  [183]
  [173]]

 [[171]
  [191]
  [189]
  ...
  [190]
  [191]
  [172]]

 [[172]
  [198]
  [195]
  ...
  [196]
  [198]
  [172]]

 ...

 [[173]
  [199]
  [197]
  ...
  [193]
  [195]
  [169]]

 [[173]
  [191]
  [190]
  ...
  [188]
  [190]
  [170]]

 [[172]
  [181]
  [181]
  ...
  [180]
  [181]
  [172]]]",../MasterDataset/012621_138B_14_RBC_platelet_chan1_1.png
440,2,"[[[162]
  [173]
  [170]
  ...
  [170]
  [173]
  [163]]

 [[163]
  [179]
  [177]
  ...
  [178]
  [181]
  [164]]

 [[163]
  [188]
  [186]
  ...
  [187]
  [188]
  [163]]

 ...

 [[162]
  [186]
  [185]
  ...
  [187]
  [188]
  [164]]

 [[163]
  [180]
  [178]
  ...
  [179]
  [181]
  [165]]

 [[163]
  [174]
  [170]
  ...
  [171]
  [174]
  [166]]]",../MasterDataset/012621_103B_3_rbc_only_chan1_33.png
441,2,"[[[175]
  [183]
  [182]
  ...
  [184]
  [186]
  [177]]

 [[173]
  [183]
  [182]
  ...
  [184]
  [187]
  [176]]

 [[173]
  [191]
  [189]
  ...
  [191]
  [193]
  [176]]

 ...

 [[173]
  [192]
  [190]
  ...
  [189]
  [193]
  [177]]

 [[173]
  [186]
  [183]
  ...
  [182]
  [187]
  [177]]

 [[175]
  [185]
  [184]
  ...
  [182]
  [186]
  [177]]]",../MasterDataset/012621_126B_13_platelet_cluster_chan1_19.png
442,1,"[[[171]
  [179]
  [178]
  ...
  [179]
  [182]
  [173]]

 [[170]
  [187]
  [185]
  ...
  [186]
  [188]
  [172]]

 [[170]
  [196]
  [194]
  ...
  [195]
  [197]
  [171]]

 ...

 [[169]
  [196]
  [194]
  ...
  [194]
  [197]
  [171]]

 [[169]
  [187]
  [185]
  ...
  [187]
  [188]
  [172]]

 [[170]
  [180]
  [179]
  ...
  [180]
  [182]
  [172]]]",../MasterDataset/012621_97B_12_RBC_only_chan1_6.png
443,2,"[[[170]
  [182]
  [179]
  ...
  [180]
  [182]
  [173]]

 [[170]
  [181]
  [179]
  ...
  [181]
  [181]
  [172]]

 [[170]
  [192]
  [189]
  ...
  [190]
  [192]
  [172]]

 ...

 [[171]
  [191]
  [189]
  ...
  [190]
  [190]
  [170]]

 [[172]
  [181]
  [181]
  ...
  [181]
  [180]
  [171]]

 [[173]
  [182]
  [181]
  ...
  [180]
  [180]
  [169]]]",../MasterDataset/012621_105b_9_platelet_cluster_chan1_10.png
444,1,"[[[174]
  [185]
  [182]
  ...
  [184]
  [188]
  [177]]

 [[173]
  [192]
  [189]
  ...
  [190]
  [194]
  [177]]

 [[175]
  [201]
  [199]
  ...
  [200]
  [203]
  [178]]

 ...

 [[176]
  [201]
  [199]
  ...
  [200]
  [200]
  [175]]

 [[177]
  [193]
  [190]
  ...
  [190]
  [192]
  [176]]

 [[179]
  [188]
  [184]
  ...
  [185]
  [186]
  [177]]]",../MasterDataset/012621_99B_RBC_platelet_chan1_43.png
445,1,"[[[173]
  [183]
  [181]
  ...
  [183]
  [185]
  [175]]

 [[173]
  [191]
  [189]
  ...
  [190]
  [193]
  [175]]

 [[174]
  [200]
  [198]
  ...
  [200]
  [201]
  [175]]

 ...

 [[173]
  [199]
  [198]
  ...
  [198]
  [200]
  [175]]

 [[173]
  [190]
  [189]
  ...
  [189]
  [191]
  [175]]

 [[173]
  [183]
  [183]
  ...
  [183]
  [185]
  [174]]]",../MasterDataset/012621_98B_8_rbc_only_chan1_7.png
446,1,"[[[175]
  [186]
  [184]
  ...
  [185]
  [188]
  [179]]

 [[175]
  [196]
  [194]
  ...
  [195]
  [198]
  [179]]

 [[177]
  [201]
  [199]
  ...
  [200]
  [203]
  [178]]

 ...

 [[177]
  [202]
  [199]
  ...
  [198]
  [202]
  [179]]

 [[179]
  [199]
  [195]
  ...
  [194]
  [199]
  [179]]

 [[180]
  [189]
  [186]
  ...
  [186]
  [189]
  [180]]]",../MasterDataset/012621_85B_7_RBC_only_chan1_26.png
447,2,"[[[168]
  [179]
  [177]
  ...
  [178]
  [180]
  [172]]

 [[168]
  [185]
  [183]
  ...
  [184]
  [186]
  [171]]

 [[169]
  [194]
  [193]
  ...
  [193]
  [195]
  [171]]

 ...

 [[172]
  [195]
  [191]
  ...
  [192]
  [193]
  [169]]

 [[170]
  [186]
  [183]
  ...
  [184]
  [184]
  [167]]

 [[170]
  [180]
  [178]
  ...
  [178]
  [179]
  [167]]]",../MasterDataset/012621_97B_12_RBC_platelet_chan1_39.png
448,0,"[[[173]
  [183]
  [181]
  ...
  [183]
  [185]
  [175]]

 [[172]
  [186]
  [184]
  ...
  [186]
  [188]
  [174]]

 [[173]
  [197]
  [195]
  ...
  [197]
  [199]
  [175]]

 ...

 [[177]
  [200]
  [197]
  ...
  [194]
  [197]
  [173]]

 [[176]
  [188]
  [185]
  ...
  [184]
  [185]
  [172]]

 [[176]
  [185]
  [182]
  ...
  [182]
  [183]
  [171]]]",../MasterDataset/012621_98B_8_platelet_cluster_chan1_19.png
449,0,"[[[173]
  [185]
  [181]
  ...
  [182]
  [185]
  [177]]

 [[172]
  [186]
  [185]
  ...
  [186]
  [189]
  [176]]

 [[173]
  [199]
  [196]
  ...
  [197]
  [200]
  [176]]

 ...

 [[174]
  [198]
  [196]
  ...
  [195]
  [196]
  [172]]

 [[172]
  [186]
  [185]
  ...
  [185]
  [185]
  [172]]

 [[173]
  [185]
  [181]
  ...
  [182]
  [183]
  [173]]]",../MasterDataset/012621_98B_8_platelet_cluster_chan1_11.png
450,2,"[[[171]
  [182]
  [180]
  ...
  [181]
  [183]
  [173]]

 [[171]
  [182]
  [181]
  ...
  [181]
  [182]
  [172]]

 [[171]
  [190]
  [188]
  ...
  [188]
  [190]
  [172]]

 ...

 [[173]
  [190]
  [188]
  ...
  [189]
  [191]
  [174]]

 [[172]
  [182]
  [181]
  ...
  [182]
  [184]
  [174]]

 [[171]
  [182]
  [180]
  ...
  [182]
  [185]
  [174]]]",../MasterDataset/012621_105b_9_platelet_cluster_chan1_35.png
451,1,"[[[171]
  [179]
  [177]
  ...
  [179]
  [180]
  [172]]

 [[170]
  [179]
  [178]
  ...
  [179]
  [180]
  [171]]

 [[170]
  [188]
  [186]
  ...
  [187]
  [188]
  [172]]

 ...

 [[171]
  [189]
  [186]
  ...
  [187]
  [189]
  [172]]

 [[172]
  [181]
  [179]
  ...
  [178]
  [180]
  [172]]

 [[173]
  [183]
  [179]
  ...
  [178]
  [182]
  [174]]]",../MasterDataset/012621_83B_4_wbc_chan1_46.png
452,0,"[[[176]
  [186]
  [184]
  ...
  [185]
  [188]
  [179]]

 [[175]
  [189]
  [187]
  ...
  [187]
  [191]
  [179]]

 [[176]
  [200]
  [198]
  ...
  [199]
  [202]
  [179]]

 ...

 [[178]
  [203]
  [200]
  ...
  [198]
  [200]
  [177]]

 [[180]
  [193]
  [190]
  ...
  [186]
  [190]
  [179]]

 [[180]
  [191]
  [188]
  ...
  [183]
  [188]
  [179]]]",../MasterDataset/012621_99B_platelet_cluster_chan1_72.png
453,2,"[[[170]
  [182]
  [179]
  ...
  [180]
  [182]
  [173]]

 [[170]
  [182]
  [180]
  ...
  [182]
  [182]
  [172]]

 [[170]
  [194]
  [192]
  ...
  [192]
  [195]
  [172]]

 ...

 [[173]
  [194]
  [190]
  ...
  [192]
  [193]
  [170]]

 [[172]
  [182]
  [178]
  ...
  [182]
  [181]
  [171]]

 [[173]
  [182]
  [178]
  ...
  [180]
  [180]
  [170]]]",../MasterDataset/012621_105b_9_rbc_platelet_chan1_6.png
454,2,"[[[173]
  [185]
  [181]
  ...
  [182]
  [185]
  [177]]

 [[172]
  [184]
  [182]
  ...
  [183]
  [186]
  [177]]

 [[173]
  [189]
  [188]
  ...
  [189]
  [191]
  [176]]

 ...

 [[175]
  [191]
  [189]
  ...
  [190]
  [192]
  [176]]

 [[175]
  [186]
  [183]
  ...
  [184]
  [187]
  [176]]

 [[176]
  [185]
  [184]
  ...
  [185]
  [186]
  [177]]]",../MasterDataset/012621_126B_13_platelet_cluster_chan1_41.png
455,1,"[[[173]
  [183]
  [181]
  ...
  [182]
  [184]
  [176]]

 [[173]
  [195]
  [193]
  ...
  [194]
  [196]
  [175]]

 [[174]
  [196]
  [194]
  ...
  [195]
  [197]
  [174]]

 ...

 [[174]
  [197]
  [195]
  ...
  [195]
  [196]
  [172]]

 [[173]
  [196]
  [196]
  ...
  [193]
  [195]
  [173]]

 [[173]
  [185]
  [185]
  ...
  [182]
  [184]
  [174]]]",../MasterDataset/012621_126B_13_RBC_platelet_chan1_52.png
456,1,"[[[176]
  [186]
  [184]
  ...
  [186]
  [188]
  [177]]

 [[176]
  [188]
  [184]
  ...
  [185]
  [189]
  [178]]

 [[176]
  [196]
  [193]
  ...
  [194]
  [197]
  [178]]

 ...

 [[176]
  [194]
  [193]
  ...
  [196]
  [197]
  [176]]

 [[176]
  [187]
  [184]
  ...
  [189]
  [189]
  [176]]

 [[177]
  [186]
  [185]
  ...
  [189]
  [188]
  [175]]]",../MasterDataset/012621_85B_7_wbc_chan1_51.png
457,1,"[[[173]
  [183]
  [181]
  ...
  [184]
  [185]
  [175]]

 [[172]
  [183]
  [181]
  ...
  [183]
  [186]
  [174]]

 [[173]
  [196]
  [194]
  ...
  [195]
  [197]
  [175]]

 ...

 [[175]
  [198]
  [195]
  ...
  [193]
  [195]
  [175]]

 [[172]
  [186]
  [183]
  ...
  [181]
  [182]
  [173]]

 [[173]
  [185]
  [184]
  ...
  [181]
  [183]
  [174]]]",../MasterDataset/012621_135B_17_RBC_only_chan1_60.png
458,1,"[[[163]
  [173]
  [170]
  ...
  [170]
  [174]
  [166]]

 [[163]
  [174]
  [172]
  ...
  [172]
  [175]
  [166]]

 [[163]
  [182]
  [180]
  ...
  [180]
  [182]
  [165]]

 ...

 [[164]
  [183]
  [179]
  ...
  [179]
  [182]
  [165]]

 [[165]
  [176]
  [171]
  ...
  [171]
  [175]
  [166]]

 [[166]
  [176]
  [173]
  ...
  [170]
  [174]
  [166]]]",../MasterDataset/012621_121B_1_wbc_chan1_66.png
459,2,"[[[163]
  [174]
  [173]
  ...
  [173]
  [176]
  [168]]

 [[163]
  [175]
  [173]
  ...
  [173]
  [176]
  [167]]

 [[163]
  [181]
  [179]
  ...
  [179]
  [182]
  [166]]

 ...

 [[164]
  [182]
  [179]
  ...
  [178]
  [182]
  [168]]

 [[165]
  [176]
  [173]
  ...
  [171]
  [176]
  [168]]

 [[166]
  [176]
  [174]
  ...
  [171]
  [176]
  [168]]]",../MasterDataset/012621_98B_2_platelet_cluster_chan1_85.png
460,2,"[[[171]
  [182]
  [179]
  ...
  [181]
  [183]
  [173]]

 [[171]
  [183]
  [182]
  ...
  [183]
  [184]
  [172]]

 [[171]
  [195]
  [193]
  ...
  [194]
  [196]
  [172]]

 ...

 [[173]
  [196]
  [193]
  ...
  [194]
  [197]
  [173]]

 [[172]
  [184]
  [182]
  ...
  [184]
  [185]
  [173]]

 [[175]
  [183]
  [181]
  ...
  [182]
  [185]
  [173]]]",../MasterDataset/012621_141B_10_RBC_platelet_chan1_9.png
461,0,"[[[173]
  [185]
  [182]
  ...
  [182]
  [185]
  [177]]

 [[172]
  [183]
  [182]
  ...
  [183]
  [186]
  [176]]

 [[173]
  [197]
  [195]
  ...
  [196]
  [198]
  [175]]

 ...

 [[174]
  [198]
  [196]
  ...
  [195]
  [196]
  [173]]

 [[175]
  [187]
  [184]
  ...
  [183]
  [183]
  [172]]

 [[176]
  [186]
  [184]
  ...
  [185]
  [185]
  [173]]]",../MasterDataset/012621_98B_8_platelet_cluster_chan1_53.png
462,0,"[[[171]
  [179]
  [177]
  ...
  [179]
  [180]
  [172]]

 [[170]
  [181]
  [179]
  ...
  [181]
  [182]
  [171]]

 [[170]
  [193]
  [191]
  ...
  [192]
  [193]
  [172]]

 ...

 [[171]
  [194]
  [191]
  ...
  [192]
  [195]
  [172]]

 [[172]
  [183]
  [180]
  ...
  [182]
  [183]
  [172]]

 [[173]
  [182]
  [178]
  ...
  [181]
  [182]
  [173]]]",../MasterDataset/012621_97B_12_platelet_cluster_chan1_37.png
463,2,"[[[166]
  [176]
  [174]
  ...
  [175]
  [177]
  [168]]

 [[166]
  [177]
  [173]
  ...
  [176]
  [178]
  [168]]

 [[167]
  [183]
  [180]
  ...
  [182]
  [184]
  [168]]

 ...

 [[167]
  [183]
  [182]
  ...
  [180]
  [184]
  [169]]

 [[166]
  [178]
  [176]
  ...
  [174]
  [179]
  [170]]

 [[166]
  [177]
  [176]
  ...
  [175]
  [179]
  [169]]]",../MasterDataset/012621_98B_2_platelet_cluster_chan1_9.png
464,1,"[[[173]
  [185]
  [181]
  ...
  [182]
  [185]
  [177]]

 [[173]
  [192]
  [190]
  ...
  [191]
  [193]
  [176]]

 [[174]
  [201]
  [199]
  ...
  [200]
  [202]
  [176]]

 ...

 [[173]
  [199]
  [198]
  ...
  [199]
  [202]
  [176]]

 [[173]
  [191]
  [189]
  ...
  [192]
  [195]
  [176]]

 [[174]
  [185]
  [182]
  ...
  [185]
  [188]
  [177]]]",../MasterDataset/012621_135B_17_RBC_only_chan1_18.png
465,2,"[[[171]
  [179]
  [178]
  ...
  [179]
  [182]
  [173]]

 [[170]
  [184]
  [183]
  ...
  [183]
  [185]
  [172]]

 [[170]
  [194]
  [192]
  ...
  [193]
  [196]
  [172]]

 ...

 [[170]
  [195]
  [192]
  ...
  [192]
  [196]
  [172]]

 [[171]
  [185]
  [184]
  ...
  [184]
  [186]
  [172]]

 [[171]
  [182]
  [181]
  ...
  [179]
  [182]
  [173]]]",../MasterDataset/012621_138B_14_RBC_only_chan1_33.png
466,1,"[[[176]
  [186]
  [184]
  ...
  [186]
  [188]
  [177]]

 [[176]
  [193]
  [190]
  ...
  [191]
  [194]
  [178]]

 [[177]
  [203]
  [201]
  ...
  [202]
  [203]
  [178]]

 ...

 [[177]
  [202]
  [199]
  ...
  [201]
  [204]
  [179]]

 [[179]
  [195]
  [189]
  ...
  [190]
  [194]
  [179]]

 [[180]
  [189]
  [184]
  ...
  [185]
  [188]
  [179]]]",../MasterDataset/012621_85B_7_RBC_only_chan1_72.png
467,1,"[[[173]
  [182]
  [181]
  ...
  [181]
  [183]
  [174]]

 [[172]
  [182]
  [181]
  ...
  [181]
  [182]
  [174]]

 [[173]
  [192]
  [190]
  ...
  [191]
  [193]
  [174]]

 ...

 [[173]
  [191]
  [190]
  ...
  [192]
  [193]
  [175]]

 [[172]
  [181]
  [181]
  ...
  [182]
  [183]
  [174]]

 [[173]
  [182]
  [181]
  ...
  [182]
  [185]
  [174]]]",../MasterDataset/012621_141B_10_wbc_chan1_38.png
468,1,"[[[173]
  [183]
  [181]
  ...
  [183]
  [185]
  [175]]

 [[173]
  [183]
  [181]
  ...
  [183]
  [186]
  [174]]

 [[173]
  [187]
  [185]
  ...
  [187]
  [190]
  [174]]

 ...

 [[173]
  [188]
  [187]
  ...
  [187]
  [190]
  [174]]

 [[173]
  [183]
  [183]
  ...
  [183]
  [186]
  [174]]

 [[173]
  [183]
  [184]
  ...
  [184]
  [185]
  [174]]]",../MasterDataset/012621_135B_17_platelet_cluster_chan1_74.png
469,2,"[[[173]
  [182]
  [181]
  ...
  [181]
  [185]
  [174]]

 [[173]
  [182]
  [181]
  ...
  [182]
  [184]
  [174]]

 [[172]
  [187]
  [185]
  ...
  [186]
  [188]
  [174]]

 ...

 [[173]
  [188]
  [187]
  ...
  [188]
  [191]
  [173]]

 [[173]
  [184]
  [183]
  ...
  [184]
  [187]
  [174]]

 [[175]
  [185]
  [183]
  ...
  [184]
  [186]
  [175]]]",../MasterDataset/012621_141B_10_platelet_cluster_chan1_61.png
470,1,"[[[163]
  [173]
  [170]
  ...
  [170]
  [174]
  [166]]

 [[163]
  [174]
  [172]
  ...
  [172]
  [175]
  [166]]

 [[163]
  [182]
  [180]
  ...
  [180]
  [182]
  [165]]

 ...

 [[167]
  [184]
  [180]
  ...
  [180]
  [183]
  [165]]

 [[167]
  [177]
  [172]
  ...
  [172]
  [176]
  [166]]

 [[169]
  [177]
  [173]
  ...
  [170]
  [176]
  [168]]]",../MasterDataset/012621_121B_1_wbc_chan1_82.png
471,2,"[[[171]
  [179]
  [178]
  ...
  [179]
  [180]
  [172]]

 [[170]
  [187]
  [185]
  ...
  [186]
  [187]
  [172]]

 [[170]
  [196]
  [194]
  ...
  [195]
  [196]
  [171]]

 ...

 [[169]
  [195]
  [193]
  ...
  [193]
  [195]
  [171]]

 [[168]
  [186]
  [185]
  ...
  [185]
  [187]
  [170]]

 [[168]
  [179]
  [179]
  ...
  [179]
  [180]
  [170]]]",../MasterDataset/012621_83B_4_wbc_chan1_3.png
472,2,"[[[173]
  [183]
  [181]
  ...
  [184]
  [185]
  [175]]

 [[172]
  [183]
  [181]
  ...
  [183]
  [186]
  [174]]

 [[173]
  [189]
  [187]
  ...
  [189]
  [191]
  [174]]

 ...

 [[175]
  [191]
  [188]
  ...
  [189]
  [192]
  [176]]

 [[175]
  [186]
  [183]
  ...
  [184]
  [187]
  [177]]

 [[176]
  [185]
  [184]
  ...
  [184]
  [186]
  [177]]]",../MasterDataset/012621_135B_17_platelet_cluster_chan1_65.png
473,2,"[[[163]
  [173]
  [170]
  ...
  [171]
  [174]
  [166]]

 [[163]
  [180]
  [177]
  ...
  [178]
  [180]
  [166]]

 [[163]
  [188]
  [186]
  ...
  [187]
  [188]
  [165]]

 ...

 [[165]
  [188]
  [186]
  ...
  [187]
  [187]
  [162]]

 [[166]
  [181]
  [178]
  ...
  [178]
  [180]
  [164]]

 [[167]
  [176]
  [173]
  ...
  [173]
  [174]
  [163]]]",../MasterDataset/012621_121B_1_RBC_only_chan1_31.png
474,1,"[[[163]
  [173]
  [171]
  ...
  [171]
  [174]
  [166]]

 [[163]
  [183]
  [182]
  ...
  [182]
  [184]
  [165]]

 [[164]
  [186]
  [185]
  ...
  [185]
  [186]
  [165]]

 ...

 [[165]
  [187]
  [185]
  ...
  [186]
  [187]
  [165]]

 [[164]
  [184]
  [181]
  ...
  [181]
  [183]
  [165]]

 [[166]
  [174]
  [170]
  ...
  [170]
  [171]
  [163]]]",../MasterDataset/012621_121B_1_RBC_platelet_chan1_31.png
475,2,"[[[164]
  [173]
  [170]
  ...
  [170]
  [174]
  [166]]

 [[163]
  [174]
  [171]
  ...
  [171]
  [175]
  [166]]

 [[163]
  [178]
  [176]
  ...
  [177]
  [180]
  [166]]

 ...

 [[165]
  [180]
  [178]
  ...
  [177]
  [180]
  [166]]

 [[165]
  [176]
  [173]
  ...
  [172]
  [176]
  [167]]

 [[166]
  [176]
  [174]
  ...
  [173]
  [176]
  [168]]]",../MasterDataset/012621_103B_3_platelet_cluster_chan1_22.png
476,2,"[[[173]
  [185]
  [181]
  ...
  [182]
  [185]
  [177]]

 [[172]
  [185]
  [184]
  ...
  [185]
  [188]
  [176]]

 [[173]
  [198]
  [196]
  ...
  [197]
  [199]
  [175]]

 ...

 [[177]
  [199]
  [196]
  ...
  [197]
  [200]
  [176]]

 [[177]
  [189]
  [185]
  ...
  [186]
  [190]
  [176]]

 [[178]
  [186]
  [184]
  ...
  [185]
  [188]
  [175]]]",../MasterDataset/012621_126B_13_RBC_only_chan1_34.png
477,1,"[[[164]
  [173]
  [170]
  ...
  [170]
  [174]
  [166]]

 [[163]
  [175]
  [173]
  ...
  [173]
  [175]
  [166]]

 [[164]
  [185]
  [184]
  ...
  [184]
  [186]
  [165]]

 ...

 [[163]
  [184]
  [183]
  ...
  [182]
  [185]
  [165]]

 [[163]
  [174]
  [172]
  ...
  [172]
  [175]
  [166]]

 [[164]
  [173]
  [170]
  ...
  [170]
  [174]
  [166]]]",../MasterDataset/012621_121B_1_RBC_only_chan1_27.png
478,1,"[[[178]
  [188]
  [185]
  ...
  [186]
  [189]
  [180]]

 [[178]
  [189]
  [185]
  ...
  [187]
  [190]
  [179]]

 [[177]
  [192]
  [189]
  ...
  [191]
  [194]
  [179]]

 ...

 [[180]
  [195]
  [194]
  ...
  [190]
  [193]
  [179]]

 [[180]
  [191]
  [190]
  ...
  [187]
  [190]
  [179]]

 [[180]
  [191]
  [189]
  ...
  [186]
  [189]
  [180]]]",../MasterDataset/012621_139B_16_platelet_cluster_chan1_1.png
479,2,"[[[166]
  [176]
  [174]
  ...
  [175]
  [177]
  [168]]

 [[165]
  [176]
  [173]
  ...
  [175]
  [178]
  [168]]

 [[166]
  [181]
  [178]
  ...
  [180]
  [183]
  [168]]

 ...

 [[167]
  [183]
  [181]
  ...
  [181]
  [183]
  [170]]

 [[168]
  [179]
  [177]
  ...
  [176]
  [179]
  [171]]

 [[168]
  [179]
  [177]
  ...
  [176]
  [179]
  [170]]]",../MasterDataset/012621_98B_2_platelet_cluster_chan1_43.png
480,1,"[[[171]
  [182]
  [181]
  ...
  [181]
  [183]
  [173]]

 [[171]
  [184]
  [182]
  ...
  [183]
  [184]
  [172]]

 [[171]
  [196]
  [193]
  ...
  [194]
  [196]
  [172]]

 ...

 [[174]
  [197]
  [194]
  ...
  [194]
  [197]
  [175]]

 [[172]
  [185]
  [183]
  ...
  [184]
  [185]
  [174]]

 [[175]
  [185]
  [181]
  ...
  [182]
  [185]
  [174]]]",../MasterDataset/012621_138B_14_RBC_only_chan1_1.png
481,2,"[[[173]
  [183]
  [181]
  ...
  [181]
  [185]
  [177]]

 [[172]
  [183]
  [181]
  ...
  [182]
  [184]
  [176]]

 [[172]
  [188]
  [186]
  ...
  [187]
  [189]
  [175]]

 ...

 [[174]
  [191]
  [188]
  ...
  [189]
  [191]
  [176]]

 [[175]
  [187]
  [184]
  ...
  [184]
  [187]
  [176]]

 [[176]
  [186]
  [184]
  ...
  [184]
  [186]
  [177]]]",../MasterDataset/012621_135B_17_platelet_cluster_chan1_22.png
482,1,"[[[173]
  [185]
  [181]
  ...
  [182]
  [185]
  [177]]

 [[173]
  [189]
  [188]
  ...
  [189]
  [191]
  [176]]

 [[174]
  [200]
  [198]
  ...
  [199]
  [201]
  [176]]

 ...

 [[176]
  [200]
  [196]
  ...
  [197]
  [201]
  [178]]

 [[177]
  [192]
  [187]
  ...
  [188]
  [191]
  [177]]

 [[179]
  [188]
  [181]
  ...
  [182]
  [185]
  [175]]]",../MasterDataset/012621_135B_17_RBC_platelet_chan1_27.png
483,0,"[[[166]
  [176]
  [174]
  ...
  [175]
  [176]
  [168]]

 [[165]
  [176]
  [173]
  ...
  [173]
  [177]
  [167]]

 [[166]
  [186]
  [184]
  ...
  [184]
  [186]
  [167]]

 ...

 [[167]
  [186]
  [182]
  ...
  [184]
  [187]
  [166]]

 [[166]
  [177]
  [172]
  ...
  [175]
  [178]
  [167]]

 [[166]
  [176]
  [173]
  ...
  [175]
  [177]
  [168]]]",../MasterDataset/012621_98B_2_platelet_cluster_chan1_67.png
484,2,"[[[173]
  [183]
  [181]
  ...
  [183]
  [185]
  [175]]

 [[172]
  [185]
  [183]
  ...
  [184]
  [187]
  [174]]

 [[173]
  [197]
  [195]
  ...
  [197]
  [198]
  [175]]

 ...

 [[173]
  [198]
  [195]
  ...
  [197]
  [200]
  [175]]

 [[174]
  [188]
  [185]
  ...
  [185]
  [189]
  [177]]

 [[176]
  [186]
  [185]
  ...
  [184]
  [188]
  [177]]]",../MasterDataset/012621_98B_8_rbc_only_chan1_50.png
485,1,"[[[173]
  [182]
  [181]
  ...
  [181]
  [183]
  [174]]

 [[172]
  [186]
  [185]
  ...
  [185]
  [187]
  [174]]

 [[173]
  [197]
  [195]
  ...
  [196]
  [198]
  [174]]

 ...

 [[173]
  [197]
  [195]
  ...
  [195]
  [198]
  [174]]

 [[172]
  [186]
  [186]
  ...
  [186]
  [189]
  [174]]

 [[173]
  [183]
  [182]
  ...
  [184]
  [186]
  [175]]]",../MasterDataset/012621_141B_10_RBC_only_chan1_17.png
486,2,"[[[164]
  [173]
  [170]
  ...
  [170]
  [174]
  [166]]

 [[163]
  [176]
  [173]
  ...
  [174]
  [177]
  [166]]

 [[163]
  [186]
  [184]
  ...
  [185]
  [187]
  [165]]

 ...

 [[164]
  [187]
  [184]
  ...
  [186]
  [187]
  [166]]

 [[165]
  [177]
  [173]
  ...
  [175]
  [178]
  [166]]

 [[166]
  [174]
  [170]
  ...
  [174]
  [176]
  [166]]]",../MasterDataset/012621_103B_3_rbc_only_chan1_49.png
487,2,"[[[162]
  [173]
  [170]
  ...
  [170]
  [173]
  [163]]

 [[163]
  [181]
  [179]
  ...
  [180]
  [183]
  [164]]

 [[163]
  [186]
  [184]
  ...
  [185]
  [186]
  [163]]

 ...

 [[164]
  [186]
  [183]
  ...
  [184]
  [186]
  [165]]

 [[163]
  [181]
  [179]
  ...
  [180]
  [183]
  [164]]

 [[162]
  [172]
  [169]
  ...
  [172]
  [175]
  [163]]]",../MasterDataset/012621_103B_3_wbc_chan1_4.png
488,1,"[[[173]
  [185]
  [181]
  ...
  [182]
  [185]
  [177]]

 [[173]
  [190]
  [188]
  ...
  [189]
  [192]
  [176]]

 [[174]
  [200]
  [198]
  ...
  [199]
  [201]
  [176]]

 ...

 [[176]
  [200]
  [197]
  ...
  [199]
  [199]
  [172]]

 [[177]
  [192]
  [189]
  ...
  [189]
  [191]
  [173]]

 [[178]
  [186]
  [184]
  ...
  [184]
  [185]
  [175]]]",../MasterDataset/012621_135B_17_RBC_platelet_chan1_44.png
489,2,"[[[170]
  [180]
  [178]
  ...
  [180]
  [182]
  [173]]

 [[170]
  [180]
  [178]
  ...
  [181]
  [181]
  [172]]

 [[170]
  [193]
  [191]
  ...
  [192]
  [194]
  [172]]

 ...

 [[171]
  [194]
  [192]
  ...
  [190]
  [192]
  [172]]

 [[171]
  [182]
  [181]
  ...
  [178]
  [180]
  [171]]

 [[171]
  [182]
  [181]
  ...
  [178]
  [180]
  [172]]]",../MasterDataset/012621_105b_9_rbc_platelet_chan1_29.png
490,1,"[[[162]
  [173]
  [170]
  ...
  [170]
  [174]
  [166]]

 [[162]
  [173]
  [173]
  ...
  [173]
  [177]
  [166]]

 [[163]
  [185]
  [184]
  ...
  [184]
  [187]
  [165]]

 ...

 [[164]
  [186]
  [183]
  ...
  [185]
  [187]
  [166]]

 [[165]
  [176]
  [173]
  ...
  [174]
  [178]
  [166]]

 [[166]
  [174]
  [170]
  ...
  [173]
  [176]
  [166]]]",../MasterDataset/012621_103B_3_rbc_only_chan1_59.png
491,1,"[[[176]
  [186]
  [185]
  ...
  [185]
  [189]
  [180]]

 [[176]
  [188]
  [185]
  ...
  [185]
  [190]
  [179]]

 [[176]
  [200]
  [197]
  ...
  [198]
  [202]
  [179]]

 ...

 [[178]
  [201]
  [199]
  ...
  [196]
  [199]
  [179]]

 [[177]
  [189]
  [187]
  ...
  [184]
  [188]
  [179]]

 [[178]
  [188]
  [187]
  ...
  [184]
  [188]
  [179]]]",../MasterDataset/012621_85B_7_wbc_chan1_30.png
492,1,"[[[173]
  [183]
  [181]
  ...
  [181]
  [185]
  [176]]

 [[172]
  [182]
  [181]
  ...
  [182]
  [183]
  [175]]

 [[173]
  [196]
  [193]
  ...
  [194]
  [196]
  [175]]

 ...

 [[174]
  [197]
  [195]
  ...
  [193]
  [195]
  [175]]

 [[172]
  [183]
  [183]
  ...
  [181]
  [182]
  [173]]

 [[173]
  [185]
  [184]
  ...
  [181]
  [183]
  [174]]]",../MasterDataset/012621_135B_17_wbc_chan1_8.png
493,2,"[[[165]
  [174]
  [170]
  ...
  [173]
  [176]
  [166]]

 [[165]
  [175]
  [171]
  ...
  [173]
  [176]
  [166]]

 [[165]
  [176]
  [173]
  ...
  [174]
  [177]
  [166]]

 ...

 [[165]
  [177]
  [174]
  ...
  [174]
  [177]
  [166]]

 [[166]
  [176]
  [173]
  ...
  [173]
  [176]
  [166]]

 [[166]
  [176]
  [173]
  ...
  [173]
  [176]
  [166]]]",../MasterDataset/012621_121B_1_platelet_cluster_chan1_23.png
494,2,"[[[162]
  [173]
  [170]
  ...
  [170]
  [173]
  [163]]

 [[163]
  [179]
  [177]
  ...
  [178]
  [181]
  [164]]

 [[163]
  [188]
  [186]
  ...
  [187]
  [188]
  [163]]

 ...

 [[163]
  [187]
  [186]
  ...
  [185]
  [188]
  [165]]

 [[160]
  [178]
  [177]
  ...
  [177]
  [180]
  [163]]

 [[161]
  [171]
  [172]
  ...
  [172]
  [173]
  [163]]]",../MasterDataset/012621_103B_3_rbc_platelet_chan1_59.png
495,2,"[[[162]
  [171]
  [169]
  ...
  [170]
  [173]
  [163]]

 [[161]
  [171]
  [170]
  ...
  [170]
  [174]
  [164]]

 [[161]
  [178]
  [176]
  ...
  [177]
  [180]
  [164]]

 ...

 [[161]
  [178]
  [176]
  ...
  [175]
  [178]
  [165]]

 [[162]
  [172]
  [170]
  ...
  [169]
  [171]
  [165]]

 [[162]
  [173]
  [170]
  ...
  [167]
  [173]
  [165]]]",../MasterDataset/012621_103B_3_platelet_cluster_chan1_46.png
496,2,"[[[162]
  [173]
  [170]
  ...
  [170]
  [174]
  [166]]

 [[162]
  [172]
  [170]
  ...
  [171]
  [175]
  [166]]

 [[162]
  [176]
  [175]
  ...
  [176]
  [180]
  [166]]

 ...

 [[165]
  [180]
  [177]
  ...
  [177]
  [180]
  [165]]

 [[165]
  [176]
  [172]
  ...
  [172]
  [176]
  [166]]

 [[166]
  [176]
  [173]
  ...
  [173]
  [176]
  [166]]]",../MasterDataset/012621_121B_1_platelet_cluster_chan1_46.png
497,0,"[[[176]
  [186]
  [185]
  ...
  [185]
  [189]
  [180]]

 [[176]
  [190]
  [187]
  ...
  [188]
  [192]
  [179]]

 [[177]
  [201]
  [199]
  ...
  [201]
  [203]
  [179]]

 ...

 [[179]
  [204]
  [201]
  ...
  [199]
  [201]
  [177]]

 [[181]
  [193]
  [191]
  ...
  [187]
  [191]
  [179]]

 [[182]
  [191]
  [189]
  ...
  [184]
  [188]
  [179]]]",../MasterDataset/012621_139B_16_platelet_cluster_chan1_7.png
498,2,"[[[169]
  [179]
  [177]
  ...
  [178]
  [180]
  [172]]

 [[167]
  [179]
  [178]
  ...
  [178]
  [180]
  [171]]

 [[169]
  [187]
  [186]
  ...
  [186]
  [188]
  [172]]

 ...

 [[171]
  [188]
  [186]
  ...
  [185]
  [188]
  [172]]

 [[172]
  [180]
  [179]
  ...
  [178]
  [180]
  [172]]

 [[173]
  [182]
  [179]
  ...
  [178]
  [182]
  [174]]]",../MasterDataset/012621_83B_4_platelet_cluster_chan1_46.png
499,2,"[[[171]
  [182]
  [180]
  ...
  [181]
  [183]
  [173]]

 [[171]
  [182]
  [181]
  ...
  [181]
  [182]
  [173]]

 [[171]
  [186]
  [184]
  ...
  [185]
  [186]
  [172]]

 ...

 [[172]
  [187]
  [186]
  ...
  [186]
  [187]
  [172]]

 [[173]
  [183]
  [182]
  ...
  [182]
  [183]
  [173]]

 [[173]
  [183]
  [182]
  ...
  [182]
  [183]
  [173]]]",../MasterDataset/012621_138B_14_platelet_cluster_chan1_70.png
500,1,"[[[174]
  [183]
  [182]
  ...
  [184]
  [186]
  [177]]

 [[173]
  [193]
  [191]
  ...
  [193]
  [195]
  [176]]

 [[175]
  [201]
  [198]
  ...
  [199]
  [201]
  [176]]

 ...

 [[177]
  [202]
  [200]
  ...
  [197]
  [198]
  [172]]

 [[176]
  [195]
  [193]
  ...
  [190]
  [191]
  [173]]

 [[176]
  [185]
  [185]
  ...
  [182]
  [184]
  [174]]]",../MasterDataset/012621_98B_8_rbc_platelet_chan1_36.png
501,2,"[[[173]
  [184]
  [182]
  ...
  [183]
  [185]
  [177]]

 [[173]
  [195]
  [193]
  ...
  [194]
  [196]
  [175]]

 [[174]
  [198]
  [196]
  ...
  [197]
  [199]
  [176]]

 ...

 [[175]
  [198]
  [197]
  ...
  [199]
  [199]
  [175]]

 [[175]
  [195]
  [193]
  ...
  [193]
  [195]
  [172]]

 [[176]
  [185]
  [182]
  ...
  [181]
  [183]
  [173]]]",../MasterDataset/012621_126B_13_RBC_only_chan1_76.png
502,2,"[[[173]
  [185]
  [181]
  ...
  [182]
  [185]
  [177]]

 [[172]
  [188]
  [186]
  ...
  [187]
  [190]
  [176]]

 [[173]
  [199]
  [197]
  ...
  [198]
  [200]
  [176]]

 ...

 [[174]
  [199]
  [197]
  ...
  [197]
  [200]
  [177]]

 [[173]
  [190]
  [187]
  ...
  [188]
  [191]
  [177]]

 [[174]
  [185]
  [184]
  ...
  [185]
  [188]
  [177]]]",../MasterDataset/012621_135B_17_RBC_platelet_chan1_49.png
503,2,"[[[162]
  [173]
  [170]
  ...
  [170]
  [173]
  [163]]

 [[162]
  [172]
  [170]
  ...
  [171]
  [174]
  [163]]

 [[162]
  [173]
  [172]
  ...
  [173]
  [176]
  [164]]

 ...

 [[162]
  [174]
  [174]
  ...
  [170]
  [172]
  [161]]

 [[162]
  [173]
  [172]
  ...
  [168]
  [169]
  [161]]

 [[162]
  [173]
  [172]
  ...
  [167]
  [168]
  [161]]]",../MasterDataset/012621_103B_3_platelet_cluster_chan1_38.png
504,2,"[[[173]
  [183]
  [181]
  ...
  [183]
  [185]
  [175]]

 [[173]
  [189]
  [187]
  ...
  [188]
  [191]
  [174]]

 [[174]
  [199]
  [197]
  ...
  [198]
  [200]
  [175]]

 ...

 [[173]
  [198]
  [196]
  ...
  [198]
  [200]
  [175]]

 [[173]
  [188]
  [186]
  ...
  [188]
  [192]
  [177]]

 [[172]
  [181]
  [181]
  ...
  [183]
  [187]
  [179]]]",../MasterDataset/012621_126B_13_RBC_only_chan1_10.png
505,0,"[[[173]
  [183]
  [181]
  ...
  [183]
  [185]
  [175]]

 [[173]
  [186]
  [184]
  ...
  [186]
  [189]
  [174]]

 [[174]
  [198]
  [196]
  ...
  [197]
  [199]
  [175]]

 ...

 [[176]
  [200]
  [198]
  ...
  [195]
  [199]
  [175]]

 [[176]
  [190]
  [188]
  ...
  [185]
  [189]
  [177]]

 [[178]
  [189]
  [186]
  ...
  [182]
  [188]
  [179]]]",../MasterDataset/012621_126B_13_platelet_cluster_chan1_43.png
506,2,"[[[173]
  [182]
  [181]
  ...
  [181]
  [183]
  [174]]

 [[172]
  [182]
  [181]
  ...
  [181]
  [183]
  [174]]

 [[172]
  [187]
  [186]
  ...
  [186]
  [188]
  [174]]

 ...

 [[173]
  [190]
  [187]
  ...
  [187]
  [191]
  [174]]

 [[173]
  [186]
  [183]
  ...
  [183]
  [186]
  [174]]

 [[175]
  [185]
  [183]
  ...
  [183]
  [185]
  [175]]]",../MasterDataset/012621_141B_10_platelet_cluster_chan1_57.png
507,1,"[[[162]
  [173]
  [170]
  ...
  [170]
  [174]
  [166]]

 [[162]
  [171]
  [171]
  ...
  [171]
  [175]
  [166]]

 [[163]
  [183]
  [181]
  ...
  [182]
  [185]
  [165]]

 ...

 [[163]
  [183]
  [181]
  ...
  [182]
  [185]
  [166]]

 [[163]
  [174]
  [170]
  ...
  [171]
  [175]
  [166]]

 [[164]
  [173]
  [170]
  ...
  [170]
  [174]
  [166]]]",../MasterDataset/012621_103B_3_wbc_chan1_59.png
508,0,"[[[176]
  [186]
  [185]
  ...
  [185]
  [189]
  [180]]

 [[176]
  [190]
  [187]
  ...
  [187]
  [192]
  [179]]

 [[177]
  [201]
  [199]
  ...
  [200]
  [203]
  [179]]

 ...

 [[180]
  [202]
  [199]
  ...
  [200]
  [203]
  [179]]

 [[180]
  [192]
  [187]
  ...
  [189]
  [193]
  [179]]

 [[180]
  [189]
  [186]
  ...
  [187]
  [191]
  [180]]]",../MasterDataset/012621_85B_7_platelet_cluster_chan1_76.png
509,1,"[[[173]
  [183]
  [181]
  ...
  [181]
  [185]
  [176]]

 [[173]
  [189]
  [187]
  ...
  [188]
  [190]
  [175]]

 [[174]
  [199]
  [197]
  ...
  [198]
  [200]
  [175]]

 ...

 [[175]
  [199]
  [196]
  ...
  [197]
  [199]
  [172]]

 [[176]
  [191]
  [188]
  ...
  [189]
  [189]
  [173]]

 [[178]
  [185]
  [182]
  ...
  [183]
  [185]
  [174]]]",../MasterDataset/012621_135B_17_RBC_only_chan1_45.png
510,2,"[[[166]
  [176]
  [173]
  ...
  [174]
  [176]
  [168]]

 [[166]
  [181]
  [179]
  ...
  [179]
  [182]
  [167]]

 [[166]
  [190]
  [189]
  ...
  [190]
  [191]
  [166]]

 ...

 [[167]
  [191]
  [188]
  ...
  [189]
  [190]
  [165]]

 [[168]
  [184]
  [180]
  ...
  [181]
  [182]
  [166]]

 [[169]
  [179]
  [175]
  ...
  [175]
  [176]
  [167]]]",../MasterDataset/012621_98B_2_rbc_only_chan1_14.png
511,1,"[[[162]
  [173]
  [170]
  ...
  [170]
  [174]
  [166]]

 [[162]
  [175]
  [174]
  ...
  [175]
  [178]
  [166]]

 [[163]
  [186]
  [185]
  ...
  [185]
  [188]
  [165]]

 ...

 [[163]
  [187]
  [184]
  ...
  [184]
  [186]
  [163]]

 [[165]
  [178]
  [175]
  ...
  [174]
  [177]
  [164]]

 [[165]
  [174]
  [172]
  ...
  [170]
  [173]
  [163]]]",../MasterDataset/012621_121B_1_RBC_platelet_chan1_40.png
512,0,"[[[169]
  [179]
  [177]
  ...
  [178]
  [180]
  [172]]

 [[167]
  [180]
  [178]
  ...
  [179]
  [181]
  [171]]

 [[169]
  [192]
  [190]
  ...
  [191]
  [193]
  [172]]

 ...

 [[171]
  [192]
  [187]
  ...
  [190]
  [191]
  [168]]

 [[171]
  [181]
  [177]
  ...
  [179]
  [180]
  [168]]

 [[171]
  [180]
  [175]
  ...
  [177]
  [179]
  [168]]]",../MasterDataset/012621_83B_4_platelet_cluster_chan1_69.png
513,1,"[[[173]
  [183]
  [181]
  ...
  [183]
  [185]
  [175]]

 [[172]
  [183]
  [181]
  ...
  [183]
  [186]
  [174]]

 [[173]
  [193]
  [191]
  ...
  [192]
  [194]
  [175]]

 ...

 [[173]
  [194]
  [192]
  ...
  [193]
  [195]
  [175]]

 [[172]
  [183]
  [183]
  ...
  [184]
  [187]
  [176]]

 [[173]
  [185]
  [183]
  ...
  [185]
  [186]
  [177]]]",../MasterDataset/012621_98B_8_rbc_only_chan1_11.png
514,1,"[[[173]
  [183]
  [181]
  ...
  [183]
  [185]
  [175]]

 [[173]
  [189]
  [187]
  ...
  [188]
  [191]
  [174]]

 [[174]
  [199]
  [197]
  ...
  [198]
  [200]
  [175]]

 ...

 [[173]
  [198]
  [196]
  ...
  [198]
  [200]
  [175]]

 [[173]
  [188]
  [186]
  ...
  [188]
  [192]
  [177]]

 [[172]
  [181]
  [181]
  ...
  [183]
  [187]
  [179]]]",../MasterDataset/012621_135B_17_RBC_platelet_chan1_24.png
515,2,"[[[175]
  [183]
  [182]
  ...
  [184]
  [186]
  [177]]

 [[173]
  [185]
  [184]
  ...
  [186]
  [189]
  [176]]

 [[174]
  [198]
  [196]
  ...
  [198]
  [199]
  [175]]

 ...

 [[177]
  [200]
  [196]
  ...
  [198]
  [201]
  [178]]

 [[177]
  [190]
  [185]
  ...
  [186]
  [191]
  [177]]

 [[178]
  [188]
  [184]
  ...
  [185]
  [188]
  [177]]]",../MasterDataset/012621_98B_8_rbc_platelet_chan1_8.png
516,2,"[[[173]
  [185]
  [181]
  ...
  [182]
  [185]
  [177]]

 [[172]
  [186]
  [185]
  ...
  [186]
  [189]
  [176]]

 [[173]
  [199]
  [196]
  ...
  [197]
  [200]
  [176]]

 ...

 [[174]
  [198]
  [196]
  ...
  [195]
  [196]
  [172]]

 [[172]
  [186]
  [185]
  ...
  [185]
  [185]
  [172]]

 [[173]
  [185]
  [181]
  ...
  [182]
  [183]
  [173]]]",../MasterDataset/012621_126B_13_RBC_only_chan1_59.png
517,2,"[[[176]
  [186]
  [185]
  ...
  [185]
  [189]
  [180]]

 [[176]
  [188]
  [185]
  ...
  [185]
  [190]
  [179]]

 [[176]
  [199]
  [197]
  ...
  [198]
  [201]
  [179]]

 ...

 [[177]
  [199]
  [196]
  ...
  [198]
  [200]
  [179]]

 [[177]
  [189]
  [185]
  ...
  [187]
  [190]
  [179]]

 [[178]
  [188]
  [186]
  ...
  [186]
  [189]
  [180]]]",../MasterDataset/012621_139B_16_platelet_cluster_chan1_4.png
518,2,"[[[174]
  [185]
  [182]
  ...
  [184]
  [188]
  [177]]

 [[174]
  [196]
  [194]
  ...
  [195]
  [198]
  [178]]

 [[175]
  [199]
  [197]
  ...
  [198]
  [200]
  [177]]

 ...

 [[176]
  [199]
  [198]
  ...
  [200]
  [200]
  [176]]

 [[176]
  [197]
  [194]
  ...
  [194]
  [196]
  [175]]

 [[178]
  [186]
  [183]
  ...
  [182]
  [184]
  [174]]]",../MasterDataset/012621_99B_RBC_only_chan1_37.png
519,1,"[[[171]
  [179]
  [177]
  ...
  [179]
  [180]
  [172]]

 [[170]
  [187]
  [185]
  ...
  [186]
  [187]
  [172]]

 [[170]
  [196]
  [194]
  ...
  [195]
  [196]
  [172]]

 ...

 [[170]
  [194]
  [193]
  ...
  [192]
  [193]
  [169]]

 [[169]
  [186]
  [184]
  ...
  [184]
  [186]
  [170]]

 [[170]
  [180]
  [178]
  ...
  [178]
  [180]
  [172]]]",../MasterDataset/012621_83B_4_platelet_RBC_chan1_34.png
520,2,"[[[175]
  [183]
  [182]
  ...
  [184]
  [186]
  [177]]

 [[173]
  [183]
  [182]
  ...
  [184]
  [187]
  [176]]

 [[173]
  [190]
  [189]
  ...
  [190]
  [193]
  [176]]

 ...

 [[173]
  [190]
  [187]
  ...
  [190]
  [193]
  [176]]

 [[173]
  [184]
  [182]
  ...
  [183]
  [187]
  [176]]

 [[175]
  [185]
  [182]
  ...
  [184]
  [186]
  [177]]]",../MasterDataset/012621_99B_platelet_cluster_chan1_34.png
521,0,"[[[173]
  [183]
  [181]
  ...
  [183]
  [185]
  [175]]

 [[172]
  [184]
  [182]
  ...
  [183]
  [186]
  [174]]

 [[173]
  [196]
  [194]
  ...
  [196]
  [197]
  [175]]

 ...

 [[173]
  [196]
  [194]
  ...
  [193]
  [196]
  [175]]

 [[172]
  [184]
  [183]
  ...
  [182]
  [184]
  [175]]

 [[173]
  [185]
  [182]
  ...
  [181]
  [185]
  [176]]]",../MasterDataset/012621_98B_8_platelet_cluster_chan1_71.png
522,1,"[[[162]
  [173]
  [170]
  ...
  [170]
  [174]
  [166]]

 [[162]
  [172]
  [171]
  ...
  [172]
  [176]
  [166]]

 [[163]
  [185]
  [183]
  ...
  [183]
  [186]
  [165]]

 ...

 [[163]
  [185]
  [182]
  ...
  [184]
  [185]
  [164]]

 [[165]
  [176]
  [171]
  ...
  [174]
  [175]
  [163]]

 [[166]
  [174]
  [170]
  ...
  [174]
  [173]
  [163]]]",../MasterDataset/012621_121B_1_wbc_chan1_34.png
523,0,"[[[176]
  [186]
  [184]
  ...
  [186]
  [188]
  [177]]

 [[175]
  [188]
  [185]
  ...
  [185]
  [189]
  [178]]

 [[177]
  [200]
  [197]
  ...
  [199]
  [201]
  [178]]

 ...

 [[178]
  [200]
  [199]
  ...
  [198]
  [200]
  [176]]

 [[177]
  [189]
  [188]
  ...
  [186]
  [189]
  [177]]

 [[178]
  [188]
  [186]
  ...
  [186]
  [188]
  [177]]]",../MasterDataset/012621_85B_7_platelet_cluster_chan1_21.png
524,2,"[[[162]
  [173]
  [170]
  ...
  [170]
  [173]
  [163]]

 [[162]
  [177]
  [176]
  ...
  [176]
  [179]
  [164]]

 [[163]
  [187]
  [186]
  ...
  [186]
  [187]
  [163]]

 ...

 [[163]
  [187]
  [184]
  ...
  [184]
  [186]
  [162]]

 [[163]
  [179]
  [176]
  ...
  [176]
  [177]
  [162]]

 [[163]
  [173]
  [170]
  ...
  [172]
  [173]
  [163]]]",../MasterDataset/012621_103B_3_rbc_platelet_chan1_43.png
525,2,"[[[173]
  [183]
  [181]
  ...
  [181]
  [185]
  [174]]

 [[172]
  [182]
  [181]
  ...
  [182]
  [184]
  [174]]

 [[173]
  [190]
  [187]
  ...
  [189]
  [190]
  [174]]

 ...

 [[173]
  [190]
  [188]
  ...
  [187]
  [189]
  [174]]

 [[172]
  [184]
  [182]
  ...
  [181]
  [182]
  [174]]

 [[173]
  [185]
  [182]
  ...
  [181]
  [183]
  [174]]]",../MasterDataset/012621_139B_16_platelet_cluster_chan1_74.png
526,2,"[[[163]
  [173]
  [170]
  ...
  [170]
  [174]
  [166]]

 [[163]
  [174]
  [172]
  ...
  [172]
  [175]
  [166]]

 [[163]
  [180]
  [179]
  ...
  [179]
  [181]
  [165]]

 ...

 [[167]
  [182]
  [180]
  ...
  [179]
  [181]
  [167]]

 [[168]
  [176]
  [173]
  ...
  [173]
  [175]
  [167]]

 [[169]
  [177]
  [173]
  ...
  [173]
  [176]
  [168]]]",../MasterDataset/012621_121B_1_platelet_cluster_chan1_14.png
527,1,"[[[166]
  [176]
  [173]
  ...
  [174]
  [176]
  [168]]

 [[166]
  [182]
  [180]
  ...
  [180]
  [183]
  [167]]

 [[166]
  [191]
  [189]
  ...
  [190]
  [192]
  [166]]

 ...

 [[166]
  [190]
  [188]
  ...
  [188]
  [189]
  [163]]

 [[166]
  [183]
  [180]
  ...
  [180]
  [182]
  [166]]

 [[166]
  [176]
  [174]
  ...
  [174]
  [177]
  [168]]]",../MasterDataset/012621_98B_2_rbc_platelet_chan1_49.png
528,2,"[[[170]
  [182]
  [179]
  ...
  [180]
  [182]
  [173]]

 [[170]
  [185]
  [183]
  ...
  [184]
  [185]
  [172]]

 [[170]
  [196]
  [193]
  ...
  [194]
  [196]
  [172]]

 ...

 [[170]
  [195]
  [193]
  ...
  [193]
  [196]
  [172]]

 [[171]
  [185]
  [184]
  ...
  [185]
  [186]
  [172]]

 [[171]
  [182]
  [180]
  ...
  [182]
  [183]
  [173]]]",../MasterDataset/012621_138B_14_wbc_chan1_5.png
529,1,"[[[176]
  [186]
  [184]
  ...
  [187]
  [188]
  [177]]

 [[176]
  [188]
  [184]
  ...
  [185]
  [189]
  [178]]

 [[177]
  [198]
  [195]
  ...
  [197]
  [199]
  [178]]

 ...

 [[177]
  [198]
  [195]
  ...
  [197]
  [199]
  [178]]

 [[177]
  [188]
  [184]
  ...
  [187]
  [190]
  [179]]

 [[178]
  [188]
  [185]
  ...
  [187]
  [189]
  [180]]]",../MasterDataset/012621_85B_7_wbc_chan1_37.png
530,2,"[[[162]
  [173]
  [170]
  ...
  [170]
  [174]
  [166]]

 [[162]
  [172]
  [170]
  ...
  [171]
  [175]
  [166]]

 [[162]
  [176]
  [175]
  ...
  [176]
  [180]
  [166]]

 ...

 [[165]
  [180]
  [177]
  ...
  [177]
  [180]
  [165]]

 [[165]
  [176]
  [172]
  ...
  [172]
  [176]
  [166]]

 [[166]
  [176]
  [173]
  ...
  [173]
  [176]
  [166]]]",../MasterDataset/012621_103B_3_platelet_cluster_chan1_72.png
531,1,"[[[162]
  [173]
  [170]
  ...
  [170]
  [173]
  [163]]

 [[162]
  [175]
  [174]
  ...
  [175]
  [177]
  [164]]

 [[163]
  [186]
  [184]
  ...
  [185]
  [187]
  [163]]

 ...

 [[163]
  [186]
  [183]
  ...
  [184]
  [185]
  [163]]

 [[163]
  [177]
  [174]
  ...
  [174]
  [175]
  [164]]

 [[163]
  [173]
  [170]
  ...
  [170]
  [173]
  [163]]]",../MasterDataset/012621_121B_1_RBC_platelet_chan1_54.png
532,1,"[[[173]
  [185]
  [181]
  ...
  [182]
  [185]
  [177]]

 [[172]
  [183]
  [182]
  ...
  [183]
  [186]
  [176]]

 [[173]
  [196]
  [194]
  ...
  [195]
  [197]
  [175]]

 ...

 [[176]
  [197]
  [195]
  ...
  [195]
  [196]
  [175]]

 [[177]
  [188]
  [183]
  ...
  [183]
  [186]
  [174]]

 [[178]
  [188]
  [184]
  ...
  [184]
  [185]
  [175]]]",../MasterDataset/012621_126B_13_wbc_chan1_57.png
533,2,"[[[162]
  [173]
  [170]
  ...
  [170]
  [174]
  [166]]

 [[162]
  [177]
  [176]
  ...
  [177]
  [180]
  [166]]

 [[163]
  [187]
  [186]
  ...
  [186]
  [188]
  [165]]

 ...

 [[165]
  [187]
  [184]
  ...
  [185]
  [186]
  [162]]

 [[165]
  [179]
  [176]
  ...
  [176]
  [177]
  [162]]

 [[165]
  [173]
  [170]
  ...
  [172]
  [173]
  [161]]]",../MasterDataset/012621_121B_1_RBC_only_chan1_58.png
534,2,"[[[173]
  [183]
  [181]
  ...
  [181]
  [185]
  [177]]

 [[173]
  [182]
  [181]
  ...
  [182]
  [184]
  [176]]

 [[172]
  [187]
  [186]
  ...
  [187]
  [188]
  [175]]

 ...

 [[173]
  [188]
  [187]
  ...
  [189]
  [191]
  [176]]

 [[173]
  [184]
  [183]
  ...
  [184]
  [187]
  [177]]

 [[175]
  [185]
  [183]
  ...
  [185]
  [186]
  [177]]]",../MasterDataset/012621_135B_17_platelet_cluster_chan1_91.png
535,2,"[[[162]
  [173]
  [170]
  ...
  [170]
  [173]
  [163]]

 [[162]
  [172]
  [170]
  ...
  [170]
  [174]
  [163]]

 [[162]
  [173]
  [171]
  ...
  [172]
  [175]
  [164]]

 ...

 [[165]
  [176]
  [173]
  ...
  [173]
  [175]
  [164]]

 [[165]
  [175]
  [171]
  ...
  [171]
  [174]
  [163]]

 [[165]
  [174]
  [170]
  ...
  [170]
  [173]
  [163]]]",../MasterDataset/012621_103B_3_platelet_cluster_chan1_70.png
536,2,"[[[166]
  [176]
  [173]
  ...
  [174]
  [176]
  [168]]

 [[165]
  [176]
  [173]
  ...
  [173]
  [177]
  [167]]

 [[166]
  [182]
  [179]
  ...
  [180]
  [183]
  [167]]

 ...

 [[164]
  [182]
  [179]
  ...
  [179]
  [183]
  [167]]

 [[165]
  [176]
  [173]
  ...
  [172]
  [177]
  [167]]

 [[166]
  [176]
  [174]
  ...
  [173]
  [176]
  [168]]]",../MasterDataset/012621_98B_2_platelet_cluster_chan1_26.png
537,0,"[[[167]
  [177]
  [176]
  ...
  [177]
  [179]
  [170]]

 [[167]
  [179]
  [178]
  ...
  [179]
  [180]
  [171]]

 [[168]
  [191]
  [189]
  ...
  [190]
  [192]
  [170]]

 ...

 [[167]
  [190]
  [187]
  ...
  [189]
  [191]
  [169]]

 [[167]
  [179]
  [177]
  ...
  [179]
  [180]
  [170]]

 [[166]
  [177]
  [176]
  ...
  [178]
  [180]
  [170]]]",../MasterDataset/012621_83B_4_platelet_cluster_chan1_32.png
538,2,"[[[162]
  [173]
  [170]
  ...
  [171]
  [174]
  [166]]

 [[163]
  [181]
  [180]
  ...
  [180]
  [184]
  [165]]

 [[163]
  [186]
  [184]
  ...
  [185]
  [187]
  [165]]

 ...

 [[166]
  [187]
  [184]
  ...
  [185]
  [186]
  [165]]

 [[163]
  [183]
  [180]
  ...
  [181]
  [183]
  [164]]

 [[163]
  [173]
  [170]
  ...
  [173]
  [175]
  [163]]]",../MasterDataset/012621_121B_1_RBC_only_chan1_14.png
539,1,"[[[173]
  [185]
  [181]
  ...
  [182]
  [185]
  [177]]

 [[173]
  [188]
  [186]
  ...
  [188]
  [190]
  [176]]

 [[174]
  [199]
  [197]
  ...
  [198]
  [200]
  [176]]

 ...

 [[175]
  [199]
  [196]
  ...
  [197]
  [200]
  [176]]

 [[176]
  [190]
  [185]
  ...
  [187]
  [190]
  [176]]

 [[178]
  [185]
  [181]
  ...
  [182]
  [185]
  [177]]]",../MasterDataset/012621_135B_17_RBC_platelet_chan1_21.png
540,0,"[[[176]
  [186]
  [182]
  ...
  [184]
  [188]
  [177]]

 [[175]
  [188]
  [184]
  ...
  [186]
  [189]
  [177]]

 [[176]
  [200]
  [197]
  ...
  [198]
  [200]
  [177]]

 ...

 [[174]
  [198]
  [195]
  ...
  [198]
  [200]
  [175]]

 [[172]
  [187]
  [184]
  ...
  [186]
  [189]
  [177]]

 [[173]
  [185]
  [183]
  ...
  [186]
  [188]
  [177]]]",../MasterDataset/012621_99B_platelet_cluster_chan1_48.png
541,2,"[[[162]
  [173]
  [170]
  ...
  [170]
  [173]
  [163]]

 [[162]
  [172]
  [170]
  ...
  [171]
  [172]
  [164]]

 [[162]
  [176]
  [175]
  ...
  [176]
  [177]
  [164]]

 ...

 [[164]
  [179]
  [176]
  ...
  [176]
  [179]
  [164]]

 [[165]
  [175]
  [172]
  ...
  [171]
  [175]
  [164]]

 [[165]
  [174]
  [172]
  ...
  [170]
  [174]
  [163]]]",../MasterDataset/012621_103B_3_platelet_cluster_chan1_73.png
542,0,"[[[168]
  [179]
  [176]
  ...
  [178]
  [179]
  [170]]

 [[168]
  [184]
  [182]
  ...
  [183]
  [184]
  [170]]

 [[169]
  [193]
  [191]
  ...
  [193]
  [194]
  [169]]

 ...

 [[169]
  [193]
  [191]
  ...
  [192]
  [194]
  [170]]

 [[168]
  [184]
  [181]
  ...
  [184]
  [185]
  [172]]

 [[168]
  [178]
  [177]
  ...
  [179]
  [181]
  [173]]]",../MasterDataset/012621_83B_4_platelet_cluster_chan1_73.png
543,1,"[[[162]
  [173]
  [170]
  ...
  [170]
  [174]
  [166]]

 [[162]
  [178]
  [177]
  ...
  [177]
  [180]
  [166]]

 [[163]
  [187]
  [186]
  ...
  [186]
  [188]
  [165]]

 ...

 [[165]
  [188]
  [185]
  ...
  [186]
  [187]
  [162]]

 [[166]
  [181]
  [177]
  ...
  [178]
  [180]
  [164]]

 [[167]
  [176]
  [172]
  ...
  [173]
  [174]
  [163]]]",../MasterDataset/012621_121B_1_RBC_platelet_chan1_55.png
544,2,"[[[173]
  [182]
  [181]
  ...
  [181]
  [185]
  [174]]

 [[173]
  [182]
  [181]
  ...
  [182]
  [184]
  [174]]

 [[172]
  [187]
  [185]
  ...
  [186]
  [188]
  [174]]

 ...

 [[173]
  [188]
  [187]
  ...
  [188]
  [191]
  [173]]

 [[173]
  [184]
  [183]
  ...
  [184]
  [187]
  [174]]

 [[175]
  [185]
  [183]
  ...
  [184]
  [186]
  [175]]]",../MasterDataset/012621_141B_10_platelet_cluster_chan1_33.png
545,1,"[[[168]
  [179]
  [176]
  ...
  [178]
  [179]
  [171]]

 [[169]
  [190]
  [189]
  ...
  [190]
  [191]
  [170]]

 [[168]
  [189]
  [187]
  ...
  [189]
  [190]
  [170]]

 ...

 [[168]
  [189]
  [186]
  ...
  [187]
  [189]
  [169]]

 [[169]
  [190]
  [188]
  ...
  [190]
  [193]
  [172]]

 [[168]
  [178]
  [176]
  ...
  [180]
  [181]
  [174]]]",../MasterDataset/012621_83B_4_platelet_RBC_chan1_14.png
546,1,"[[[173]
  [182]
  [181]
  ...
  [181]
  [185]
  [174]]

 [[172]
  [182]
  [181]
  ...
  [182]
  [183]
  [173]]

 [[173]
  [194]
  [192]
  ...
  [193]
  [195]
  [174]]

 ...

 [[176]
  [196]
  [193]
  ...
  [194]
  [195]
  [175]]

 [[177]
  [187]
  [183]
  ...
  [182]
  [183]
  [173]]

 [[178]
  [186]
  [184]
  ...
  [183]
  [185]
  [174]]]",../MasterDataset/012621_138B_14_wbc_chan1_29.png
547,0,"[[[176]
  [186]
  [185]
  ...
  [185]
  [189]
  [180]]

 [[176]
  [189]
  [186]
  ...
  [187]
  [191]
  [179]]

 [[177]
  [201]
  [199]
  ...
  [200]
  [203]
  [179]]

 ...

 [[176]
  [200]
  [197]
  ...
  [199]
  [201]
  [178]]

 [[175]
  [188]
  [185]
  ...
  [189]
  [191]
  [179]]

 [[176]
  [186]
  [185]
  ...
  [188]
  [189]
  [180]]]",../MasterDataset/012621_85B_7_platelet_cluster_chan1_80.png
548,0,"[[[173]
  [182]
  [181]
  ...
  [181]
  [183]
  [174]]

 [[172]
  [184]
  [183]
  ...
  [183]
  [184]
  [174]]

 [[173]
  [196]
  [194]
  ...
  [195]
  [197]
  [175]]

 ...

 [[174]
  [197]
  [194]
  ...
  [195]
  [198]
  [175]]

 [[172]
  [185]
  [183]
  ...
  [184]
  [188]
  [174]]

 [[175]
  [185]
  [181]
  ...
  [184]
  [185]
  [174]]]",../MasterDataset/012621_138B_14_platelet_cluster_chan1_68.png
549,2,"[[[170]
  [182]
  [179]
  ...
  [180]
  [182]
  [173]]

 [[170]
  [181]
  [179]
  ...
  [181]
  [181]
  [172]]

 [[170]
  [188]
  [185]
  ...
  [186]
  [188]
  [172]]

 ...

 [[170]
  [186]
  [184]
  ...
  [186]
  [187]
  [172]]

 [[171]
  [181]
  [178]
  ...
  [181]
  [181]
  [172]]

 [[171]
  [182]
  [178]
  ...
  [180]
  [182]
  [173]]]",../MasterDataset/012621_105b_9_platelet_cluster_chan1_69.png
550,2,"[[[168]
  [179]
  [175]
  ...
  [178]
  [179]
  [170]]

 [[167]
  [179]
  [176]
  ...
  [178]
  [179]
  [171]]

 [[169]
  [188]
  [187]
  ...
  [188]
  [189]
  [170]]

 ...

 [[170]
  [189]
  [186]
  ...
  [187]
  [188]
  [168]]

 [[170]
  [179]
  [177]
  ...
  [178]
  [179]
  [168]]

 [[171]
  [180]
  [178]
  ...
  [177]
  [177]
  [168]]]",../MasterDataset/012621_83B_4_platelet_cluster_chan1_2.png
