,chan2,chan3,chan7,chan11
0,../MasterDataset/012621_103B_3_platelet_cluster_chan2_1.png,../MasterDataset/012621_103B_3_platelet_cluster_chan3_1.png,../MasterDataset/012621_103B_3_platelet_cluster_chan7_1.png,../MasterDataset/012621_103B_3_platelet_cluster_chan11_1.png
1,../MasterDataset/012621_103B_3_platelet_cluster_chan2_10.png,../MasterDataset/012621_103B_3_platelet_cluster_chan3_10.png,../MasterDataset/012621_103B_3_platelet_cluster_chan7_10.png,../MasterDataset/012621_103B_3_platelet_cluster_chan11_10.png
2,../MasterDataset/012621_103B_3_platelet_cluster_chan2_11.png,../MasterDataset/012621_103B_3_platelet_cluster_chan3_11.png,../MasterDataset/012621_103B_3_platelet_cluster_chan7_11.png,../MasterDataset/012621_103B_3_platelet_cluster_chan11_11.png
3,../MasterDataset/012621_103B_3_platelet_cluster_chan2_12.png,../MasterDataset/012621_103B_3_platelet_cluster_chan3_12.png,../MasterDataset/012621_103B_3_platelet_cluster_chan7_12.png,../MasterDataset/012621_103B_3_platelet_cluster_chan11_12.png
4,../MasterDataset/012621_103B_3_platelet_cluster_chan2_13.png,../MasterDataset/012621_103B_3_platelet_cluster_chan3_13.png,../MasterDataset/012621_103B_3_platelet_cluster_chan7_13.png,../MasterDataset/012621_103B_3_platelet_cluster_chan11_13.png
5,../MasterDataset/012621_103B_3_platelet_cluster_chan2_15.png,../MasterDataset/012621_103B_3_platelet_cluster_chan3_15.png,../MasterDataset/012621_103B_3_platelet_cluster_chan7_15.png,../MasterDataset/012621_103B_3_platelet_cluster_chan11_15.png
6,../MasterDataset/012621_103B_3_platelet_cluster_chan2_16.png,../MasterDataset/012621_103B_3_platelet_cluster_chan3_16.png,../MasterDataset/012621_103B_3_platelet_cluster_chan7_16.png,../MasterDataset/012621_103B_3_platelet_cluster_chan11_16.png
7,../MasterDataset/012621_103B_3_platelet_cluster_chan2_19.png,../MasterDataset/012621_103B_3_platelet_cluster_chan3_19.png,../MasterDataset/012621_103B_3_platelet_cluster_chan7_19.png,../MasterDataset/012621_103B_3_platelet_cluster_chan11_19.png
8,../MasterDataset/012621_103B_3_platelet_cluster_chan2_20.png,../MasterDataset/012621_103B_3_platelet_cluster_chan3_20.png,../MasterDataset/012621_103B_3_platelet_cluster_chan7_20.png,../MasterDataset/012621_103B_3_platelet_cluster_chan11_20.png
9,../MasterDataset/012621_103B_3_platelet_cluster_chan2_21.png,../MasterDataset/012621_103B_3_platelet_cluster_chan3_21.png,../MasterDataset/012621_103B_3_platelet_cluster_chan7_21.png,../MasterDataset/012621_103B_3_platelet_cluster_chan11_21.png
10,../MasterDataset/012621_103B_3_platelet_cluster_chan2_23.png,../MasterDataset/012621_103B_3_platelet_cluster_chan3_23.png,../MasterDataset/012621_103B_3_platelet_cluster_chan7_23.png,../MasterDataset/012621_103B_3_platelet_cluster_chan11_23.png
11,../MasterDataset/012621_103B_3_platelet_cluster_chan2_24.png,../MasterDataset/012621_103B_3_platelet_cluster_chan3_24.png,../MasterDataset/012621_103B_3_platelet_cluster_chan7_24.png,../MasterDataset/012621_103B_3_platelet_cluster_chan11_24.png
12,../MasterDataset/012621_103B_3_platelet_cluster_chan2_26.png,../MasterDataset/012621_103B_3_platelet_cluster_chan3_26.png,../MasterDataset/012621_103B_3_platelet_cluster_chan7_26.png,../MasterDataset/012621_103B_3_platelet_cluster_chan11_26.png
13,../MasterDataset/012621_103B_3_platelet_cluster_chan2_27.png,../MasterDataset/012621_103B_3_platelet_cluster_chan3_27.png,../MasterDataset/012621_103B_3_platelet_cluster_chan7_27.png,../MasterDataset/012621_103B_3_platelet_cluster_chan11_27.png
14,../MasterDataset/012621_103B_3_platelet_cluster_chan2_28.png,../MasterDataset/012621_103B_3_platelet_cluster_chan3_28.png,../MasterDataset/012621_103B_3_platelet_cluster_chan7_28.png,../MasterDataset/012621_103B_3_platelet_cluster_chan11_28.png
15,../MasterDataset/012621_103B_3_platelet_cluster_chan2_3.png,../MasterDataset/012621_103B_3_platelet_cluster_chan3_3.png,../MasterDataset/012621_103B_3_platelet_cluster_chan7_3.png,../MasterDataset/012621_103B_3_platelet_cluster_chan11_3.png
16,../MasterDataset/012621_103B_3_platelet_cluster_chan2_30.png,../MasterDataset/012621_103B_3_platelet_cluster_chan3_30.png,../MasterDataset/012621_103B_3_platelet_cluster_chan7_30.png,../MasterDataset/012621_103B_3_platelet_cluster_chan11_30.png
17,../MasterDataset/012621_103B_3_platelet_cluster_chan2_32.png,../MasterDataset/012621_103B_3_platelet_cluster_chan3_32.png,../MasterDataset/012621_103B_3_platelet_cluster_chan7_32.png,../MasterDataset/012621_103B_3_platelet_cluster_chan11_32.png
18,../MasterDataset/012621_103B_3_platelet_cluster_chan2_33.png,../MasterDataset/012621_103B_3_platelet_cluster_chan3_33.png,../MasterDataset/012621_103B_3_platelet_cluster_chan7_33.png,../MasterDataset/012621_103B_3_platelet_cluster_chan11_33.png
19,../MasterDataset/012621_103B_3_platelet_cluster_chan2_35.png,../MasterDataset/012621_103B_3_platelet_cluster_chan3_35.png,../MasterDataset/012621_103B_3_platelet_cluster_chan7_35.png,../MasterDataset/012621_103B_3_platelet_cluster_chan11_35.png
20,../MasterDataset/012621_103B_3_platelet_cluster_chan2_36.png,../MasterDataset/012621_103B_3_platelet_cluster_chan3_36.png,../MasterDataset/012621_103B_3_platelet_cluster_chan7_36.png,../MasterDataset/012621_103B_3_platelet_cluster_chan11_36.png
21,../MasterDataset/012621_103B_3_platelet_cluster_chan2_39.png,../MasterDataset/012621_103B_3_platelet_cluster_chan3_39.png,../MasterDataset/012621_103B_3_platelet_cluster_chan7_39.png,../MasterDataset/012621_103B_3_platelet_cluster_chan11_39.png
22,../MasterDataset/012621_103B_3_platelet_cluster_chan2_40.png,../MasterDataset/012621_103B_3_platelet_cluster_chan3_40.png,../MasterDataset/012621_103B_3_platelet_cluster_chan7_40.png,../MasterDataset/012621_103B_3_platelet_cluster_chan11_40.png
23,../MasterDataset/012621_103B_3_platelet_cluster_chan2_41.png,../MasterDataset/012621_103B_3_platelet_cluster_chan3_41.png,../MasterDataset/012621_103B_3_platelet_cluster_chan7_41.png,../MasterDataset/012621_103B_3_platelet_cluster_chan11_41.png
24,../MasterDataset/012621_103B_3_platelet_cluster_chan2_44.png,../MasterDataset/012621_103B_3_platelet_cluster_chan3_44.png,../MasterDataset/012621_103B_3_platelet_cluster_chan7_44.png,../MasterDataset/012621_103B_3_platelet_cluster_chan11_44.png
25,../MasterDataset/012621_103B_3_platelet_cluster_chan2_45.png,../MasterDataset/012621_103B_3_platelet_cluster_chan3_45.png,../MasterDataset/012621_103B_3_platelet_cluster_chan7_45.png,../MasterDataset/012621_103B_3_platelet_cluster_chan11_45.png
26,../MasterDataset/012621_103B_3_platelet_cluster_chan2_47.png,../MasterDataset/012621_103B_3_platelet_cluster_chan3_47.png,../MasterDataset/012621_103B_3_platelet_cluster_chan7_47.png,../MasterDataset/012621_103B_3_platelet_cluster_chan11_47.png
27,../MasterDataset/012621_103B_3_platelet_cluster_chan2_48.png,../MasterDataset/012621_103B_3_platelet_cluster_chan3_48.png,../MasterDataset/012621_103B_3_platelet_cluster_chan7_48.png,../MasterDataset/012621_103B_3_platelet_cluster_chan11_48.png
28,../MasterDataset/012621_103B_3_platelet_cluster_chan2_49.png,../MasterDataset/012621_103B_3_platelet_cluster_chan3_49.png,../MasterDataset/012621_103B_3_platelet_cluster_chan7_49.png,../MasterDataset/012621_103B_3_platelet_cluster_chan11_49.png
29,../MasterDataset/012621_103B_3_platelet_cluster_chan2_5.png,../MasterDataset/012621_103B_3_platelet_cluster_chan3_5.png,../MasterDataset/012621_103B_3_platelet_cluster_chan7_5.png,../MasterDataset/012621_103B_3_platelet_cluster_chan11_5.png
30,../MasterDataset/012621_103B_3_platelet_cluster_chan2_50.png,../MasterDataset/012621_103B_3_platelet_cluster_chan3_50.png,../MasterDataset/012621_103B_3_platelet_cluster_chan7_50.png,../MasterDataset/012621_103B_3_platelet_cluster_chan11_50.png
31,../MasterDataset/012621_103B_3_platelet_cluster_chan2_51.png,../MasterDataset/012621_103B_3_platelet_cluster_chan3_51.png,../MasterDataset/012621_103B_3_platelet_cluster_chan7_51.png,../MasterDataset/012621_103B_3_platelet_cluster_chan11_51.png
32,../MasterDataset/012621_103B_3_platelet_cluster_chan2_52.png,../MasterDataset/012621_103B_3_platelet_cluster_chan3_52.png,../MasterDataset/012621_103B_3_platelet_cluster_chan7_52.png,../MasterDataset/012621_103B_3_platelet_cluster_chan11_52.png
33,../MasterDataset/012621_103B_3_platelet_cluster_chan2_56.png,../MasterDataset/012621_103B_3_platelet_cluster_chan3_56.png,../MasterDataset/012621_103B_3_platelet_cluster_chan7_56.png,../MasterDataset/012621_103B_3_platelet_cluster_chan11_56.png
34,../MasterDataset/012621_103B_3_platelet_cluster_chan2_57.png,../MasterDataset/012621_103B_3_platelet_cluster_chan3_57.png,../MasterDataset/012621_103B_3_platelet_cluster_chan7_57.png,../MasterDataset/012621_103B_3_platelet_cluster_chan11_57.png
35,../MasterDataset/012621_103B_3_platelet_cluster_chan2_59.png,../MasterDataset/012621_103B_3_platelet_cluster_chan3_59.png,../MasterDataset/012621_103B_3_platelet_cluster_chan7_59.png,../MasterDataset/012621_103B_3_platelet_cluster_chan11_59.png
36,../MasterDataset/012621_103B_3_platelet_cluster_chan2_60.png,../MasterDataset/012621_103B_3_platelet_cluster_chan3_60.png,../MasterDataset/012621_103B_3_platelet_cluster_chan7_60.png,../MasterDataset/012621_103B_3_platelet_cluster_chan11_60.png
37,../MasterDataset/012621_103B_3_platelet_cluster_chan2_61.png,../MasterDataset/012621_103B_3_platelet_cluster_chan3_61.png,../MasterDataset/012621_103B_3_platelet_cluster_chan7_61.png,../MasterDataset/012621_103B_3_platelet_cluster_chan11_61.png
38,../MasterDataset/012621_103B_3_platelet_cluster_chan2_62.png,../MasterDataset/012621_103B_3_platelet_cluster_chan3_62.png,../MasterDataset/012621_103B_3_platelet_cluster_chan7_62.png,../MasterDataset/012621_103B_3_platelet_cluster_chan11_62.png
39,../MasterDataset/012621_103B_3_platelet_cluster_chan2_63.png,../MasterDataset/012621_103B_3_platelet_cluster_chan3_63.png,../MasterDataset/012621_103B_3_platelet_cluster_chan7_63.png,../MasterDataset/012621_103B_3_platelet_cluster_chan11_63.png
40,../MasterDataset/012621_103B_3_platelet_cluster_chan2_65.png,../MasterDataset/012621_103B_3_platelet_cluster_chan3_65.png,../MasterDataset/012621_103B_3_platelet_cluster_chan7_65.png,../MasterDataset/012621_103B_3_platelet_cluster_chan11_65.png
41,../MasterDataset/012621_103B_3_platelet_cluster_chan2_67.png,../MasterDataset/012621_103B_3_platelet_cluster_chan3_67.png,../MasterDataset/012621_103B_3_platelet_cluster_chan7_67.png,../MasterDataset/012621_103B_3_platelet_cluster_chan11_67.png
42,../MasterDataset/012621_103B_3_platelet_cluster_chan2_68.png,../MasterDataset/012621_103B_3_platelet_cluster_chan3_68.png,../MasterDataset/012621_103B_3_platelet_cluster_chan7_68.png,../MasterDataset/012621_103B_3_platelet_cluster_chan11_68.png
43,../MasterDataset/012621_103B_3_platelet_cluster_chan2_71.png,../MasterDataset/012621_103B_3_platelet_cluster_chan3_71.png,../MasterDataset/012621_103B_3_platelet_cluster_chan7_71.png,../MasterDataset/012621_103B_3_platelet_cluster_chan11_71.png
44,../MasterDataset/012621_103B_3_platelet_cluster_chan2_77.png,../MasterDataset/012621_103B_3_platelet_cluster_chan3_77.png,../MasterDataset/012621_103B_3_platelet_cluster_chan7_77.png,../MasterDataset/012621_103B_3_platelet_cluster_chan11_77.png
45,../MasterDataset/012621_103B_3_platelet_cluster_chan2_78.png,../MasterDataset/012621_103B_3_platelet_cluster_chan3_78.png,../MasterDataset/012621_103B_3_platelet_cluster_chan7_78.png,../MasterDataset/012621_103B_3_platelet_cluster_chan11_78.png
46,../MasterDataset/012621_103B_3_platelet_cluster_chan2_8.png,../MasterDataset/012621_103B_3_platelet_cluster_chan3_8.png,../MasterDataset/012621_103B_3_platelet_cluster_chan7_8.png,../MasterDataset/012621_103B_3_platelet_cluster_chan11_8.png
47,../MasterDataset/012621_103B_3_platelet_cluster_chan2_80.png,../MasterDataset/012621_103B_3_platelet_cluster_chan3_80.png,../MasterDataset/012621_103B_3_platelet_cluster_chan7_80.png,../MasterDataset/012621_103B_3_platelet_cluster_chan11_80.png
48,../MasterDataset/012621_103B_3_platelet_cluster_chan2_81.png,../MasterDataset/012621_103B_3_platelet_cluster_chan3_81.png,../MasterDataset/012621_103B_3_platelet_cluster_chan7_81.png,../MasterDataset/012621_103B_3_platelet_cluster_chan11_81.png
49,../MasterDataset/012621_103B_3_platelet_cluster_chan2_83.png,../MasterDataset/012621_103B_3_platelet_cluster_chan3_83.png,../MasterDataset/012621_103B_3_platelet_cluster_chan7_83.png,../MasterDataset/012621_103B_3_platelet_cluster_chan11_83.png
50,../MasterDataset/012621_103B_3_platelet_cluster_chan2_85.png,../MasterDataset/012621_103B_3_platelet_cluster_chan3_85.png,../MasterDataset/012621_103B_3_platelet_cluster_chan7_85.png,../MasterDataset/012621_103B_3_platelet_cluster_chan11_85.png
51,../MasterDataset/012621_103B_3_platelet_cluster_chan2_87.png,../MasterDataset/012621_103B_3_platelet_cluster_chan3_87.png,../MasterDataset/012621_103B_3_platelet_cluster_chan7_87.png,../MasterDataset/012621_103B_3_platelet_cluster_chan11_87.png
52,../MasterDataset/012621_103B_3_platelet_cluster_chan2_9.png,../MasterDataset/012621_103B_3_platelet_cluster_chan3_9.png,../MasterDataset/012621_103B_3_platelet_cluster_chan7_9.png,../MasterDataset/012621_103B_3_platelet_cluster_chan11_9.png
53,../MasterDataset/012621_103B_3_rbc_only_chan2_15.png,../MasterDataset/012621_103B_3_rbc_only_chan3_15.png,../MasterDataset/012621_103B_3_rbc_only_chan7_15.png,../MasterDataset/012621_103B_3_rbc_only_chan11_15.png
54,../MasterDataset/012621_103B_3_rbc_only_chan2_18.png,../MasterDataset/012621_103B_3_rbc_only_chan3_18.png,../MasterDataset/012621_103B_3_rbc_only_chan7_18.png,../MasterDataset/012621_103B_3_rbc_only_chan11_18.png
55,../MasterDataset/012621_103B_3_rbc_only_chan2_23.png,../MasterDataset/012621_103B_3_rbc_only_chan3_23.png,../MasterDataset/012621_103B_3_rbc_only_chan7_23.png,../MasterDataset/012621_103B_3_rbc_only_chan11_23.png
56,../MasterDataset/012621_103B_3_rbc_only_chan2_25.png,../MasterDataset/012621_103B_3_rbc_only_chan3_25.png,../MasterDataset/012621_103B_3_rbc_only_chan7_25.png,../MasterDataset/012621_103B_3_rbc_only_chan11_25.png
57,../MasterDataset/012621_103B_3_rbc_only_chan2_26.png,../MasterDataset/012621_103B_3_rbc_only_chan3_26.png,../MasterDataset/012621_103B_3_rbc_only_chan7_26.png,../MasterDataset/012621_103B_3_rbc_only_chan11_26.png
58,../MasterDataset/012621_103B_3_rbc_only_chan2_27.png,../MasterDataset/012621_103B_3_rbc_only_chan3_27.png,../MasterDataset/012621_103B_3_rbc_only_chan7_27.png,../MasterDataset/012621_103B_3_rbc_only_chan11_27.png
59,../MasterDataset/012621_103B_3_rbc_only_chan2_31.png,../MasterDataset/012621_103B_3_rbc_only_chan3_31.png,../MasterDataset/012621_103B_3_rbc_only_chan7_31.png,../MasterDataset/012621_103B_3_rbc_only_chan11_31.png
60,../MasterDataset/012621_103B_3_rbc_only_chan2_34.png,../MasterDataset/012621_103B_3_rbc_only_chan3_34.png,../MasterDataset/012621_103B_3_rbc_only_chan7_34.png,../MasterDataset/012621_103B_3_rbc_only_chan11_34.png
61,../MasterDataset/012621_103B_3_rbc_only_chan2_36.png,../MasterDataset/012621_103B_3_rbc_only_chan3_36.png,../MasterDataset/012621_103B_3_rbc_only_chan7_36.png,../MasterDataset/012621_103B_3_rbc_only_chan11_36.png
62,../MasterDataset/012621_103B_3_rbc_only_chan2_39.png,../MasterDataset/012621_103B_3_rbc_only_chan3_39.png,../MasterDataset/012621_103B_3_rbc_only_chan7_39.png,../MasterDataset/012621_103B_3_rbc_only_chan11_39.png
63,../MasterDataset/012621_103B_3_rbc_only_chan2_4.png,../MasterDataset/012621_103B_3_rbc_only_chan3_4.png,../MasterDataset/012621_103B_3_rbc_only_chan7_4.png,../MasterDataset/012621_103B_3_rbc_only_chan11_4.png
64,../MasterDataset/012621_103B_3_rbc_only_chan2_40.png,../MasterDataset/012621_103B_3_rbc_only_chan3_40.png,../MasterDataset/012621_103B_3_rbc_only_chan7_40.png,../MasterDataset/012621_103B_3_rbc_only_chan11_40.png
65,../MasterDataset/012621_103B_3_rbc_only_chan2_44.png,../MasterDataset/012621_103B_3_rbc_only_chan3_44.png,../MasterDataset/012621_103B_3_rbc_only_chan7_44.png,../MasterDataset/012621_103B_3_rbc_only_chan11_44.png
66,../MasterDataset/012621_103B_3_rbc_only_chan2_48.png,../MasterDataset/012621_103B_3_rbc_only_chan3_48.png,../MasterDataset/012621_103B_3_rbc_only_chan7_48.png,../MasterDataset/012621_103B_3_rbc_only_chan11_48.png
67,../MasterDataset/012621_103B_3_rbc_only_chan2_5.png,../MasterDataset/012621_103B_3_rbc_only_chan3_5.png,../MasterDataset/012621_103B_3_rbc_only_chan7_5.png,../MasterDataset/012621_103B_3_rbc_only_chan11_5.png
68,../MasterDataset/012621_103B_3_rbc_only_chan2_51.png,../MasterDataset/012621_103B_3_rbc_only_chan3_51.png,../MasterDataset/012621_103B_3_rbc_only_chan7_51.png,../MasterDataset/012621_103B_3_rbc_only_chan11_51.png
69,../MasterDataset/012621_103B_3_rbc_only_chan2_52.png,../MasterDataset/012621_103B_3_rbc_only_chan3_52.png,../MasterDataset/012621_103B_3_rbc_only_chan7_52.png,../MasterDataset/012621_103B_3_rbc_only_chan11_52.png
70,../MasterDataset/012621_103B_3_rbc_only_chan2_55.png,../MasterDataset/012621_103B_3_rbc_only_chan3_55.png,../MasterDataset/012621_103B_3_rbc_only_chan7_55.png,../MasterDataset/012621_103B_3_rbc_only_chan11_55.png
71,../MasterDataset/012621_103B_3_rbc_only_chan2_57.png,../MasterDataset/012621_103B_3_rbc_only_chan3_57.png,../MasterDataset/012621_103B_3_rbc_only_chan7_57.png,../MasterDataset/012621_103B_3_rbc_only_chan11_57.png
72,../MasterDataset/012621_103B_3_rbc_only_chan2_6.png,../MasterDataset/012621_103B_3_rbc_only_chan3_6.png,../MasterDataset/012621_103B_3_rbc_only_chan7_6.png,../MasterDataset/012621_103B_3_rbc_only_chan11_6.png
73,../MasterDataset/012621_103B_3_rbc_only_chan2_60.png,../MasterDataset/012621_103B_3_rbc_only_chan3_60.png,../MasterDataset/012621_103B_3_rbc_only_chan7_60.png,../MasterDataset/012621_103B_3_rbc_only_chan11_60.png
74,../MasterDataset/012621_103B_3_rbc_only_chan2_63.png,../MasterDataset/012621_103B_3_rbc_only_chan3_63.png,../MasterDataset/012621_103B_3_rbc_only_chan7_63.png,../MasterDataset/012621_103B_3_rbc_only_chan11_63.png
75,../MasterDataset/012621_103B_3_rbc_platelet_chan2_1.png,../MasterDataset/012621_103B_3_rbc_platelet_chan3_1.png,../MasterDataset/012621_103B_3_rbc_platelet_chan7_1.png,../MasterDataset/012621_103B_3_rbc_platelet_chan11_1.png
76,../MasterDataset/012621_103B_3_rbc_platelet_chan2_20.png,../MasterDataset/012621_103B_3_rbc_platelet_chan3_20.png,../MasterDataset/012621_103B_3_rbc_platelet_chan7_20.png,../MasterDataset/012621_103B_3_rbc_platelet_chan11_20.png
77,../MasterDataset/012621_103B_3_rbc_platelet_chan2_22.png,../MasterDataset/012621_103B_3_rbc_platelet_chan3_22.png,../MasterDataset/012621_103B_3_rbc_platelet_chan7_22.png,../MasterDataset/012621_103B_3_rbc_platelet_chan11_22.png
78,../MasterDataset/012621_103B_3_rbc_platelet_chan2_23.png,../MasterDataset/012621_103B_3_rbc_platelet_chan3_23.png,../MasterDataset/012621_103B_3_rbc_platelet_chan7_23.png,../MasterDataset/012621_103B_3_rbc_platelet_chan11_23.png
79,../MasterDataset/012621_103B_3_rbc_platelet_chan2_24.png,../MasterDataset/012621_103B_3_rbc_platelet_chan3_24.png,../MasterDataset/012621_103B_3_rbc_platelet_chan7_24.png,../MasterDataset/012621_103B_3_rbc_platelet_chan11_24.png
80,../MasterDataset/012621_103B_3_rbc_platelet_chan2_25.png,../MasterDataset/012621_103B_3_rbc_platelet_chan3_25.png,../MasterDataset/012621_103B_3_rbc_platelet_chan7_25.png,../MasterDataset/012621_103B_3_rbc_platelet_chan11_25.png
81,../MasterDataset/012621_103B_3_rbc_platelet_chan2_33.png,../MasterDataset/012621_103B_3_rbc_platelet_chan3_33.png,../MasterDataset/012621_103B_3_rbc_platelet_chan7_33.png,../MasterDataset/012621_103B_3_rbc_platelet_chan11_33.png
82,../MasterDataset/012621_103B_3_rbc_platelet_chan2_38.png,../MasterDataset/012621_103B_3_rbc_platelet_chan3_38.png,../MasterDataset/012621_103B_3_rbc_platelet_chan7_38.png,../MasterDataset/012621_103B_3_rbc_platelet_chan11_38.png
83,../MasterDataset/012621_103B_3_rbc_platelet_chan2_49.png,../MasterDataset/012621_103B_3_rbc_platelet_chan3_49.png,../MasterDataset/012621_103B_3_rbc_platelet_chan7_49.png,../MasterDataset/012621_103B_3_rbc_platelet_chan11_49.png
84,../MasterDataset/012621_103B_3_rbc_platelet_chan2_50.png,../MasterDataset/012621_103B_3_rbc_platelet_chan3_50.png,../MasterDataset/012621_103B_3_rbc_platelet_chan7_50.png,../MasterDataset/012621_103B_3_rbc_platelet_chan11_50.png
85,../MasterDataset/012621_103B_3_rbc_platelet_chan2_55.png,../MasterDataset/012621_103B_3_rbc_platelet_chan3_55.png,../MasterDataset/012621_103B_3_rbc_platelet_chan7_55.png,../MasterDataset/012621_103B_3_rbc_platelet_chan11_55.png
86,../MasterDataset/012621_103B_3_rbc_platelet_chan2_58.png,../MasterDataset/012621_103B_3_rbc_platelet_chan3_58.png,../MasterDataset/012621_103B_3_rbc_platelet_chan7_58.png,../MasterDataset/012621_103B_3_rbc_platelet_chan11_58.png
87,../MasterDataset/012621_103B_3_rbc_platelet_chan2_6.png,../MasterDataset/012621_103B_3_rbc_platelet_chan3_6.png,../MasterDataset/012621_103B_3_rbc_platelet_chan7_6.png,../MasterDataset/012621_103B_3_rbc_platelet_chan11_6.png
88,../MasterDataset/012621_103B_3_rbc_platelet_chan2_62.png,../MasterDataset/012621_103B_3_rbc_platelet_chan3_62.png,../MasterDataset/012621_103B_3_rbc_platelet_chan7_62.png,../MasterDataset/012621_103B_3_rbc_platelet_chan11_62.png
89,../MasterDataset/012621_103B_3_rbc_platelet_chan2_63.png,../MasterDataset/012621_103B_3_rbc_platelet_chan3_63.png,../MasterDataset/012621_103B_3_rbc_platelet_chan7_63.png,../MasterDataset/012621_103B_3_rbc_platelet_chan11_63.png
90,../MasterDataset/012621_103B_3_rbc_platelet_chan2_8.png,../MasterDataset/012621_103B_3_rbc_platelet_chan3_8.png,../MasterDataset/012621_103B_3_rbc_platelet_chan7_8.png,../MasterDataset/012621_103B_3_rbc_platelet_chan11_8.png
91,../MasterDataset/012621_103B_3_wbc_chan2_11.png,../MasterDataset/012621_103B_3_wbc_chan3_11.png,../MasterDataset/012621_103B_3_wbc_chan7_11.png,../MasterDataset/012621_103B_3_wbc_chan11_11.png
92,../MasterDataset/012621_103B_3_wbc_chan2_13.png,../MasterDataset/012621_103B_3_wbc_chan3_13.png,../MasterDataset/012621_103B_3_wbc_chan7_13.png,../MasterDataset/012621_103B_3_wbc_chan11_13.png
93,../MasterDataset/012621_103B_3_wbc_chan2_16.png,../MasterDataset/012621_103B_3_wbc_chan3_16.png,../MasterDataset/012621_103B_3_wbc_chan7_16.png,../MasterDataset/012621_103B_3_wbc_chan11_16.png
94,../MasterDataset/012621_103B_3_wbc_chan2_19.png,../MasterDataset/012621_103B_3_wbc_chan3_19.png,../MasterDataset/012621_103B_3_wbc_chan7_19.png,../MasterDataset/012621_103B_3_wbc_chan11_19.png
95,../MasterDataset/012621_103B_3_wbc_chan2_20.png,../MasterDataset/012621_103B_3_wbc_chan3_20.png,../MasterDataset/012621_103B_3_wbc_chan7_20.png,../MasterDataset/012621_103B_3_wbc_chan11_20.png
96,../MasterDataset/012621_103B_3_wbc_chan2_25.png,../MasterDataset/012621_103B_3_wbc_chan3_25.png,../MasterDataset/012621_103B_3_wbc_chan7_25.png,../MasterDataset/012621_103B_3_wbc_chan11_25.png
97,../MasterDataset/012621_103B_3_wbc_chan2_26.png,../MasterDataset/012621_103B_3_wbc_chan3_26.png,../MasterDataset/012621_103B_3_wbc_chan7_26.png,../MasterDataset/012621_103B_3_wbc_chan11_26.png
98,../MasterDataset/012621_103B_3_wbc_chan2_29.png,../MasterDataset/012621_103B_3_wbc_chan3_29.png,../MasterDataset/012621_103B_3_wbc_chan7_29.png,../MasterDataset/012621_103B_3_wbc_chan11_29.png
99,../MasterDataset/012621_103B_3_wbc_chan2_31.png,../MasterDataset/012621_103B_3_wbc_chan3_31.png,../MasterDataset/012621_103B_3_wbc_chan7_31.png,../MasterDataset/012621_103B_3_wbc_chan11_31.png
100,../MasterDataset/012621_103B_3_wbc_chan2_32.png,../MasterDataset/012621_103B_3_wbc_chan3_32.png,../MasterDataset/012621_103B_3_wbc_chan7_32.png,../MasterDataset/012621_103B_3_wbc_chan11_32.png
101,../MasterDataset/012621_103B_3_wbc_chan2_35.png,../MasterDataset/012621_103B_3_wbc_chan3_35.png,../MasterDataset/012621_103B_3_wbc_chan7_35.png,../MasterDataset/012621_103B_3_wbc_chan11_35.png
102,../MasterDataset/012621_103B_3_wbc_chan2_44.png,../MasterDataset/012621_103B_3_wbc_chan3_44.png,../MasterDataset/012621_103B_3_wbc_chan7_44.png,../MasterDataset/012621_103B_3_wbc_chan11_44.png
103,../MasterDataset/012621_103B_3_wbc_chan2_47.png,../MasterDataset/012621_103B_3_wbc_chan3_47.png,../MasterDataset/012621_103B_3_wbc_chan7_47.png,../MasterDataset/012621_103B_3_wbc_chan11_47.png
104,../MasterDataset/012621_103B_3_wbc_chan2_5.png,../MasterDataset/012621_103B_3_wbc_chan3_5.png,../MasterDataset/012621_103B_3_wbc_chan7_5.png,../MasterDataset/012621_103B_3_wbc_chan11_5.png
105,../MasterDataset/012621_103B_3_wbc_chan2_55.png,../MasterDataset/012621_103B_3_wbc_chan3_55.png,../MasterDataset/012621_103B_3_wbc_chan7_55.png,../MasterDataset/012621_103B_3_wbc_chan11_55.png
106,../MasterDataset/012621_103B_3_wbc_chan2_6.png,../MasterDataset/012621_103B_3_wbc_chan3_6.png,../MasterDataset/012621_103B_3_wbc_chan7_6.png,../MasterDataset/012621_103B_3_wbc_chan11_6.png
107,../MasterDataset/012621_103B_3_wbc_chan2_7.png,../MasterDataset/012621_103B_3_wbc_chan3_7.png,../MasterDataset/012621_103B_3_wbc_chan7_7.png,../MasterDataset/012621_103B_3_wbc_chan11_7.png
108,../MasterDataset/012621_105b_9_platelet_cluster_chan2_1.png,../MasterDataset/012621_105b_9_platelet_cluster_chan3_1.png,../MasterDataset/012621_105b_9_platelet_cluster_chan7_1.png,../MasterDataset/012621_105b_9_platelet_cluster_chan11_1.png
109,../MasterDataset/012621_105b_9_platelet_cluster_chan2_15.png,../MasterDataset/012621_105b_9_platelet_cluster_chan3_15.png,../MasterDataset/012621_105b_9_platelet_cluster_chan7_15.png,../MasterDataset/012621_105b_9_platelet_cluster_chan11_15.png
110,../MasterDataset/012621_105b_9_platelet_cluster_chan2_18.png,../MasterDataset/012621_105b_9_platelet_cluster_chan3_18.png,../MasterDataset/012621_105b_9_platelet_cluster_chan7_18.png,../MasterDataset/012621_105b_9_platelet_cluster_chan11_18.png
111,../MasterDataset/012621_105b_9_platelet_cluster_chan2_23.png,../MasterDataset/012621_105b_9_platelet_cluster_chan3_23.png,../MasterDataset/012621_105b_9_platelet_cluster_chan7_23.png,../MasterDataset/012621_105b_9_platelet_cluster_chan11_23.png
112,../MasterDataset/012621_105b_9_platelet_cluster_chan2_27.png,../MasterDataset/012621_105b_9_platelet_cluster_chan3_27.png,../MasterDataset/012621_105b_9_platelet_cluster_chan7_27.png,../MasterDataset/012621_105b_9_platelet_cluster_chan11_27.png
113,../MasterDataset/012621_105b_9_platelet_cluster_chan2_29.png,../MasterDataset/012621_105b_9_platelet_cluster_chan3_29.png,../MasterDataset/012621_105b_9_platelet_cluster_chan7_29.png,../MasterDataset/012621_105b_9_platelet_cluster_chan11_29.png
114,../MasterDataset/012621_105b_9_platelet_cluster_chan2_3.png,../MasterDataset/012621_105b_9_platelet_cluster_chan3_3.png,../MasterDataset/012621_105b_9_platelet_cluster_chan7_3.png,../MasterDataset/012621_105b_9_platelet_cluster_chan11_3.png
115,../MasterDataset/012621_105b_9_platelet_cluster_chan2_32.png,../MasterDataset/012621_105b_9_platelet_cluster_chan3_32.png,../MasterDataset/012621_105b_9_platelet_cluster_chan7_32.png,../MasterDataset/012621_105b_9_platelet_cluster_chan11_32.png
116,../MasterDataset/012621_105b_9_platelet_cluster_chan2_34.png,../MasterDataset/012621_105b_9_platelet_cluster_chan3_34.png,../MasterDataset/012621_105b_9_platelet_cluster_chan7_34.png,../MasterDataset/012621_105b_9_platelet_cluster_chan11_34.png
117,../MasterDataset/012621_105b_9_platelet_cluster_chan2_36.png,../MasterDataset/012621_105b_9_platelet_cluster_chan3_36.png,../MasterDataset/012621_105b_9_platelet_cluster_chan7_36.png,../MasterDataset/012621_105b_9_platelet_cluster_chan11_36.png
118,../MasterDataset/012621_105b_9_platelet_cluster_chan2_37.png,../MasterDataset/012621_105b_9_platelet_cluster_chan3_37.png,../MasterDataset/012621_105b_9_platelet_cluster_chan7_37.png,../MasterDataset/012621_105b_9_platelet_cluster_chan11_37.png
119,../MasterDataset/012621_105b_9_platelet_cluster_chan2_39.png,../MasterDataset/012621_105b_9_platelet_cluster_chan3_39.png,../MasterDataset/012621_105b_9_platelet_cluster_chan7_39.png,../MasterDataset/012621_105b_9_platelet_cluster_chan11_39.png
120,../MasterDataset/012621_105b_9_platelet_cluster_chan2_40.png,../MasterDataset/012621_105b_9_platelet_cluster_chan3_40.png,../MasterDataset/012621_105b_9_platelet_cluster_chan7_40.png,../MasterDataset/012621_105b_9_platelet_cluster_chan11_40.png
121,../MasterDataset/012621_105b_9_platelet_cluster_chan2_41.png,../MasterDataset/012621_105b_9_platelet_cluster_chan3_41.png,../MasterDataset/012621_105b_9_platelet_cluster_chan7_41.png,../MasterDataset/012621_105b_9_platelet_cluster_chan11_41.png
122,../MasterDataset/012621_105b_9_platelet_cluster_chan2_45.png,../MasterDataset/012621_105b_9_platelet_cluster_chan3_45.png,../MasterDataset/012621_105b_9_platelet_cluster_chan7_45.png,../MasterDataset/012621_105b_9_platelet_cluster_chan11_45.png
123,../MasterDataset/012621_105b_9_platelet_cluster_chan2_46.png,../MasterDataset/012621_105b_9_platelet_cluster_chan3_46.png,../MasterDataset/012621_105b_9_platelet_cluster_chan7_46.png,../MasterDataset/012621_105b_9_platelet_cluster_chan11_46.png
124,../MasterDataset/012621_105b_9_platelet_cluster_chan2_48.png,../MasterDataset/012621_105b_9_platelet_cluster_chan3_48.png,../MasterDataset/012621_105b_9_platelet_cluster_chan7_48.png,../MasterDataset/012621_105b_9_platelet_cluster_chan11_48.png
125,../MasterDataset/012621_105b_9_platelet_cluster_chan2_49.png,../MasterDataset/012621_105b_9_platelet_cluster_chan3_49.png,../MasterDataset/012621_105b_9_platelet_cluster_chan7_49.png,../MasterDataset/012621_105b_9_platelet_cluster_chan11_49.png
126,../MasterDataset/012621_105b_9_platelet_cluster_chan2_51.png,../MasterDataset/012621_105b_9_platelet_cluster_chan3_51.png,../MasterDataset/012621_105b_9_platelet_cluster_chan7_51.png,../MasterDataset/012621_105b_9_platelet_cluster_chan11_51.png
127,../MasterDataset/012621_105b_9_platelet_cluster_chan2_53.png,../MasterDataset/012621_105b_9_platelet_cluster_chan3_53.png,../MasterDataset/012621_105b_9_platelet_cluster_chan7_53.png,../MasterDataset/012621_105b_9_platelet_cluster_chan11_53.png
128,../MasterDataset/012621_105b_9_platelet_cluster_chan2_55.png,../MasterDataset/012621_105b_9_platelet_cluster_chan3_55.png,../MasterDataset/012621_105b_9_platelet_cluster_chan7_55.png,../MasterDataset/012621_105b_9_platelet_cluster_chan11_55.png
129,../MasterDataset/012621_105b_9_platelet_cluster_chan2_56.png,../MasterDataset/012621_105b_9_platelet_cluster_chan3_56.png,../MasterDataset/012621_105b_9_platelet_cluster_chan7_56.png,../MasterDataset/012621_105b_9_platelet_cluster_chan11_56.png
130,../MasterDataset/012621_105b_9_platelet_cluster_chan2_61.png,../MasterDataset/012621_105b_9_platelet_cluster_chan3_61.png,../MasterDataset/012621_105b_9_platelet_cluster_chan7_61.png,../MasterDataset/012621_105b_9_platelet_cluster_chan11_61.png
131,../MasterDataset/012621_105b_9_platelet_cluster_chan2_68.png,../MasterDataset/012621_105b_9_platelet_cluster_chan3_68.png,../MasterDataset/012621_105b_9_platelet_cluster_chan7_68.png,../MasterDataset/012621_105b_9_platelet_cluster_chan11_68.png
132,../MasterDataset/012621_105b_9_platelet_cluster_chan2_74.png,../MasterDataset/012621_105b_9_platelet_cluster_chan3_74.png,../MasterDataset/012621_105b_9_platelet_cluster_chan7_74.png,../MasterDataset/012621_105b_9_platelet_cluster_chan11_74.png
133,../MasterDataset/012621_105b_9_platelet_cluster_chan2_76.png,../MasterDataset/012621_105b_9_platelet_cluster_chan3_76.png,../MasterDataset/012621_105b_9_platelet_cluster_chan7_76.png,../MasterDataset/012621_105b_9_platelet_cluster_chan11_76.png
134,../MasterDataset/012621_105b_9_platelet_cluster_chan2_8.png,../MasterDataset/012621_105b_9_platelet_cluster_chan3_8.png,../MasterDataset/012621_105b_9_platelet_cluster_chan7_8.png,../MasterDataset/012621_105b_9_platelet_cluster_chan11_8.png
135,../MasterDataset/012621_105b_9_platelet_cluster_chan2_9.png,../MasterDataset/012621_105b_9_platelet_cluster_chan3_9.png,../MasterDataset/012621_105b_9_platelet_cluster_chan7_9.png,../MasterDataset/012621_105b_9_platelet_cluster_chan11_9.png
136,../MasterDataset/012621_105b_9_rbc_only_chan2_13.png,../MasterDataset/012621_105b_9_rbc_only_chan3_13.png,../MasterDataset/012621_105b_9_rbc_only_chan7_13.png,../MasterDataset/012621_105b_9_rbc_only_chan11_13.png
137,../MasterDataset/012621_105b_9_rbc_only_chan2_19.png,../MasterDataset/012621_105b_9_rbc_only_chan3_19.png,../MasterDataset/012621_105b_9_rbc_only_chan7_19.png,../MasterDataset/012621_105b_9_rbc_only_chan11_19.png
138,../MasterDataset/012621_105b_9_rbc_only_chan2_23.png,../MasterDataset/012621_105b_9_rbc_only_chan3_23.png,../MasterDataset/012621_105b_9_rbc_only_chan7_23.png,../MasterDataset/012621_105b_9_rbc_only_chan11_23.png
139,../MasterDataset/012621_105b_9_rbc_only_chan2_28.png,../MasterDataset/012621_105b_9_rbc_only_chan3_28.png,../MasterDataset/012621_105b_9_rbc_only_chan7_28.png,../MasterDataset/012621_105b_9_rbc_only_chan11_28.png
140,../MasterDataset/012621_105b_9_rbc_only_chan2_30.png,../MasterDataset/012621_105b_9_rbc_only_chan3_30.png,../MasterDataset/012621_105b_9_rbc_only_chan7_30.png,../MasterDataset/012621_105b_9_rbc_only_chan11_30.png
141,../MasterDataset/012621_105b_9_rbc_only_chan2_42.png,../MasterDataset/012621_105b_9_rbc_only_chan3_42.png,../MasterDataset/012621_105b_9_rbc_only_chan7_42.png,../MasterDataset/012621_105b_9_rbc_only_chan11_42.png
142,../MasterDataset/012621_105b_9_rbc_only_chan2_47.png,../MasterDataset/012621_105b_9_rbc_only_chan3_47.png,../MasterDataset/012621_105b_9_rbc_only_chan7_47.png,../MasterDataset/012621_105b_9_rbc_only_chan11_47.png
143,../MasterDataset/012621_105b_9_rbc_only_chan2_49.png,../MasterDataset/012621_105b_9_rbc_only_chan3_49.png,../MasterDataset/012621_105b_9_rbc_only_chan7_49.png,../MasterDataset/012621_105b_9_rbc_only_chan11_49.png
144,../MasterDataset/012621_105b_9_rbc_only_chan2_54.png,../MasterDataset/012621_105b_9_rbc_only_chan3_54.png,../MasterDataset/012621_105b_9_rbc_only_chan7_54.png,../MasterDataset/012621_105b_9_rbc_only_chan11_54.png
145,../MasterDataset/012621_105b_9_rbc_only_chan2_56.png,../MasterDataset/012621_105b_9_rbc_only_chan3_56.png,../MasterDataset/012621_105b_9_rbc_only_chan7_56.png,../MasterDataset/012621_105b_9_rbc_only_chan11_56.png
146,../MasterDataset/012621_105b_9_rbc_only_chan2_58.png,../MasterDataset/012621_105b_9_rbc_only_chan3_58.png,../MasterDataset/012621_105b_9_rbc_only_chan7_58.png,../MasterDataset/012621_105b_9_rbc_only_chan11_58.png
147,../MasterDataset/012621_105b_9_rbc_only_chan2_6.png,../MasterDataset/012621_105b_9_rbc_only_chan3_6.png,../MasterDataset/012621_105b_9_rbc_only_chan7_6.png,../MasterDataset/012621_105b_9_rbc_only_chan11_6.png
148,../MasterDataset/012621_105b_9_rbc_only_chan2_61.png,../MasterDataset/012621_105b_9_rbc_only_chan3_61.png,../MasterDataset/012621_105b_9_rbc_only_chan7_61.png,../MasterDataset/012621_105b_9_rbc_only_chan11_61.png
149,../MasterDataset/012621_105b_9_rbc_only_chan2_65.png,../MasterDataset/012621_105b_9_rbc_only_chan3_65.png,../MasterDataset/012621_105b_9_rbc_only_chan7_65.png,../MasterDataset/012621_105b_9_rbc_only_chan11_65.png
150,../MasterDataset/012621_105b_9_rbc_platelet_chan2_12.png,../MasterDataset/012621_105b_9_rbc_platelet_chan3_12.png,../MasterDataset/012621_105b_9_rbc_platelet_chan7_12.png,../MasterDataset/012621_105b_9_rbc_platelet_chan11_12.png
151,../MasterDataset/012621_105b_9_rbc_platelet_chan2_16.png,../MasterDataset/012621_105b_9_rbc_platelet_chan3_16.png,../MasterDataset/012621_105b_9_rbc_platelet_chan7_16.png,../MasterDataset/012621_105b_9_rbc_platelet_chan11_16.png
152,../MasterDataset/012621_105b_9_rbc_platelet_chan2_21.png,../MasterDataset/012621_105b_9_rbc_platelet_chan3_21.png,../MasterDataset/012621_105b_9_rbc_platelet_chan7_21.png,../MasterDataset/012621_105b_9_rbc_platelet_chan11_21.png
153,../MasterDataset/012621_105b_9_rbc_platelet_chan2_31.png,../MasterDataset/012621_105b_9_rbc_platelet_chan3_31.png,../MasterDataset/012621_105b_9_rbc_platelet_chan7_31.png,../MasterDataset/012621_105b_9_rbc_platelet_chan11_31.png
154,../MasterDataset/012621_105b_9_rbc_platelet_chan2_45.png,../MasterDataset/012621_105b_9_rbc_platelet_chan3_45.png,../MasterDataset/012621_105b_9_rbc_platelet_chan7_45.png,../MasterDataset/012621_105b_9_rbc_platelet_chan11_45.png
155,../MasterDataset/012621_105b_9_rbc_platelet_chan2_48.png,../MasterDataset/012621_105b_9_rbc_platelet_chan3_48.png,../MasterDataset/012621_105b_9_rbc_platelet_chan7_48.png,../MasterDataset/012621_105b_9_rbc_platelet_chan11_48.png
156,../MasterDataset/012621_105b_9_rbc_platelet_chan2_50.png,../MasterDataset/012621_105b_9_rbc_platelet_chan3_50.png,../MasterDataset/012621_105b_9_rbc_platelet_chan7_50.png,../MasterDataset/012621_105b_9_rbc_platelet_chan11_50.png
157,../MasterDataset/012621_105b_9_wbc_chan2_10.png,../MasterDataset/012621_105b_9_wbc_chan3_10.png,../MasterDataset/012621_105b_9_wbc_chan7_10.png,../MasterDataset/012621_105b_9_wbc_chan11_10.png
158,../MasterDataset/012621_105b_9_wbc_chan2_11.png,../MasterDataset/012621_105b_9_wbc_chan3_11.png,../MasterDataset/012621_105b_9_wbc_chan7_11.png,../MasterDataset/012621_105b_9_wbc_chan11_11.png
159,../MasterDataset/012621_105b_9_wbc_chan2_13.png,../MasterDataset/012621_105b_9_wbc_chan3_13.png,../MasterDataset/012621_105b_9_wbc_chan7_13.png,../MasterDataset/012621_105b_9_wbc_chan11_13.png
160,../MasterDataset/012621_105b_9_wbc_chan2_14.png,../MasterDataset/012621_105b_9_wbc_chan3_14.png,../MasterDataset/012621_105b_9_wbc_chan7_14.png,../MasterDataset/012621_105b_9_wbc_chan11_14.png
161,../MasterDataset/012621_105b_9_wbc_chan2_15.png,../MasterDataset/012621_105b_9_wbc_chan3_15.png,../MasterDataset/012621_105b_9_wbc_chan7_15.png,../MasterDataset/012621_105b_9_wbc_chan11_15.png
162,../MasterDataset/012621_105b_9_wbc_chan2_16.png,../MasterDataset/012621_105b_9_wbc_chan3_16.png,../MasterDataset/012621_105b_9_wbc_chan7_16.png,../MasterDataset/012621_105b_9_wbc_chan11_16.png
163,../MasterDataset/012621_105b_9_wbc_chan2_18.png,../MasterDataset/012621_105b_9_wbc_chan3_18.png,../MasterDataset/012621_105b_9_wbc_chan7_18.png,../MasterDataset/012621_105b_9_wbc_chan11_18.png
164,../MasterDataset/012621_105b_9_wbc_chan2_19.png,../MasterDataset/012621_105b_9_wbc_chan3_19.png,../MasterDataset/012621_105b_9_wbc_chan7_19.png,../MasterDataset/012621_105b_9_wbc_chan11_19.png
165,../MasterDataset/012621_105b_9_wbc_chan2_22.png,../MasterDataset/012621_105b_9_wbc_chan3_22.png,../MasterDataset/012621_105b_9_wbc_chan7_22.png,../MasterDataset/012621_105b_9_wbc_chan11_22.png
166,../MasterDataset/012621_105b_9_wbc_chan2_23.png,../MasterDataset/012621_105b_9_wbc_chan3_23.png,../MasterDataset/012621_105b_9_wbc_chan7_23.png,../MasterDataset/012621_105b_9_wbc_chan11_23.png
167,../MasterDataset/012621_105b_9_wbc_chan2_24.png,../MasterDataset/012621_105b_9_wbc_chan3_24.png,../MasterDataset/012621_105b_9_wbc_chan7_24.png,../MasterDataset/012621_105b_9_wbc_chan11_24.png
168,../MasterDataset/012621_105b_9_wbc_chan2_25.png,../MasterDataset/012621_105b_9_wbc_chan3_25.png,../MasterDataset/012621_105b_9_wbc_chan7_25.png,../MasterDataset/012621_105b_9_wbc_chan11_25.png
169,../MasterDataset/012621_105b_9_wbc_chan2_26.png,../MasterDataset/012621_105b_9_wbc_chan3_26.png,../MasterDataset/012621_105b_9_wbc_chan7_26.png,../MasterDataset/012621_105b_9_wbc_chan11_26.png
170,../MasterDataset/012621_105b_9_wbc_chan2_27.png,../MasterDataset/012621_105b_9_wbc_chan3_27.png,../MasterDataset/012621_105b_9_wbc_chan7_27.png,../MasterDataset/012621_105b_9_wbc_chan11_27.png
171,../MasterDataset/012621_105b_9_wbc_chan2_28.png,../MasterDataset/012621_105b_9_wbc_chan3_28.png,../MasterDataset/012621_105b_9_wbc_chan7_28.png,../MasterDataset/012621_105b_9_wbc_chan11_28.png
172,../MasterDataset/012621_105b_9_wbc_chan2_3.png,../MasterDataset/012621_105b_9_wbc_chan3_3.png,../MasterDataset/012621_105b_9_wbc_chan7_3.png,../MasterDataset/012621_105b_9_wbc_chan11_3.png
173,../MasterDataset/012621_105b_9_wbc_chan2_30.png,../MasterDataset/012621_105b_9_wbc_chan3_30.png,../MasterDataset/012621_105b_9_wbc_chan7_30.png,../MasterDataset/012621_105b_9_wbc_chan11_30.png
174,../MasterDataset/012621_105b_9_wbc_chan2_32.png,../MasterDataset/012621_105b_9_wbc_chan3_32.png,../MasterDataset/012621_105b_9_wbc_chan7_32.png,../MasterDataset/012621_105b_9_wbc_chan11_32.png
175,../MasterDataset/012621_105b_9_wbc_chan2_33.png,../MasterDataset/012621_105b_9_wbc_chan3_33.png,../MasterDataset/012621_105b_9_wbc_chan7_33.png,../MasterDataset/012621_105b_9_wbc_chan11_33.png
176,../MasterDataset/012621_105b_9_wbc_chan2_36.png,../MasterDataset/012621_105b_9_wbc_chan3_36.png,../MasterDataset/012621_105b_9_wbc_chan7_36.png,../MasterDataset/012621_105b_9_wbc_chan11_36.png
177,../MasterDataset/012621_105b_9_wbc_chan2_37.png,../MasterDataset/012621_105b_9_wbc_chan3_37.png,../MasterDataset/012621_105b_9_wbc_chan7_37.png,../MasterDataset/012621_105b_9_wbc_chan11_37.png
178,../MasterDataset/012621_105b_9_wbc_chan2_38.png,../MasterDataset/012621_105b_9_wbc_chan3_38.png,../MasterDataset/012621_105b_9_wbc_chan7_38.png,../MasterDataset/012621_105b_9_wbc_chan11_38.png
179,../MasterDataset/012621_105b_9_wbc_chan2_40.png,../MasterDataset/012621_105b_9_wbc_chan3_40.png,../MasterDataset/012621_105b_9_wbc_chan7_40.png,../MasterDataset/012621_105b_9_wbc_chan11_40.png
180,../MasterDataset/012621_105b_9_wbc_chan2_41.png,../MasterDataset/012621_105b_9_wbc_chan3_41.png,../MasterDataset/012621_105b_9_wbc_chan7_41.png,../MasterDataset/012621_105b_9_wbc_chan11_41.png
181,../MasterDataset/012621_105b_9_wbc_chan2_44.png,../MasterDataset/012621_105b_9_wbc_chan3_44.png,../MasterDataset/012621_105b_9_wbc_chan7_44.png,../MasterDataset/012621_105b_9_wbc_chan11_44.png
182,../MasterDataset/012621_105b_9_wbc_chan2_45.png,../MasterDataset/012621_105b_9_wbc_chan3_45.png,../MasterDataset/012621_105b_9_wbc_chan7_45.png,../MasterDataset/012621_105b_9_wbc_chan11_45.png
183,../MasterDataset/012621_105b_9_wbc_chan2_46.png,../MasterDataset/012621_105b_9_wbc_chan3_46.png,../MasterDataset/012621_105b_9_wbc_chan7_46.png,../MasterDataset/012621_105b_9_wbc_chan11_46.png
184,../MasterDataset/012621_105b_9_wbc_chan2_47.png,../MasterDataset/012621_105b_9_wbc_chan3_47.png,../MasterDataset/012621_105b_9_wbc_chan7_47.png,../MasterDataset/012621_105b_9_wbc_chan11_47.png
185,../MasterDataset/012621_105b_9_wbc_chan2_48.png,../MasterDataset/012621_105b_9_wbc_chan3_48.png,../MasterDataset/012621_105b_9_wbc_chan7_48.png,../MasterDataset/012621_105b_9_wbc_chan11_48.png
186,../MasterDataset/012621_105b_9_wbc_chan2_49.png,../MasterDataset/012621_105b_9_wbc_chan3_49.png,../MasterDataset/012621_105b_9_wbc_chan7_49.png,../MasterDataset/012621_105b_9_wbc_chan11_49.png
187,../MasterDataset/012621_105b_9_wbc_chan2_51.png,../MasterDataset/012621_105b_9_wbc_chan3_51.png,../MasterDataset/012621_105b_9_wbc_chan7_51.png,../MasterDataset/012621_105b_9_wbc_chan11_51.png
188,../MasterDataset/012621_105b_9_wbc_chan2_53.png,../MasterDataset/012621_105b_9_wbc_chan3_53.png,../MasterDataset/012621_105b_9_wbc_chan7_53.png,../MasterDataset/012621_105b_9_wbc_chan11_53.png
189,../MasterDataset/012621_105b_9_wbc_chan2_54.png,../MasterDataset/012621_105b_9_wbc_chan3_54.png,../MasterDataset/012621_105b_9_wbc_chan7_54.png,../MasterDataset/012621_105b_9_wbc_chan11_54.png
190,../MasterDataset/012621_105b_9_wbc_chan2_55.png,../MasterDataset/012621_105b_9_wbc_chan3_55.png,../MasterDataset/012621_105b_9_wbc_chan7_55.png,../MasterDataset/012621_105b_9_wbc_chan11_55.png
191,../MasterDataset/012621_105b_9_wbc_chan2_56.png,../MasterDataset/012621_105b_9_wbc_chan3_56.png,../MasterDataset/012621_105b_9_wbc_chan7_56.png,../MasterDataset/012621_105b_9_wbc_chan11_56.png
192,../MasterDataset/012621_105b_9_wbc_chan2_57.png,../MasterDataset/012621_105b_9_wbc_chan3_57.png,../MasterDataset/012621_105b_9_wbc_chan7_57.png,../MasterDataset/012621_105b_9_wbc_chan11_57.png
193,../MasterDataset/012621_105b_9_wbc_chan2_60.png,../MasterDataset/012621_105b_9_wbc_chan3_60.png,../MasterDataset/012621_105b_9_wbc_chan7_60.png,../MasterDataset/012621_105b_9_wbc_chan11_60.png
194,../MasterDataset/012621_105b_9_wbc_chan2_61.png,../MasterDataset/012621_105b_9_wbc_chan3_61.png,../MasterDataset/012621_105b_9_wbc_chan7_61.png,../MasterDataset/012621_105b_9_wbc_chan11_61.png
195,../MasterDataset/012621_105b_9_wbc_chan2_62.png,../MasterDataset/012621_105b_9_wbc_chan3_62.png,../MasterDataset/012621_105b_9_wbc_chan7_62.png,../MasterDataset/012621_105b_9_wbc_chan11_62.png
196,../MasterDataset/012621_105b_9_wbc_chan2_64.png,../MasterDataset/012621_105b_9_wbc_chan3_64.png,../MasterDataset/012621_105b_9_wbc_chan7_64.png,../MasterDataset/012621_105b_9_wbc_chan11_64.png
197,../MasterDataset/012621_105b_9_wbc_chan2_8.png,../MasterDataset/012621_105b_9_wbc_chan3_8.png,../MasterDataset/012621_105b_9_wbc_chan7_8.png,../MasterDataset/012621_105b_9_wbc_chan11_8.png
198,../MasterDataset/012621_105b_9_wbc_chan2_9.png,../MasterDataset/012621_105b_9_wbc_chan3_9.png,../MasterDataset/012621_105b_9_wbc_chan7_9.png,../MasterDataset/012621_105b_9_wbc_chan11_9.png
199,../MasterDataset/012621_121B_1_platelet_cluster_chan2_1.png,../MasterDataset/012621_121B_1_platelet_cluster_chan3_1.png,../MasterDataset/012621_121B_1_platelet_cluster_chan7_1.png,../MasterDataset/012621_121B_1_platelet_cluster_chan11_1.png
200,../MasterDataset/012621_121B_1_platelet_cluster_chan2_11.png,../MasterDataset/012621_121B_1_platelet_cluster_chan3_11.png,../MasterDataset/012621_121B_1_platelet_cluster_chan7_11.png,../MasterDataset/012621_121B_1_platelet_cluster_chan11_11.png
201,../MasterDataset/012621_121B_1_platelet_cluster_chan2_15.png,../MasterDataset/012621_121B_1_platelet_cluster_chan3_15.png,../MasterDataset/012621_121B_1_platelet_cluster_chan7_15.png,../MasterDataset/012621_121B_1_platelet_cluster_chan11_15.png
202,../MasterDataset/012621_121B_1_platelet_cluster_chan2_16.png,../MasterDataset/012621_121B_1_platelet_cluster_chan3_16.png,../MasterDataset/012621_121B_1_platelet_cluster_chan7_16.png,../MasterDataset/012621_121B_1_platelet_cluster_chan11_16.png
203,../MasterDataset/012621_121B_1_platelet_cluster_chan2_18.png,../MasterDataset/012621_121B_1_platelet_cluster_chan3_18.png,../MasterDataset/012621_121B_1_platelet_cluster_chan7_18.png,../MasterDataset/012621_121B_1_platelet_cluster_chan11_18.png
204,../MasterDataset/012621_121B_1_platelet_cluster_chan2_19.png,../MasterDataset/012621_121B_1_platelet_cluster_chan3_19.png,../MasterDataset/012621_121B_1_platelet_cluster_chan7_19.png,../MasterDataset/012621_121B_1_platelet_cluster_chan11_19.png
205,../MasterDataset/012621_121B_1_platelet_cluster_chan2_2.png,../MasterDataset/012621_121B_1_platelet_cluster_chan3_2.png,../MasterDataset/012621_121B_1_platelet_cluster_chan7_2.png,../MasterDataset/012621_121B_1_platelet_cluster_chan11_2.png
206,../MasterDataset/012621_121B_1_platelet_cluster_chan2_25.png,../MasterDataset/012621_121B_1_platelet_cluster_chan3_25.png,../MasterDataset/012621_121B_1_platelet_cluster_chan7_25.png,../MasterDataset/012621_121B_1_platelet_cluster_chan11_25.png
207,../MasterDataset/012621_121B_1_platelet_cluster_chan2_27.png,../MasterDataset/012621_121B_1_platelet_cluster_chan3_27.png,../MasterDataset/012621_121B_1_platelet_cluster_chan7_27.png,../MasterDataset/012621_121B_1_platelet_cluster_chan11_27.png
208,../MasterDataset/012621_121B_1_platelet_cluster_chan2_29.png,../MasterDataset/012621_121B_1_platelet_cluster_chan3_29.png,../MasterDataset/012621_121B_1_platelet_cluster_chan7_29.png,../MasterDataset/012621_121B_1_platelet_cluster_chan11_29.png
209,../MasterDataset/012621_121B_1_platelet_cluster_chan2_3.png,../MasterDataset/012621_121B_1_platelet_cluster_chan3_3.png,../MasterDataset/012621_121B_1_platelet_cluster_chan7_3.png,../MasterDataset/012621_121B_1_platelet_cluster_chan11_3.png
210,../MasterDataset/012621_121B_1_platelet_cluster_chan2_30.png,../MasterDataset/012621_121B_1_platelet_cluster_chan3_30.png,../MasterDataset/012621_121B_1_platelet_cluster_chan7_30.png,../MasterDataset/012621_121B_1_platelet_cluster_chan11_30.png
211,../MasterDataset/012621_121B_1_platelet_cluster_chan2_31.png,../MasterDataset/012621_121B_1_platelet_cluster_chan3_31.png,../MasterDataset/012621_121B_1_platelet_cluster_chan7_31.png,../MasterDataset/012621_121B_1_platelet_cluster_chan11_31.png
212,../MasterDataset/012621_121B_1_platelet_cluster_chan2_33.png,../MasterDataset/012621_121B_1_platelet_cluster_chan3_33.png,../MasterDataset/012621_121B_1_platelet_cluster_chan7_33.png,../MasterDataset/012621_121B_1_platelet_cluster_chan11_33.png
213,../MasterDataset/012621_121B_1_platelet_cluster_chan2_34.png,../MasterDataset/012621_121B_1_platelet_cluster_chan3_34.png,../MasterDataset/012621_121B_1_platelet_cluster_chan7_34.png,../MasterDataset/012621_121B_1_platelet_cluster_chan11_34.png
214,../MasterDataset/012621_121B_1_platelet_cluster_chan2_36.png,../MasterDataset/012621_121B_1_platelet_cluster_chan3_36.png,../MasterDataset/012621_121B_1_platelet_cluster_chan7_36.png,../MasterDataset/012621_121B_1_platelet_cluster_chan11_36.png
215,../MasterDataset/012621_121B_1_platelet_cluster_chan2_38.png,../MasterDataset/012621_121B_1_platelet_cluster_chan3_38.png,../MasterDataset/012621_121B_1_platelet_cluster_chan7_38.png,../MasterDataset/012621_121B_1_platelet_cluster_chan11_38.png
216,../MasterDataset/012621_121B_1_platelet_cluster_chan2_4.png,../MasterDataset/012621_121B_1_platelet_cluster_chan3_4.png,../MasterDataset/012621_121B_1_platelet_cluster_chan7_4.png,../MasterDataset/012621_121B_1_platelet_cluster_chan11_4.png
217,../MasterDataset/012621_121B_1_platelet_cluster_chan2_40.png,../MasterDataset/012621_121B_1_platelet_cluster_chan3_40.png,../MasterDataset/012621_121B_1_platelet_cluster_chan7_40.png,../MasterDataset/012621_121B_1_platelet_cluster_chan11_40.png
218,../MasterDataset/012621_121B_1_platelet_cluster_chan2_42.png,../MasterDataset/012621_121B_1_platelet_cluster_chan3_42.png,../MasterDataset/012621_121B_1_platelet_cluster_chan7_42.png,../MasterDataset/012621_121B_1_platelet_cluster_chan11_42.png
219,../MasterDataset/012621_121B_1_platelet_cluster_chan2_44.png,../MasterDataset/012621_121B_1_platelet_cluster_chan3_44.png,../MasterDataset/012621_121B_1_platelet_cluster_chan7_44.png,../MasterDataset/012621_121B_1_platelet_cluster_chan11_44.png
220,../MasterDataset/012621_121B_1_platelet_cluster_chan2_45.png,../MasterDataset/012621_121B_1_platelet_cluster_chan3_45.png,../MasterDataset/012621_121B_1_platelet_cluster_chan7_45.png,../MasterDataset/012621_121B_1_platelet_cluster_chan11_45.png
221,../MasterDataset/012621_121B_1_platelet_cluster_chan2_48.png,../MasterDataset/012621_121B_1_platelet_cluster_chan3_48.png,../MasterDataset/012621_121B_1_platelet_cluster_chan7_48.png,../MasterDataset/012621_121B_1_platelet_cluster_chan11_48.png
222,../MasterDataset/012621_121B_1_platelet_cluster_chan2_50.png,../MasterDataset/012621_121B_1_platelet_cluster_chan3_50.png,../MasterDataset/012621_121B_1_platelet_cluster_chan7_50.png,../MasterDataset/012621_121B_1_platelet_cluster_chan11_50.png
223,../MasterDataset/012621_121B_1_platelet_cluster_chan2_51.png,../MasterDataset/012621_121B_1_platelet_cluster_chan3_51.png,../MasterDataset/012621_121B_1_platelet_cluster_chan7_51.png,../MasterDataset/012621_121B_1_platelet_cluster_chan11_51.png
224,../MasterDataset/012621_121B_1_platelet_cluster_chan2_52.png,../MasterDataset/012621_121B_1_platelet_cluster_chan3_52.png,../MasterDataset/012621_121B_1_platelet_cluster_chan7_52.png,../MasterDataset/012621_121B_1_platelet_cluster_chan11_52.png
225,../MasterDataset/012621_121B_1_platelet_cluster_chan2_53.png,../MasterDataset/012621_121B_1_platelet_cluster_chan3_53.png,../MasterDataset/012621_121B_1_platelet_cluster_chan7_53.png,../MasterDataset/012621_121B_1_platelet_cluster_chan11_53.png
226,../MasterDataset/012621_121B_1_platelet_cluster_chan2_54.png,../MasterDataset/012621_121B_1_platelet_cluster_chan3_54.png,../MasterDataset/012621_121B_1_platelet_cluster_chan7_54.png,../MasterDataset/012621_121B_1_platelet_cluster_chan11_54.png
227,../MasterDataset/012621_121B_1_platelet_cluster_chan2_55.png,../MasterDataset/012621_121B_1_platelet_cluster_chan3_55.png,../MasterDataset/012621_121B_1_platelet_cluster_chan7_55.png,../MasterDataset/012621_121B_1_platelet_cluster_chan11_55.png
228,../MasterDataset/012621_121B_1_platelet_cluster_chan2_57.png,../MasterDataset/012621_121B_1_platelet_cluster_chan3_57.png,../MasterDataset/012621_121B_1_platelet_cluster_chan7_57.png,../MasterDataset/012621_121B_1_platelet_cluster_chan11_57.png
229,../MasterDataset/012621_121B_1_platelet_cluster_chan2_59.png,../MasterDataset/012621_121B_1_platelet_cluster_chan3_59.png,../MasterDataset/012621_121B_1_platelet_cluster_chan7_59.png,../MasterDataset/012621_121B_1_platelet_cluster_chan11_59.png
230,../MasterDataset/012621_121B_1_platelet_cluster_chan2_6.png,../MasterDataset/012621_121B_1_platelet_cluster_chan3_6.png,../MasterDataset/012621_121B_1_platelet_cluster_chan7_6.png,../MasterDataset/012621_121B_1_platelet_cluster_chan11_6.png
231,../MasterDataset/012621_121B_1_platelet_cluster_chan2_60.png,../MasterDataset/012621_121B_1_platelet_cluster_chan3_60.png,../MasterDataset/012621_121B_1_platelet_cluster_chan7_60.png,../MasterDataset/012621_121B_1_platelet_cluster_chan11_60.png
232,../MasterDataset/012621_121B_1_platelet_cluster_chan2_63.png,../MasterDataset/012621_121B_1_platelet_cluster_chan3_63.png,../MasterDataset/012621_121B_1_platelet_cluster_chan7_63.png,../MasterDataset/012621_121B_1_platelet_cluster_chan11_63.png
233,../MasterDataset/012621_121B_1_platelet_cluster_chan2_64.png,../MasterDataset/012621_121B_1_platelet_cluster_chan3_64.png,../MasterDataset/012621_121B_1_platelet_cluster_chan7_64.png,../MasterDataset/012621_121B_1_platelet_cluster_chan11_64.png
234,../MasterDataset/012621_121B_1_platelet_cluster_chan2_66.png,../MasterDataset/012621_121B_1_platelet_cluster_chan3_66.png,../MasterDataset/012621_121B_1_platelet_cluster_chan7_66.png,../MasterDataset/012621_121B_1_platelet_cluster_chan11_66.png
235,../MasterDataset/012621_121B_1_platelet_cluster_chan2_67.png,../MasterDataset/012621_121B_1_platelet_cluster_chan3_67.png,../MasterDataset/012621_121B_1_platelet_cluster_chan7_67.png,../MasterDataset/012621_121B_1_platelet_cluster_chan11_67.png
236,../MasterDataset/012621_121B_1_platelet_cluster_chan2_68.png,../MasterDataset/012621_121B_1_platelet_cluster_chan3_68.png,../MasterDataset/012621_121B_1_platelet_cluster_chan7_68.png,../MasterDataset/012621_121B_1_platelet_cluster_chan11_68.png
237,../MasterDataset/012621_121B_1_platelet_cluster_chan2_69.png,../MasterDataset/012621_121B_1_platelet_cluster_chan3_69.png,../MasterDataset/012621_121B_1_platelet_cluster_chan7_69.png,../MasterDataset/012621_121B_1_platelet_cluster_chan11_69.png
238,../MasterDataset/012621_121B_1_platelet_cluster_chan2_70.png,../MasterDataset/012621_121B_1_platelet_cluster_chan3_70.png,../MasterDataset/012621_121B_1_platelet_cluster_chan7_70.png,../MasterDataset/012621_121B_1_platelet_cluster_chan11_70.png
239,../MasterDataset/012621_121B_1_platelet_cluster_chan2_71.png,../MasterDataset/012621_121B_1_platelet_cluster_chan3_71.png,../MasterDataset/012621_121B_1_platelet_cluster_chan7_71.png,../MasterDataset/012621_121B_1_platelet_cluster_chan11_71.png
240,../MasterDataset/012621_121B_1_platelet_cluster_chan2_72.png,../MasterDataset/012621_121B_1_platelet_cluster_chan3_72.png,../MasterDataset/012621_121B_1_platelet_cluster_chan7_72.png,../MasterDataset/012621_121B_1_platelet_cluster_chan11_72.png
241,../MasterDataset/012621_121B_1_platelet_cluster_chan2_73.png,../MasterDataset/012621_121B_1_platelet_cluster_chan3_73.png,../MasterDataset/012621_121B_1_platelet_cluster_chan7_73.png,../MasterDataset/012621_121B_1_platelet_cluster_chan11_73.png
242,../MasterDataset/012621_121B_1_platelet_cluster_chan2_75.png,../MasterDataset/012621_121B_1_platelet_cluster_chan3_75.png,../MasterDataset/012621_121B_1_platelet_cluster_chan7_75.png,../MasterDataset/012621_121B_1_platelet_cluster_chan11_75.png
243,../MasterDataset/012621_121B_1_platelet_cluster_chan2_76.png,../MasterDataset/012621_121B_1_platelet_cluster_chan3_76.png,../MasterDataset/012621_121B_1_platelet_cluster_chan7_76.png,../MasterDataset/012621_121B_1_platelet_cluster_chan11_76.png
244,../MasterDataset/012621_121B_1_platelet_cluster_chan2_77.png,../MasterDataset/012621_121B_1_platelet_cluster_chan3_77.png,../MasterDataset/012621_121B_1_platelet_cluster_chan7_77.png,../MasterDataset/012621_121B_1_platelet_cluster_chan11_77.png
245,../MasterDataset/012621_121B_1_platelet_cluster_chan2_78.png,../MasterDataset/012621_121B_1_platelet_cluster_chan3_78.png,../MasterDataset/012621_121B_1_platelet_cluster_chan7_78.png,../MasterDataset/012621_121B_1_platelet_cluster_chan11_78.png
246,../MasterDataset/012621_121B_1_platelet_cluster_chan2_8.png,../MasterDataset/012621_121B_1_platelet_cluster_chan3_8.png,../MasterDataset/012621_121B_1_platelet_cluster_chan7_8.png,../MasterDataset/012621_121B_1_platelet_cluster_chan11_8.png
247,../MasterDataset/012621_121B_1_platelet_cluster_chan2_80.png,../MasterDataset/012621_121B_1_platelet_cluster_chan3_80.png,../MasterDataset/012621_121B_1_platelet_cluster_chan7_80.png,../MasterDataset/012621_121B_1_platelet_cluster_chan11_80.png
248,../MasterDataset/012621_121B_1_platelet_cluster_chan2_81.png,../MasterDataset/012621_121B_1_platelet_cluster_chan3_81.png,../MasterDataset/012621_121B_1_platelet_cluster_chan7_81.png,../MasterDataset/012621_121B_1_platelet_cluster_chan11_81.png
249,../MasterDataset/012621_121B_1_platelet_cluster_chan2_84.png,../MasterDataset/012621_121B_1_platelet_cluster_chan3_84.png,../MasterDataset/012621_121B_1_platelet_cluster_chan7_84.png,../MasterDataset/012621_121B_1_platelet_cluster_chan11_84.png
250,../MasterDataset/012621_121B_1_platelet_cluster_chan2_87.png,../MasterDataset/012621_121B_1_platelet_cluster_chan3_87.png,../MasterDataset/012621_121B_1_platelet_cluster_chan7_87.png,../MasterDataset/012621_121B_1_platelet_cluster_chan11_87.png
251,../MasterDataset/012621_121B_1_RBC_only_chan2_11.png,../MasterDataset/012621_121B_1_RBC_only_chan3_11.png,../MasterDataset/012621_121B_1_RBC_only_chan7_11.png,../MasterDataset/012621_121B_1_RBC_only_chan11_11.png
252,../MasterDataset/012621_121B_1_RBC_only_chan2_19.png,../MasterDataset/012621_121B_1_RBC_only_chan3_19.png,../MasterDataset/012621_121B_1_RBC_only_chan7_19.png,../MasterDataset/012621_121B_1_RBC_only_chan11_19.png
253,../MasterDataset/012621_121B_1_RBC_only_chan2_24.png,../MasterDataset/012621_121B_1_RBC_only_chan3_24.png,../MasterDataset/012621_121B_1_RBC_only_chan7_24.png,../MasterDataset/012621_121B_1_RBC_only_chan11_24.png
254,../MasterDataset/012621_121B_1_RBC_only_chan2_25.png,../MasterDataset/012621_121B_1_RBC_only_chan3_25.png,../MasterDataset/012621_121B_1_RBC_only_chan7_25.png,../MasterDataset/012621_121B_1_RBC_only_chan11_25.png
255,../MasterDataset/012621_121B_1_RBC_only_chan2_29.png,../MasterDataset/012621_121B_1_RBC_only_chan3_29.png,../MasterDataset/012621_121B_1_RBC_only_chan7_29.png,../MasterDataset/012621_121B_1_RBC_only_chan11_29.png
256,../MasterDataset/012621_121B_1_RBC_only_chan2_32.png,../MasterDataset/012621_121B_1_RBC_only_chan3_32.png,../MasterDataset/012621_121B_1_RBC_only_chan7_32.png,../MasterDataset/012621_121B_1_RBC_only_chan11_32.png
257,../MasterDataset/012621_121B_1_RBC_only_chan2_34.png,../MasterDataset/012621_121B_1_RBC_only_chan3_34.png,../MasterDataset/012621_121B_1_RBC_only_chan7_34.png,../MasterDataset/012621_121B_1_RBC_only_chan11_34.png
258,../MasterDataset/012621_121B_1_RBC_only_chan2_35.png,../MasterDataset/012621_121B_1_RBC_only_chan3_35.png,../MasterDataset/012621_121B_1_RBC_only_chan7_35.png,../MasterDataset/012621_121B_1_RBC_only_chan11_35.png
259,../MasterDataset/012621_121B_1_RBC_only_chan2_37.png,../MasterDataset/012621_121B_1_RBC_only_chan3_37.png,../MasterDataset/012621_121B_1_RBC_only_chan7_37.png,../MasterDataset/012621_121B_1_RBC_only_chan11_37.png
260,../MasterDataset/012621_121B_1_RBC_only_chan2_40.png,../MasterDataset/012621_121B_1_RBC_only_chan3_40.png,../MasterDataset/012621_121B_1_RBC_only_chan7_40.png,../MasterDataset/012621_121B_1_RBC_only_chan11_40.png
261,../MasterDataset/012621_121B_1_RBC_only_chan2_44.png,../MasterDataset/012621_121B_1_RBC_only_chan3_44.png,../MasterDataset/012621_121B_1_RBC_only_chan7_44.png,../MasterDataset/012621_121B_1_RBC_only_chan11_44.png
262,../MasterDataset/012621_121B_1_RBC_only_chan2_47.png,../MasterDataset/012621_121B_1_RBC_only_chan3_47.png,../MasterDataset/012621_121B_1_RBC_only_chan7_47.png,../MasterDataset/012621_121B_1_RBC_only_chan11_47.png
263,../MasterDataset/012621_121B_1_RBC_only_chan2_49.png,../MasterDataset/012621_121B_1_RBC_only_chan3_49.png,../MasterDataset/012621_121B_1_RBC_only_chan7_49.png,../MasterDataset/012621_121B_1_RBC_only_chan11_49.png
264,../MasterDataset/012621_121B_1_RBC_only_chan2_61.png,../MasterDataset/012621_121B_1_RBC_only_chan3_61.png,../MasterDataset/012621_121B_1_RBC_only_chan7_61.png,../MasterDataset/012621_121B_1_RBC_only_chan11_61.png
265,../MasterDataset/012621_121B_1_RBC_only_chan2_62.png,../MasterDataset/012621_121B_1_RBC_only_chan3_62.png,../MasterDataset/012621_121B_1_RBC_only_chan7_62.png,../MasterDataset/012621_121B_1_RBC_only_chan11_62.png
266,../MasterDataset/012621_121B_1_RBC_only_chan2_63.png,../MasterDataset/012621_121B_1_RBC_only_chan3_63.png,../MasterDataset/012621_121B_1_RBC_only_chan7_63.png,../MasterDataset/012621_121B_1_RBC_only_chan11_63.png
267,../MasterDataset/012621_121B_1_RBC_only_chan2_8.png,../MasterDataset/012621_121B_1_RBC_only_chan3_8.png,../MasterDataset/012621_121B_1_RBC_only_chan7_8.png,../MasterDataset/012621_121B_1_RBC_only_chan11_8.png
268,../MasterDataset/012621_121B_1_RBC_platelet_chan2_12.png,../MasterDataset/012621_121B_1_RBC_platelet_chan3_12.png,../MasterDataset/012621_121B_1_RBC_platelet_chan7_12.png,../MasterDataset/012621_121B_1_RBC_platelet_chan11_12.png
269,../MasterDataset/012621_121B_1_RBC_platelet_chan2_20.png,../MasterDataset/012621_121B_1_RBC_platelet_chan3_20.png,../MasterDataset/012621_121B_1_RBC_platelet_chan7_20.png,../MasterDataset/012621_121B_1_RBC_platelet_chan11_20.png
270,../MasterDataset/012621_121B_1_RBC_platelet_chan2_23.png,../MasterDataset/012621_121B_1_RBC_platelet_chan3_23.png,../MasterDataset/012621_121B_1_RBC_platelet_chan7_23.png,../MasterDataset/012621_121B_1_RBC_platelet_chan11_23.png
271,../MasterDataset/012621_121B_1_RBC_platelet_chan2_25.png,../MasterDataset/012621_121B_1_RBC_platelet_chan3_25.png,../MasterDataset/012621_121B_1_RBC_platelet_chan7_25.png,../MasterDataset/012621_121B_1_RBC_platelet_chan11_25.png
272,../MasterDataset/012621_121B_1_RBC_platelet_chan2_28.png,../MasterDataset/012621_121B_1_RBC_platelet_chan3_28.png,../MasterDataset/012621_121B_1_RBC_platelet_chan7_28.png,../MasterDataset/012621_121B_1_RBC_platelet_chan11_28.png
273,../MasterDataset/012621_121B_1_RBC_platelet_chan2_30.png,../MasterDataset/012621_121B_1_RBC_platelet_chan3_30.png,../MasterDataset/012621_121B_1_RBC_platelet_chan7_30.png,../MasterDataset/012621_121B_1_RBC_platelet_chan11_30.png
274,../MasterDataset/012621_121B_1_RBC_platelet_chan2_34.png,../MasterDataset/012621_121B_1_RBC_platelet_chan3_34.png,../MasterDataset/012621_121B_1_RBC_platelet_chan7_34.png,../MasterDataset/012621_121B_1_RBC_platelet_chan11_34.png
275,../MasterDataset/012621_121B_1_RBC_platelet_chan2_38.png,../MasterDataset/012621_121B_1_RBC_platelet_chan3_38.png,../MasterDataset/012621_121B_1_RBC_platelet_chan7_38.png,../MasterDataset/012621_121B_1_RBC_platelet_chan11_38.png
276,../MasterDataset/012621_121B_1_RBC_platelet_chan2_48.png,../MasterDataset/012621_121B_1_RBC_platelet_chan3_48.png,../MasterDataset/012621_121B_1_RBC_platelet_chan7_48.png,../MasterDataset/012621_121B_1_RBC_platelet_chan11_48.png
277,../MasterDataset/012621_121B_1_RBC_platelet_chan2_49.png,../MasterDataset/012621_121B_1_RBC_platelet_chan3_49.png,../MasterDataset/012621_121B_1_RBC_platelet_chan7_49.png,../MasterDataset/012621_121B_1_RBC_platelet_chan11_49.png
278,../MasterDataset/012621_121B_1_RBC_platelet_chan2_5.png,../MasterDataset/012621_121B_1_RBC_platelet_chan3_5.png,../MasterDataset/012621_121B_1_RBC_platelet_chan7_5.png,../MasterDataset/012621_121B_1_RBC_platelet_chan11_5.png
279,../MasterDataset/012621_121B_1_RBC_platelet_chan2_50.png,../MasterDataset/012621_121B_1_RBC_platelet_chan3_50.png,../MasterDataset/012621_121B_1_RBC_platelet_chan7_50.png,../MasterDataset/012621_121B_1_RBC_platelet_chan11_50.png
280,../MasterDataset/012621_121B_1_RBC_platelet_chan2_56.png,../MasterDataset/012621_121B_1_RBC_platelet_chan3_56.png,../MasterDataset/012621_121B_1_RBC_platelet_chan7_56.png,../MasterDataset/012621_121B_1_RBC_platelet_chan11_56.png
281,../MasterDataset/012621_121B_1_RBC_platelet_chan2_59.png,../MasterDataset/012621_121B_1_RBC_platelet_chan3_59.png,../MasterDataset/012621_121B_1_RBC_platelet_chan7_59.png,../MasterDataset/012621_121B_1_RBC_platelet_chan11_59.png
282,../MasterDataset/012621_121B_1_RBC_platelet_chan2_64.png,../MasterDataset/012621_121B_1_RBC_platelet_chan3_64.png,../MasterDataset/012621_121B_1_RBC_platelet_chan7_64.png,../MasterDataset/012621_121B_1_RBC_platelet_chan11_64.png
283,../MasterDataset/012621_121B_1_RBC_platelet_chan2_9.png,../MasterDataset/012621_121B_1_RBC_platelet_chan3_9.png,../MasterDataset/012621_121B_1_RBC_platelet_chan7_9.png,../MasterDataset/012621_121B_1_RBC_platelet_chan11_9.png
284,../MasterDataset/012621_121B_1_wbc_chan2_10.png,../MasterDataset/012621_121B_1_wbc_chan3_10.png,../MasterDataset/012621_121B_1_wbc_chan7_10.png,../MasterDataset/012621_121B_1_wbc_chan11_10.png
285,../MasterDataset/012621_121B_1_wbc_chan2_2.png,../MasterDataset/012621_121B_1_wbc_chan3_2.png,../MasterDataset/012621_121B_1_wbc_chan7_2.png,../MasterDataset/012621_121B_1_wbc_chan11_2.png
286,../MasterDataset/012621_121B_1_wbc_chan2_42.png,../MasterDataset/012621_121B_1_wbc_chan3_42.png,../MasterDataset/012621_121B_1_wbc_chan7_42.png,../MasterDataset/012621_121B_1_wbc_chan11_42.png
287,../MasterDataset/012621_121B_1_wbc_chan2_5.png,../MasterDataset/012621_121B_1_wbc_chan3_5.png,../MasterDataset/012621_121B_1_wbc_chan7_5.png,../MasterDataset/012621_121B_1_wbc_chan11_5.png
288,../MasterDataset/012621_121B_1_wbc_chan2_7.png,../MasterDataset/012621_121B_1_wbc_chan3_7.png,../MasterDataset/012621_121B_1_wbc_chan7_7.png,../MasterDataset/012621_121B_1_wbc_chan11_7.png
289,../MasterDataset/012621_121B_1_wbc_chan2_75.png,../MasterDataset/012621_121B_1_wbc_chan3_75.png,../MasterDataset/012621_121B_1_wbc_chan7_75.png,../MasterDataset/012621_121B_1_wbc_chan11_75.png
290,../MasterDataset/012621_121B_1_wbc_chan2_77.png,../MasterDataset/012621_121B_1_wbc_chan3_77.png,../MasterDataset/012621_121B_1_wbc_chan7_77.png,../MasterDataset/012621_121B_1_wbc_chan11_77.png
291,../MasterDataset/012621_121B_1_wbc_chan2_8.png,../MasterDataset/012621_121B_1_wbc_chan3_8.png,../MasterDataset/012621_121B_1_wbc_chan7_8.png,../MasterDataset/012621_121B_1_wbc_chan11_8.png
292,../MasterDataset/012621_121B_1_wbc_chan2_9.png,../MasterDataset/012621_121B_1_wbc_chan3_9.png,../MasterDataset/012621_121B_1_wbc_chan7_9.png,../MasterDataset/012621_121B_1_wbc_chan11_9.png
293,../MasterDataset/012621_126B_13_platelet_cluster_chan2_1.png,../MasterDataset/012621_126B_13_platelet_cluster_chan3_1.png,../MasterDataset/012621_126B_13_platelet_cluster_chan7_1.png,../MasterDataset/012621_126B_13_platelet_cluster_chan11_1.png
294,../MasterDataset/012621_126B_13_platelet_cluster_chan2_14.png,../MasterDataset/012621_126B_13_platelet_cluster_chan3_14.png,../MasterDataset/012621_126B_13_platelet_cluster_chan7_14.png,../MasterDataset/012621_126B_13_platelet_cluster_chan11_14.png
295,../MasterDataset/012621_126B_13_platelet_cluster_chan2_16.png,../MasterDataset/012621_126B_13_platelet_cluster_chan3_16.png,../MasterDataset/012621_126B_13_platelet_cluster_chan7_16.png,../MasterDataset/012621_126B_13_platelet_cluster_chan11_16.png
296,../MasterDataset/012621_126B_13_platelet_cluster_chan2_17.png,../MasterDataset/012621_126B_13_platelet_cluster_chan3_17.png,../MasterDataset/012621_126B_13_platelet_cluster_chan7_17.png,../MasterDataset/012621_126B_13_platelet_cluster_chan11_17.png
297,../MasterDataset/012621_126B_13_platelet_cluster_chan2_18.png,../MasterDataset/012621_126B_13_platelet_cluster_chan3_18.png,../MasterDataset/012621_126B_13_platelet_cluster_chan7_18.png,../MasterDataset/012621_126B_13_platelet_cluster_chan11_18.png
298,../MasterDataset/012621_126B_13_platelet_cluster_chan2_2.png,../MasterDataset/012621_126B_13_platelet_cluster_chan3_2.png,../MasterDataset/012621_126B_13_platelet_cluster_chan7_2.png,../MasterDataset/012621_126B_13_platelet_cluster_chan11_2.png
299,../MasterDataset/012621_126B_13_platelet_cluster_chan2_20.png,../MasterDataset/012621_126B_13_platelet_cluster_chan3_20.png,../MasterDataset/012621_126B_13_platelet_cluster_chan7_20.png,../MasterDataset/012621_126B_13_platelet_cluster_chan11_20.png
300,../MasterDataset/012621_126B_13_platelet_cluster_chan2_21.png,../MasterDataset/012621_126B_13_platelet_cluster_chan3_21.png,../MasterDataset/012621_126B_13_platelet_cluster_chan7_21.png,../MasterDataset/012621_126B_13_platelet_cluster_chan11_21.png
301,../MasterDataset/012621_126B_13_platelet_cluster_chan2_23.png,../MasterDataset/012621_126B_13_platelet_cluster_chan3_23.png,../MasterDataset/012621_126B_13_platelet_cluster_chan7_23.png,../MasterDataset/012621_126B_13_platelet_cluster_chan11_23.png
302,../MasterDataset/012621_126B_13_platelet_cluster_chan2_25.png,../MasterDataset/012621_126B_13_platelet_cluster_chan3_25.png,../MasterDataset/012621_126B_13_platelet_cluster_chan7_25.png,../MasterDataset/012621_126B_13_platelet_cluster_chan11_25.png
303,../MasterDataset/012621_126B_13_platelet_cluster_chan2_3.png,../MasterDataset/012621_126B_13_platelet_cluster_chan3_3.png,../MasterDataset/012621_126B_13_platelet_cluster_chan7_3.png,../MasterDataset/012621_126B_13_platelet_cluster_chan11_3.png
304,../MasterDataset/012621_126B_13_platelet_cluster_chan2_31.png,../MasterDataset/012621_126B_13_platelet_cluster_chan3_31.png,../MasterDataset/012621_126B_13_platelet_cluster_chan7_31.png,../MasterDataset/012621_126B_13_platelet_cluster_chan11_31.png
305,../MasterDataset/012621_126B_13_platelet_cluster_chan2_33.png,../MasterDataset/012621_126B_13_platelet_cluster_chan3_33.png,../MasterDataset/012621_126B_13_platelet_cluster_chan7_33.png,../MasterDataset/012621_126B_13_platelet_cluster_chan11_33.png
306,../MasterDataset/012621_126B_13_platelet_cluster_chan2_40.png,../MasterDataset/012621_126B_13_platelet_cluster_chan3_40.png,../MasterDataset/012621_126B_13_platelet_cluster_chan7_40.png,../MasterDataset/012621_126B_13_platelet_cluster_chan11_40.png
307,../MasterDataset/012621_126B_13_platelet_cluster_chan2_46.png,../MasterDataset/012621_126B_13_platelet_cluster_chan3_46.png,../MasterDataset/012621_126B_13_platelet_cluster_chan7_46.png,../MasterDataset/012621_126B_13_platelet_cluster_chan11_46.png
308,../MasterDataset/012621_126B_13_platelet_cluster_chan2_48.png,../MasterDataset/012621_126B_13_platelet_cluster_chan3_48.png,../MasterDataset/012621_126B_13_platelet_cluster_chan7_48.png,../MasterDataset/012621_126B_13_platelet_cluster_chan11_48.png
309,../MasterDataset/012621_126B_13_platelet_cluster_chan2_49.png,../MasterDataset/012621_126B_13_platelet_cluster_chan3_49.png,../MasterDataset/012621_126B_13_platelet_cluster_chan7_49.png,../MasterDataset/012621_126B_13_platelet_cluster_chan11_49.png
310,../MasterDataset/012621_126B_13_platelet_cluster_chan2_5.png,../MasterDataset/012621_126B_13_platelet_cluster_chan3_5.png,../MasterDataset/012621_126B_13_platelet_cluster_chan7_5.png,../MasterDataset/012621_126B_13_platelet_cluster_chan11_5.png
311,../MasterDataset/012621_126B_13_platelet_cluster_chan2_50.png,../MasterDataset/012621_126B_13_platelet_cluster_chan3_50.png,../MasterDataset/012621_126B_13_platelet_cluster_chan7_50.png,../MasterDataset/012621_126B_13_platelet_cluster_chan11_50.png
312,../MasterDataset/012621_126B_13_platelet_cluster_chan2_51.png,../MasterDataset/012621_126B_13_platelet_cluster_chan3_51.png,../MasterDataset/012621_126B_13_platelet_cluster_chan7_51.png,../MasterDataset/012621_126B_13_platelet_cluster_chan11_51.png
313,../MasterDataset/012621_126B_13_platelet_cluster_chan2_52.png,../MasterDataset/012621_126B_13_platelet_cluster_chan3_52.png,../MasterDataset/012621_126B_13_platelet_cluster_chan7_52.png,../MasterDataset/012621_126B_13_platelet_cluster_chan11_52.png
314,../MasterDataset/012621_126B_13_platelet_cluster_chan2_54.png,../MasterDataset/012621_126B_13_platelet_cluster_chan3_54.png,../MasterDataset/012621_126B_13_platelet_cluster_chan7_54.png,../MasterDataset/012621_126B_13_platelet_cluster_chan11_54.png
315,../MasterDataset/012621_126B_13_platelet_cluster_chan2_57.png,../MasterDataset/012621_126B_13_platelet_cluster_chan3_57.png,../MasterDataset/012621_126B_13_platelet_cluster_chan7_57.png,../MasterDataset/012621_126B_13_platelet_cluster_chan11_57.png
316,../MasterDataset/012621_126B_13_platelet_cluster_chan2_6.png,../MasterDataset/012621_126B_13_platelet_cluster_chan3_6.png,../MasterDataset/012621_126B_13_platelet_cluster_chan7_6.png,../MasterDataset/012621_126B_13_platelet_cluster_chan11_6.png
317,../MasterDataset/012621_126B_13_platelet_cluster_chan2_60.png,../MasterDataset/012621_126B_13_platelet_cluster_chan3_60.png,../MasterDataset/012621_126B_13_platelet_cluster_chan7_60.png,../MasterDataset/012621_126B_13_platelet_cluster_chan11_60.png
318,../MasterDataset/012621_126B_13_platelet_cluster_chan2_61.png,../MasterDataset/012621_126B_13_platelet_cluster_chan3_61.png,../MasterDataset/012621_126B_13_platelet_cluster_chan7_61.png,../MasterDataset/012621_126B_13_platelet_cluster_chan11_61.png
319,../MasterDataset/012621_126B_13_platelet_cluster_chan2_62.png,../MasterDataset/012621_126B_13_platelet_cluster_chan3_62.png,../MasterDataset/012621_126B_13_platelet_cluster_chan7_62.png,../MasterDataset/012621_126B_13_platelet_cluster_chan11_62.png
320,../MasterDataset/012621_126B_13_platelet_cluster_chan2_64.png,../MasterDataset/012621_126B_13_platelet_cluster_chan3_64.png,../MasterDataset/012621_126B_13_platelet_cluster_chan7_64.png,../MasterDataset/012621_126B_13_platelet_cluster_chan11_64.png
321,../MasterDataset/012621_126B_13_platelet_cluster_chan2_65.png,../MasterDataset/012621_126B_13_platelet_cluster_chan3_65.png,../MasterDataset/012621_126B_13_platelet_cluster_chan7_65.png,../MasterDataset/012621_126B_13_platelet_cluster_chan11_65.png
322,../MasterDataset/012621_126B_13_platelet_cluster_chan2_66.png,../MasterDataset/012621_126B_13_platelet_cluster_chan3_66.png,../MasterDataset/012621_126B_13_platelet_cluster_chan7_66.png,../MasterDataset/012621_126B_13_platelet_cluster_chan11_66.png
323,../MasterDataset/012621_126B_13_platelet_cluster_chan2_68.png,../MasterDataset/012621_126B_13_platelet_cluster_chan3_68.png,../MasterDataset/012621_126B_13_platelet_cluster_chan7_68.png,../MasterDataset/012621_126B_13_platelet_cluster_chan11_68.png
324,../MasterDataset/012621_126B_13_platelet_cluster_chan2_69.png,../MasterDataset/012621_126B_13_platelet_cluster_chan3_69.png,../MasterDataset/012621_126B_13_platelet_cluster_chan7_69.png,../MasterDataset/012621_126B_13_platelet_cluster_chan11_69.png
325,../MasterDataset/012621_126B_13_platelet_cluster_chan2_7.png,../MasterDataset/012621_126B_13_platelet_cluster_chan3_7.png,../MasterDataset/012621_126B_13_platelet_cluster_chan7_7.png,../MasterDataset/012621_126B_13_platelet_cluster_chan11_7.png
326,../MasterDataset/012621_126B_13_platelet_cluster_chan2_70.png,../MasterDataset/012621_126B_13_platelet_cluster_chan3_70.png,../MasterDataset/012621_126B_13_platelet_cluster_chan7_70.png,../MasterDataset/012621_126B_13_platelet_cluster_chan11_70.png
327,../MasterDataset/012621_126B_13_platelet_cluster_chan2_71.png,../MasterDataset/012621_126B_13_platelet_cluster_chan3_71.png,../MasterDataset/012621_126B_13_platelet_cluster_chan7_71.png,../MasterDataset/012621_126B_13_platelet_cluster_chan11_71.png
328,../MasterDataset/012621_126B_13_platelet_cluster_chan2_72.png,../MasterDataset/012621_126B_13_platelet_cluster_chan3_72.png,../MasterDataset/012621_126B_13_platelet_cluster_chan7_72.png,../MasterDataset/012621_126B_13_platelet_cluster_chan11_72.png
329,../MasterDataset/012621_126B_13_platelet_cluster_chan2_76.png,../MasterDataset/012621_126B_13_platelet_cluster_chan3_76.png,../MasterDataset/012621_126B_13_platelet_cluster_chan7_76.png,../MasterDataset/012621_126B_13_platelet_cluster_chan11_76.png
330,../MasterDataset/012621_126B_13_platelet_cluster_chan2_77.png,../MasterDataset/012621_126B_13_platelet_cluster_chan3_77.png,../MasterDataset/012621_126B_13_platelet_cluster_chan7_77.png,../MasterDataset/012621_126B_13_platelet_cluster_chan11_77.png
331,../MasterDataset/012621_126B_13_platelet_cluster_chan2_8.png,../MasterDataset/012621_126B_13_platelet_cluster_chan3_8.png,../MasterDataset/012621_126B_13_platelet_cluster_chan7_8.png,../MasterDataset/012621_126B_13_platelet_cluster_chan11_8.png
332,../MasterDataset/012621_126B_13_platelet_cluster_chan2_81.png,../MasterDataset/012621_126B_13_platelet_cluster_chan3_81.png,../MasterDataset/012621_126B_13_platelet_cluster_chan7_81.png,../MasterDataset/012621_126B_13_platelet_cluster_chan11_81.png
333,../MasterDataset/012621_126B_13_platelet_cluster_chan2_84.png,../MasterDataset/012621_126B_13_platelet_cluster_chan3_84.png,../MasterDataset/012621_126B_13_platelet_cluster_chan7_84.png,../MasterDataset/012621_126B_13_platelet_cluster_chan11_84.png
334,../MasterDataset/012621_126B_13_platelet_cluster_chan2_91.png,../MasterDataset/012621_126B_13_platelet_cluster_chan3_91.png,../MasterDataset/012621_126B_13_platelet_cluster_chan7_91.png,../MasterDataset/012621_126B_13_platelet_cluster_chan11_91.png
335,../MasterDataset/012621_126B_13_platelet_cluster_chan2_92.png,../MasterDataset/012621_126B_13_platelet_cluster_chan3_92.png,../MasterDataset/012621_126B_13_platelet_cluster_chan7_92.png,../MasterDataset/012621_126B_13_platelet_cluster_chan11_92.png
336,../MasterDataset/012621_126B_13_platelet_cluster_chan2_94.png,../MasterDataset/012621_126B_13_platelet_cluster_chan3_94.png,../MasterDataset/012621_126B_13_platelet_cluster_chan7_94.png,../MasterDataset/012621_126B_13_platelet_cluster_chan11_94.png
337,../MasterDataset/012621_126B_13_platelet_cluster_chan2_95.png,../MasterDataset/012621_126B_13_platelet_cluster_chan3_95.png,../MasterDataset/012621_126B_13_platelet_cluster_chan7_95.png,../MasterDataset/012621_126B_13_platelet_cluster_chan11_95.png
338,../MasterDataset/012621_126B_13_platelet_cluster_chan2_97.png,../MasterDataset/012621_126B_13_platelet_cluster_chan3_97.png,../MasterDataset/012621_126B_13_platelet_cluster_chan7_97.png,../MasterDataset/012621_126B_13_platelet_cluster_chan11_97.png
339,../MasterDataset/012621_126B_13_platelet_cluster_chan2_98.png,../MasterDataset/012621_126B_13_platelet_cluster_chan3_98.png,../MasterDataset/012621_126B_13_platelet_cluster_chan7_98.png,../MasterDataset/012621_126B_13_platelet_cluster_chan11_98.png
340,../MasterDataset/012621_126B_13_RBC_only_chan2_2.png,../MasterDataset/012621_126B_13_RBC_only_chan3_2.png,../MasterDataset/012621_126B_13_RBC_only_chan7_2.png,../MasterDataset/012621_126B_13_RBC_only_chan11_2.png
341,../MasterDataset/012621_126B_13_RBC_only_chan2_28.png,../MasterDataset/012621_126B_13_RBC_only_chan3_28.png,../MasterDataset/012621_126B_13_RBC_only_chan7_28.png,../MasterDataset/012621_126B_13_RBC_only_chan11_28.png
342,../MasterDataset/012621_126B_13_RBC_only_chan2_3.png,../MasterDataset/012621_126B_13_RBC_only_chan3_3.png,../MasterDataset/012621_126B_13_RBC_only_chan7_3.png,../MasterDataset/012621_126B_13_RBC_only_chan11_3.png
343,../MasterDataset/012621_126B_13_RBC_only_chan2_30.png,../MasterDataset/012621_126B_13_RBC_only_chan3_30.png,../MasterDataset/012621_126B_13_RBC_only_chan7_30.png,../MasterDataset/012621_126B_13_RBC_only_chan11_30.png
344,../MasterDataset/012621_126B_13_RBC_only_chan2_33.png,../MasterDataset/012621_126B_13_RBC_only_chan3_33.png,../MasterDataset/012621_126B_13_RBC_only_chan7_33.png,../MasterDataset/012621_126B_13_RBC_only_chan11_33.png
345,../MasterDataset/012621_126B_13_RBC_only_chan2_49.png,../MasterDataset/012621_126B_13_RBC_only_chan3_49.png,../MasterDataset/012621_126B_13_RBC_only_chan7_49.png,../MasterDataset/012621_126B_13_RBC_only_chan11_49.png
346,../MasterDataset/012621_126B_13_RBC_only_chan2_55.png,../MasterDataset/012621_126B_13_RBC_only_chan3_55.png,../MasterDataset/012621_126B_13_RBC_only_chan7_55.png,../MasterDataset/012621_126B_13_RBC_only_chan11_55.png
347,../MasterDataset/012621_126B_13_RBC_only_chan2_56.png,../MasterDataset/012621_126B_13_RBC_only_chan3_56.png,../MasterDataset/012621_126B_13_RBC_only_chan7_56.png,../MasterDataset/012621_126B_13_RBC_only_chan11_56.png
348,../MasterDataset/012621_126B_13_RBC_only_chan2_6.png,../MasterDataset/012621_126B_13_RBC_only_chan3_6.png,../MasterDataset/012621_126B_13_RBC_only_chan7_6.png,../MasterDataset/012621_126B_13_RBC_only_chan11_6.png
349,../MasterDataset/012621_126B_13_RBC_only_chan2_64.png,../MasterDataset/012621_126B_13_RBC_only_chan3_64.png,../MasterDataset/012621_126B_13_RBC_only_chan7_64.png,../MasterDataset/012621_126B_13_RBC_only_chan11_64.png
350,../MasterDataset/012621_126B_13_RBC_only_chan2_69.png,../MasterDataset/012621_126B_13_RBC_only_chan3_69.png,../MasterDataset/012621_126B_13_RBC_only_chan7_69.png,../MasterDataset/012621_126B_13_RBC_only_chan11_69.png
351,../MasterDataset/012621_126B_13_RBC_only_chan2_71.png,../MasterDataset/012621_126B_13_RBC_only_chan3_71.png,../MasterDataset/012621_126B_13_RBC_only_chan7_71.png,../MasterDataset/012621_126B_13_RBC_only_chan11_71.png
352,../MasterDataset/012621_126B_13_RBC_only_chan2_75.png,../MasterDataset/012621_126B_13_RBC_only_chan3_75.png,../MasterDataset/012621_126B_13_RBC_only_chan7_75.png,../MasterDataset/012621_126B_13_RBC_only_chan11_75.png
353,../MasterDataset/012621_126B_13_RBC_platelet_chan2_19.png,../MasterDataset/012621_126B_13_RBC_platelet_chan3_19.png,../MasterDataset/012621_126B_13_RBC_platelet_chan7_19.png,../MasterDataset/012621_126B_13_RBC_platelet_chan11_19.png
354,../MasterDataset/012621_126B_13_RBC_platelet_chan2_23.png,../MasterDataset/012621_126B_13_RBC_platelet_chan3_23.png,../MasterDataset/012621_126B_13_RBC_platelet_chan7_23.png,../MasterDataset/012621_126B_13_RBC_platelet_chan11_23.png
355,../MasterDataset/012621_126B_13_RBC_platelet_chan2_3.png,../MasterDataset/012621_126B_13_RBC_platelet_chan3_3.png,../MasterDataset/012621_126B_13_RBC_platelet_chan7_3.png,../MasterDataset/012621_126B_13_RBC_platelet_chan11_3.png
356,../MasterDataset/012621_126B_13_RBC_platelet_chan2_30.png,../MasterDataset/012621_126B_13_RBC_platelet_chan3_30.png,../MasterDataset/012621_126B_13_RBC_platelet_chan7_30.png,../MasterDataset/012621_126B_13_RBC_platelet_chan11_30.png
357,../MasterDataset/012621_126B_13_RBC_platelet_chan2_4.png,../MasterDataset/012621_126B_13_RBC_platelet_chan3_4.png,../MasterDataset/012621_126B_13_RBC_platelet_chan7_4.png,../MasterDataset/012621_126B_13_RBC_platelet_chan11_4.png
358,../MasterDataset/012621_126B_13_RBC_platelet_chan2_43.png,../MasterDataset/012621_126B_13_RBC_platelet_chan3_43.png,../MasterDataset/012621_126B_13_RBC_platelet_chan7_43.png,../MasterDataset/012621_126B_13_RBC_platelet_chan11_43.png
359,../MasterDataset/012621_126B_13_RBC_platelet_chan2_47.png,../MasterDataset/012621_126B_13_RBC_platelet_chan3_47.png,../MasterDataset/012621_126B_13_RBC_platelet_chan7_47.png,../MasterDataset/012621_126B_13_RBC_platelet_chan11_47.png
360,../MasterDataset/012621_126B_13_RBC_platelet_chan2_50.png,../MasterDataset/012621_126B_13_RBC_platelet_chan3_50.png,../MasterDataset/012621_126B_13_RBC_platelet_chan7_50.png,../MasterDataset/012621_126B_13_RBC_platelet_chan11_50.png
361,../MasterDataset/012621_126B_13_RBC_platelet_chan2_59.png,../MasterDataset/012621_126B_13_RBC_platelet_chan3_59.png,../MasterDataset/012621_126B_13_RBC_platelet_chan7_59.png,../MasterDataset/012621_126B_13_RBC_platelet_chan11_59.png
362,../MasterDataset/012621_126B_13_RBC_platelet_chan2_8.png,../MasterDataset/012621_126B_13_RBC_platelet_chan3_8.png,../MasterDataset/012621_126B_13_RBC_platelet_chan7_8.png,../MasterDataset/012621_126B_13_RBC_platelet_chan11_8.png
363,../MasterDataset/012621_126B_13_wbc_chan2_10.png,../MasterDataset/012621_126B_13_wbc_chan3_10.png,../MasterDataset/012621_126B_13_wbc_chan7_10.png,../MasterDataset/012621_126B_13_wbc_chan11_10.png
364,../MasterDataset/012621_126B_13_wbc_chan2_11.png,../MasterDataset/012621_126B_13_wbc_chan3_11.png,../MasterDataset/012621_126B_13_wbc_chan7_11.png,../MasterDataset/012621_126B_13_wbc_chan11_11.png
365,../MasterDataset/012621_126B_13_wbc_chan2_12.png,../MasterDataset/012621_126B_13_wbc_chan3_12.png,../MasterDataset/012621_126B_13_wbc_chan7_12.png,../MasterDataset/012621_126B_13_wbc_chan11_12.png
366,../MasterDataset/012621_126B_13_wbc_chan2_2.png,../MasterDataset/012621_126B_13_wbc_chan3_2.png,../MasterDataset/012621_126B_13_wbc_chan7_2.png,../MasterDataset/012621_126B_13_wbc_chan11_2.png
367,../MasterDataset/012621_126B_13_wbc_chan2_22.png,../MasterDataset/012621_126B_13_wbc_chan3_22.png,../MasterDataset/012621_126B_13_wbc_chan7_22.png,../MasterDataset/012621_126B_13_wbc_chan11_22.png
368,../MasterDataset/012621_126B_13_wbc_chan2_25.png,../MasterDataset/012621_126B_13_wbc_chan3_25.png,../MasterDataset/012621_126B_13_wbc_chan7_25.png,../MasterDataset/012621_126B_13_wbc_chan11_25.png
369,../MasterDataset/012621_126B_13_wbc_chan2_27.png,../MasterDataset/012621_126B_13_wbc_chan3_27.png,../MasterDataset/012621_126B_13_wbc_chan7_27.png,../MasterDataset/012621_126B_13_wbc_chan11_27.png
370,../MasterDataset/012621_126B_13_wbc_chan2_28.png,../MasterDataset/012621_126B_13_wbc_chan3_28.png,../MasterDataset/012621_126B_13_wbc_chan7_28.png,../MasterDataset/012621_126B_13_wbc_chan11_28.png
371,../MasterDataset/012621_126B_13_wbc_chan2_29.png,../MasterDataset/012621_126B_13_wbc_chan3_29.png,../MasterDataset/012621_126B_13_wbc_chan7_29.png,../MasterDataset/012621_126B_13_wbc_chan11_29.png
372,../MasterDataset/012621_126B_13_wbc_chan2_30.png,../MasterDataset/012621_126B_13_wbc_chan3_30.png,../MasterDataset/012621_126B_13_wbc_chan7_30.png,../MasterDataset/012621_126B_13_wbc_chan11_30.png
373,../MasterDataset/012621_126B_13_wbc_chan2_31.png,../MasterDataset/012621_126B_13_wbc_chan3_31.png,../MasterDataset/012621_126B_13_wbc_chan7_31.png,../MasterDataset/012621_126B_13_wbc_chan11_31.png
374,../MasterDataset/012621_126B_13_wbc_chan2_32.png,../MasterDataset/012621_126B_13_wbc_chan3_32.png,../MasterDataset/012621_126B_13_wbc_chan7_32.png,../MasterDataset/012621_126B_13_wbc_chan11_32.png
375,../MasterDataset/012621_126B_13_wbc_chan2_33.png,../MasterDataset/012621_126B_13_wbc_chan3_33.png,../MasterDataset/012621_126B_13_wbc_chan7_33.png,../MasterDataset/012621_126B_13_wbc_chan11_33.png
376,../MasterDataset/012621_126B_13_wbc_chan2_34.png,../MasterDataset/012621_126B_13_wbc_chan3_34.png,../MasterDataset/012621_126B_13_wbc_chan7_34.png,../MasterDataset/012621_126B_13_wbc_chan11_34.png
377,../MasterDataset/012621_126B_13_wbc_chan2_36.png,../MasterDataset/012621_126B_13_wbc_chan3_36.png,../MasterDataset/012621_126B_13_wbc_chan7_36.png,../MasterDataset/012621_126B_13_wbc_chan11_36.png
378,../MasterDataset/012621_126B_13_wbc_chan2_37.png,../MasterDataset/012621_126B_13_wbc_chan3_37.png,../MasterDataset/012621_126B_13_wbc_chan7_37.png,../MasterDataset/012621_126B_13_wbc_chan11_37.png
379,../MasterDataset/012621_126B_13_wbc_chan2_38.png,../MasterDataset/012621_126B_13_wbc_chan3_38.png,../MasterDataset/012621_126B_13_wbc_chan7_38.png,../MasterDataset/012621_126B_13_wbc_chan11_38.png
380,../MasterDataset/012621_126B_13_wbc_chan2_39.png,../MasterDataset/012621_126B_13_wbc_chan3_39.png,../MasterDataset/012621_126B_13_wbc_chan7_39.png,../MasterDataset/012621_126B_13_wbc_chan11_39.png
381,../MasterDataset/012621_126B_13_wbc_chan2_40.png,../MasterDataset/012621_126B_13_wbc_chan3_40.png,../MasterDataset/012621_126B_13_wbc_chan7_40.png,../MasterDataset/012621_126B_13_wbc_chan11_40.png
382,../MasterDataset/012621_126B_13_wbc_chan2_41.png,../MasterDataset/012621_126B_13_wbc_chan3_41.png,../MasterDataset/012621_126B_13_wbc_chan7_41.png,../MasterDataset/012621_126B_13_wbc_chan11_41.png
383,../MasterDataset/012621_126B_13_wbc_chan2_43.png,../MasterDataset/012621_126B_13_wbc_chan3_43.png,../MasterDataset/012621_126B_13_wbc_chan7_43.png,../MasterDataset/012621_126B_13_wbc_chan11_43.png
384,../MasterDataset/012621_126B_13_wbc_chan2_44.png,../MasterDataset/012621_126B_13_wbc_chan3_44.png,../MasterDataset/012621_126B_13_wbc_chan7_44.png,../MasterDataset/012621_126B_13_wbc_chan11_44.png
385,../MasterDataset/012621_126B_13_wbc_chan2_45.png,../MasterDataset/012621_126B_13_wbc_chan3_45.png,../MasterDataset/012621_126B_13_wbc_chan7_45.png,../MasterDataset/012621_126B_13_wbc_chan11_45.png
386,../MasterDataset/012621_126B_13_wbc_chan2_50.png,../MasterDataset/012621_126B_13_wbc_chan3_50.png,../MasterDataset/012621_126B_13_wbc_chan7_50.png,../MasterDataset/012621_126B_13_wbc_chan11_50.png
387,../MasterDataset/012621_126B_13_wbc_chan2_51.png,../MasterDataset/012621_126B_13_wbc_chan3_51.png,../MasterDataset/012621_126B_13_wbc_chan7_51.png,../MasterDataset/012621_126B_13_wbc_chan11_51.png
388,../MasterDataset/012621_126B_13_wbc_chan2_53.png,../MasterDataset/012621_126B_13_wbc_chan3_53.png,../MasterDataset/012621_126B_13_wbc_chan7_53.png,../MasterDataset/012621_126B_13_wbc_chan11_53.png
389,../MasterDataset/012621_126B_13_wbc_chan2_6.png,../MasterDataset/012621_126B_13_wbc_chan3_6.png,../MasterDataset/012621_126B_13_wbc_chan7_6.png,../MasterDataset/012621_126B_13_wbc_chan11_6.png
390,../MasterDataset/012621_135B_17_platelet_cluster_chan2_1.png,../MasterDataset/012621_135B_17_platelet_cluster_chan3_1.png,../MasterDataset/012621_135B_17_platelet_cluster_chan7_1.png,../MasterDataset/012621_135B_17_platelet_cluster_chan11_1.png
391,../MasterDataset/012621_135B_17_platelet_cluster_chan2_12.png,../MasterDataset/012621_135B_17_platelet_cluster_chan3_12.png,../MasterDataset/012621_135B_17_platelet_cluster_chan7_12.png,../MasterDataset/012621_135B_17_platelet_cluster_chan11_12.png
392,../MasterDataset/012621_135B_17_platelet_cluster_chan2_14.png,../MasterDataset/012621_135B_17_platelet_cluster_chan3_14.png,../MasterDataset/012621_135B_17_platelet_cluster_chan7_14.png,../MasterDataset/012621_135B_17_platelet_cluster_chan11_14.png
393,../MasterDataset/012621_135B_17_platelet_cluster_chan2_15.png,../MasterDataset/012621_135B_17_platelet_cluster_chan3_15.png,../MasterDataset/012621_135B_17_platelet_cluster_chan7_15.png,../MasterDataset/012621_135B_17_platelet_cluster_chan11_15.png
394,../MasterDataset/012621_135B_17_platelet_cluster_chan2_16.png,../MasterDataset/012621_135B_17_platelet_cluster_chan3_16.png,../MasterDataset/012621_135B_17_platelet_cluster_chan7_16.png,../MasterDataset/012621_135B_17_platelet_cluster_chan11_16.png
395,../MasterDataset/012621_135B_17_platelet_cluster_chan2_18.png,../MasterDataset/012621_135B_17_platelet_cluster_chan3_18.png,../MasterDataset/012621_135B_17_platelet_cluster_chan7_18.png,../MasterDataset/012621_135B_17_platelet_cluster_chan11_18.png
396,../MasterDataset/012621_135B_17_platelet_cluster_chan2_19.png,../MasterDataset/012621_135B_17_platelet_cluster_chan3_19.png,../MasterDataset/012621_135B_17_platelet_cluster_chan7_19.png,../MasterDataset/012621_135B_17_platelet_cluster_chan11_19.png
397,../MasterDataset/012621_135B_17_platelet_cluster_chan2_23.png,../MasterDataset/012621_135B_17_platelet_cluster_chan3_23.png,../MasterDataset/012621_135B_17_platelet_cluster_chan7_23.png,../MasterDataset/012621_135B_17_platelet_cluster_chan11_23.png
398,../MasterDataset/012621_135B_17_platelet_cluster_chan2_24.png,../MasterDataset/012621_135B_17_platelet_cluster_chan3_24.png,../MasterDataset/012621_135B_17_platelet_cluster_chan7_24.png,../MasterDataset/012621_135B_17_platelet_cluster_chan11_24.png
399,../MasterDataset/012621_135B_17_platelet_cluster_chan2_25.png,../MasterDataset/012621_135B_17_platelet_cluster_chan3_25.png,../MasterDataset/012621_135B_17_platelet_cluster_chan7_25.png,../MasterDataset/012621_135B_17_platelet_cluster_chan11_25.png
400,../MasterDataset/012621_135B_17_platelet_cluster_chan2_26.png,../MasterDataset/012621_135B_17_platelet_cluster_chan3_26.png,../MasterDataset/012621_135B_17_platelet_cluster_chan7_26.png,../MasterDataset/012621_135B_17_platelet_cluster_chan11_26.png
401,../MasterDataset/012621_135B_17_platelet_cluster_chan2_28.png,../MasterDataset/012621_135B_17_platelet_cluster_chan3_28.png,../MasterDataset/012621_135B_17_platelet_cluster_chan7_28.png,../MasterDataset/012621_135B_17_platelet_cluster_chan11_28.png
402,../MasterDataset/012621_135B_17_platelet_cluster_chan2_29.png,../MasterDataset/012621_135B_17_platelet_cluster_chan3_29.png,../MasterDataset/012621_135B_17_platelet_cluster_chan7_29.png,../MasterDataset/012621_135B_17_platelet_cluster_chan11_29.png
403,../MasterDataset/012621_135B_17_platelet_cluster_chan2_30.png,../MasterDataset/012621_135B_17_platelet_cluster_chan3_30.png,../MasterDataset/012621_135B_17_platelet_cluster_chan7_30.png,../MasterDataset/012621_135B_17_platelet_cluster_chan11_30.png
404,../MasterDataset/012621_135B_17_platelet_cluster_chan2_31.png,../MasterDataset/012621_135B_17_platelet_cluster_chan3_31.png,../MasterDataset/012621_135B_17_platelet_cluster_chan7_31.png,../MasterDataset/012621_135B_17_platelet_cluster_chan11_31.png
405,../MasterDataset/012621_135B_17_platelet_cluster_chan2_32.png,../MasterDataset/012621_135B_17_platelet_cluster_chan3_32.png,../MasterDataset/012621_135B_17_platelet_cluster_chan7_32.png,../MasterDataset/012621_135B_17_platelet_cluster_chan11_32.png
406,../MasterDataset/012621_135B_17_platelet_cluster_chan2_33.png,../MasterDataset/012621_135B_17_platelet_cluster_chan3_33.png,../MasterDataset/012621_135B_17_platelet_cluster_chan7_33.png,../MasterDataset/012621_135B_17_platelet_cluster_chan11_33.png
407,../MasterDataset/012621_135B_17_platelet_cluster_chan2_34.png,../MasterDataset/012621_135B_17_platelet_cluster_chan3_34.png,../MasterDataset/012621_135B_17_platelet_cluster_chan7_34.png,../MasterDataset/012621_135B_17_platelet_cluster_chan11_34.png
408,../MasterDataset/012621_135B_17_platelet_cluster_chan2_35.png,../MasterDataset/012621_135B_17_platelet_cluster_chan3_35.png,../MasterDataset/012621_135B_17_platelet_cluster_chan7_35.png,../MasterDataset/012621_135B_17_platelet_cluster_chan11_35.png
409,../MasterDataset/012621_135B_17_platelet_cluster_chan2_36.png,../MasterDataset/012621_135B_17_platelet_cluster_chan3_36.png,../MasterDataset/012621_135B_17_platelet_cluster_chan7_36.png,../MasterDataset/012621_135B_17_platelet_cluster_chan11_36.png
410,../MasterDataset/012621_135B_17_platelet_cluster_chan2_37.png,../MasterDataset/012621_135B_17_platelet_cluster_chan3_37.png,../MasterDataset/012621_135B_17_platelet_cluster_chan7_37.png,../MasterDataset/012621_135B_17_platelet_cluster_chan11_37.png
411,../MasterDataset/012621_135B_17_platelet_cluster_chan2_39.png,../MasterDataset/012621_135B_17_platelet_cluster_chan3_39.png,../MasterDataset/012621_135B_17_platelet_cluster_chan7_39.png,../MasterDataset/012621_135B_17_platelet_cluster_chan11_39.png
412,../MasterDataset/012621_135B_17_platelet_cluster_chan2_4.png,../MasterDataset/012621_135B_17_platelet_cluster_chan3_4.png,../MasterDataset/012621_135B_17_platelet_cluster_chan7_4.png,../MasterDataset/012621_135B_17_platelet_cluster_chan11_4.png
413,../MasterDataset/012621_135B_17_platelet_cluster_chan2_40.png,../MasterDataset/012621_135B_17_platelet_cluster_chan3_40.png,../MasterDataset/012621_135B_17_platelet_cluster_chan7_40.png,../MasterDataset/012621_135B_17_platelet_cluster_chan11_40.png
414,../MasterDataset/012621_135B_17_platelet_cluster_chan2_42.png,../MasterDataset/012621_135B_17_platelet_cluster_chan3_42.png,../MasterDataset/012621_135B_17_platelet_cluster_chan7_42.png,../MasterDataset/012621_135B_17_platelet_cluster_chan11_42.png
415,../MasterDataset/012621_135B_17_platelet_cluster_chan2_43.png,../MasterDataset/012621_135B_17_platelet_cluster_chan3_43.png,../MasterDataset/012621_135B_17_platelet_cluster_chan7_43.png,../MasterDataset/012621_135B_17_platelet_cluster_chan11_43.png
416,../MasterDataset/012621_135B_17_platelet_cluster_chan2_45.png,../MasterDataset/012621_135B_17_platelet_cluster_chan3_45.png,../MasterDataset/012621_135B_17_platelet_cluster_chan7_45.png,../MasterDataset/012621_135B_17_platelet_cluster_chan11_45.png
417,../MasterDataset/012621_135B_17_platelet_cluster_chan2_46.png,../MasterDataset/012621_135B_17_platelet_cluster_chan3_46.png,../MasterDataset/012621_135B_17_platelet_cluster_chan7_46.png,../MasterDataset/012621_135B_17_platelet_cluster_chan11_46.png
418,../MasterDataset/012621_135B_17_platelet_cluster_chan2_47.png,../MasterDataset/012621_135B_17_platelet_cluster_chan3_47.png,../MasterDataset/012621_135B_17_platelet_cluster_chan7_47.png,../MasterDataset/012621_135B_17_platelet_cluster_chan11_47.png
419,../MasterDataset/012621_135B_17_platelet_cluster_chan2_48.png,../MasterDataset/012621_135B_17_platelet_cluster_chan3_48.png,../MasterDataset/012621_135B_17_platelet_cluster_chan7_48.png,../MasterDataset/012621_135B_17_platelet_cluster_chan11_48.png
420,../MasterDataset/012621_135B_17_platelet_cluster_chan2_5.png,../MasterDataset/012621_135B_17_platelet_cluster_chan3_5.png,../MasterDataset/012621_135B_17_platelet_cluster_chan7_5.png,../MasterDataset/012621_135B_17_platelet_cluster_chan11_5.png
421,../MasterDataset/012621_135B_17_platelet_cluster_chan2_51.png,../MasterDataset/012621_135B_17_platelet_cluster_chan3_51.png,../MasterDataset/012621_135B_17_platelet_cluster_chan7_51.png,../MasterDataset/012621_135B_17_platelet_cluster_chan11_51.png
422,../MasterDataset/012621_135B_17_platelet_cluster_chan2_52.png,../MasterDataset/012621_135B_17_platelet_cluster_chan3_52.png,../MasterDataset/012621_135B_17_platelet_cluster_chan7_52.png,../MasterDataset/012621_135B_17_platelet_cluster_chan11_52.png
423,../MasterDataset/012621_135B_17_platelet_cluster_chan2_53.png,../MasterDataset/012621_135B_17_platelet_cluster_chan3_53.png,../MasterDataset/012621_135B_17_platelet_cluster_chan7_53.png,../MasterDataset/012621_135B_17_platelet_cluster_chan11_53.png
424,../MasterDataset/012621_135B_17_platelet_cluster_chan2_55.png,../MasterDataset/012621_135B_17_platelet_cluster_chan3_55.png,../MasterDataset/012621_135B_17_platelet_cluster_chan7_55.png,../MasterDataset/012621_135B_17_platelet_cluster_chan11_55.png
425,../MasterDataset/012621_135B_17_platelet_cluster_chan2_56.png,../MasterDataset/012621_135B_17_platelet_cluster_chan3_56.png,../MasterDataset/012621_135B_17_platelet_cluster_chan7_56.png,../MasterDataset/012621_135B_17_platelet_cluster_chan11_56.png
426,../MasterDataset/012621_135B_17_platelet_cluster_chan2_57.png,../MasterDataset/012621_135B_17_platelet_cluster_chan3_57.png,../MasterDataset/012621_135B_17_platelet_cluster_chan7_57.png,../MasterDataset/012621_135B_17_platelet_cluster_chan11_57.png
427,../MasterDataset/012621_135B_17_platelet_cluster_chan2_58.png,../MasterDataset/012621_135B_17_platelet_cluster_chan3_58.png,../MasterDataset/012621_135B_17_platelet_cluster_chan7_58.png,../MasterDataset/012621_135B_17_platelet_cluster_chan11_58.png
428,../MasterDataset/012621_135B_17_platelet_cluster_chan2_59.png,../MasterDataset/012621_135B_17_platelet_cluster_chan3_59.png,../MasterDataset/012621_135B_17_platelet_cluster_chan7_59.png,../MasterDataset/012621_135B_17_platelet_cluster_chan11_59.png
429,../MasterDataset/012621_135B_17_platelet_cluster_chan2_6.png,../MasterDataset/012621_135B_17_platelet_cluster_chan3_6.png,../MasterDataset/012621_135B_17_platelet_cluster_chan7_6.png,../MasterDataset/012621_135B_17_platelet_cluster_chan11_6.png
430,../MasterDataset/012621_135B_17_platelet_cluster_chan2_60.png,../MasterDataset/012621_135B_17_platelet_cluster_chan3_60.png,../MasterDataset/012621_135B_17_platelet_cluster_chan7_60.png,../MasterDataset/012621_135B_17_platelet_cluster_chan11_60.png
431,../MasterDataset/012621_135B_17_platelet_cluster_chan2_62.png,../MasterDataset/012621_135B_17_platelet_cluster_chan3_62.png,../MasterDataset/012621_135B_17_platelet_cluster_chan7_62.png,../MasterDataset/012621_135B_17_platelet_cluster_chan11_62.png
432,../MasterDataset/012621_135B_17_platelet_cluster_chan2_63.png,../MasterDataset/012621_135B_17_platelet_cluster_chan3_63.png,../MasterDataset/012621_135B_17_platelet_cluster_chan7_63.png,../MasterDataset/012621_135B_17_platelet_cluster_chan11_63.png
433,../MasterDataset/012621_135B_17_platelet_cluster_chan2_64.png,../MasterDataset/012621_135B_17_platelet_cluster_chan3_64.png,../MasterDataset/012621_135B_17_platelet_cluster_chan7_64.png,../MasterDataset/012621_135B_17_platelet_cluster_chan11_64.png
434,../MasterDataset/012621_135B_17_platelet_cluster_chan2_66.png,../MasterDataset/012621_135B_17_platelet_cluster_chan3_66.png,../MasterDataset/012621_135B_17_platelet_cluster_chan7_66.png,../MasterDataset/012621_135B_17_platelet_cluster_chan11_66.png
435,../MasterDataset/012621_135B_17_platelet_cluster_chan2_69.png,../MasterDataset/012621_135B_17_platelet_cluster_chan3_69.png,../MasterDataset/012621_135B_17_platelet_cluster_chan7_69.png,../MasterDataset/012621_135B_17_platelet_cluster_chan11_69.png
436,../MasterDataset/012621_135B_17_platelet_cluster_chan2_7.png,../MasterDataset/012621_135B_17_platelet_cluster_chan3_7.png,../MasterDataset/012621_135B_17_platelet_cluster_chan7_7.png,../MasterDataset/012621_135B_17_platelet_cluster_chan11_7.png
437,../MasterDataset/012621_135B_17_platelet_cluster_chan2_70.png,../MasterDataset/012621_135B_17_platelet_cluster_chan3_70.png,../MasterDataset/012621_135B_17_platelet_cluster_chan7_70.png,../MasterDataset/012621_135B_17_platelet_cluster_chan11_70.png
438,../MasterDataset/012621_135B_17_platelet_cluster_chan2_72.png,../MasterDataset/012621_135B_17_platelet_cluster_chan3_72.png,../MasterDataset/012621_135B_17_platelet_cluster_chan7_72.png,../MasterDataset/012621_135B_17_platelet_cluster_chan11_72.png
439,../MasterDataset/012621_135B_17_platelet_cluster_chan2_73.png,../MasterDataset/012621_135B_17_platelet_cluster_chan3_73.png,../MasterDataset/012621_135B_17_platelet_cluster_chan7_73.png,../MasterDataset/012621_135B_17_platelet_cluster_chan11_73.png
440,../MasterDataset/012621_135B_17_platelet_cluster_chan2_75.png,../MasterDataset/012621_135B_17_platelet_cluster_chan3_75.png,../MasterDataset/012621_135B_17_platelet_cluster_chan7_75.png,../MasterDataset/012621_135B_17_platelet_cluster_chan11_75.png
441,../MasterDataset/012621_135B_17_platelet_cluster_chan2_76.png,../MasterDataset/012621_135B_17_platelet_cluster_chan3_76.png,../MasterDataset/012621_135B_17_platelet_cluster_chan7_76.png,../MasterDataset/012621_135B_17_platelet_cluster_chan11_76.png
442,../MasterDataset/012621_135B_17_platelet_cluster_chan2_77.png,../MasterDataset/012621_135B_17_platelet_cluster_chan3_77.png,../MasterDataset/012621_135B_17_platelet_cluster_chan7_77.png,../MasterDataset/012621_135B_17_platelet_cluster_chan11_77.png
443,../MasterDataset/012621_135B_17_platelet_cluster_chan2_79.png,../MasterDataset/012621_135B_17_platelet_cluster_chan3_79.png,../MasterDataset/012621_135B_17_platelet_cluster_chan7_79.png,../MasterDataset/012621_135B_17_platelet_cluster_chan11_79.png
444,../MasterDataset/012621_135B_17_platelet_cluster_chan2_83.png,../MasterDataset/012621_135B_17_platelet_cluster_chan3_83.png,../MasterDataset/012621_135B_17_platelet_cluster_chan7_83.png,../MasterDataset/012621_135B_17_platelet_cluster_chan11_83.png
445,../MasterDataset/012621_135B_17_platelet_cluster_chan2_85.png,../MasterDataset/012621_135B_17_platelet_cluster_chan3_85.png,../MasterDataset/012621_135B_17_platelet_cluster_chan7_85.png,../MasterDataset/012621_135B_17_platelet_cluster_chan11_85.png
446,../MasterDataset/012621_135B_17_platelet_cluster_chan2_86.png,../MasterDataset/012621_135B_17_platelet_cluster_chan3_86.png,../MasterDataset/012621_135B_17_platelet_cluster_chan7_86.png,../MasterDataset/012621_135B_17_platelet_cluster_chan11_86.png
447,../MasterDataset/012621_135B_17_platelet_cluster_chan2_87.png,../MasterDataset/012621_135B_17_platelet_cluster_chan3_87.png,../MasterDataset/012621_135B_17_platelet_cluster_chan7_87.png,../MasterDataset/012621_135B_17_platelet_cluster_chan11_87.png
448,../MasterDataset/012621_135B_17_platelet_cluster_chan2_89.png,../MasterDataset/012621_135B_17_platelet_cluster_chan3_89.png,../MasterDataset/012621_135B_17_platelet_cluster_chan7_89.png,../MasterDataset/012621_135B_17_platelet_cluster_chan11_89.png
449,../MasterDataset/012621_135B_17_platelet_cluster_chan2_9.png,../MasterDataset/012621_135B_17_platelet_cluster_chan3_9.png,../MasterDataset/012621_135B_17_platelet_cluster_chan7_9.png,../MasterDataset/012621_135B_17_platelet_cluster_chan11_9.png
450,../MasterDataset/012621_135B_17_platelet_cluster_chan2_95.png,../MasterDataset/012621_135B_17_platelet_cluster_chan3_95.png,../MasterDataset/012621_135B_17_platelet_cluster_chan7_95.png,../MasterDataset/012621_135B_17_platelet_cluster_chan11_95.png
451,../MasterDataset/012621_135B_17_platelet_cluster_chan2_96.png,../MasterDataset/012621_135B_17_platelet_cluster_chan3_96.png,../MasterDataset/012621_135B_17_platelet_cluster_chan7_96.png,../MasterDataset/012621_135B_17_platelet_cluster_chan11_96.png
452,../MasterDataset/012621_135B_17_platelet_cluster_chan2_97.png,../MasterDataset/012621_135B_17_platelet_cluster_chan3_97.png,../MasterDataset/012621_135B_17_platelet_cluster_chan7_97.png,../MasterDataset/012621_135B_17_platelet_cluster_chan11_97.png
453,../MasterDataset/012621_135B_17_platelet_cluster_chan2_98.png,../MasterDataset/012621_135B_17_platelet_cluster_chan3_98.png,../MasterDataset/012621_135B_17_platelet_cluster_chan7_98.png,../MasterDataset/012621_135B_17_platelet_cluster_chan11_98.png
454,../MasterDataset/012621_135B_17_RBC_only_chan2_15.png,../MasterDataset/012621_135B_17_RBC_only_chan3_15.png,../MasterDataset/012621_135B_17_RBC_only_chan7_15.png,../MasterDataset/012621_135B_17_RBC_only_chan11_15.png
455,../MasterDataset/012621_135B_17_RBC_only_chan2_23.png,../MasterDataset/012621_135B_17_RBC_only_chan3_23.png,../MasterDataset/012621_135B_17_RBC_only_chan7_23.png,../MasterDataset/012621_135B_17_RBC_only_chan11_23.png
456,../MasterDataset/012621_135B_17_RBC_only_chan2_31.png,../MasterDataset/012621_135B_17_RBC_only_chan3_31.png,../MasterDataset/012621_135B_17_RBC_only_chan7_31.png,../MasterDataset/012621_135B_17_RBC_only_chan11_31.png
457,../MasterDataset/012621_135B_17_RBC_only_chan2_37.png,../MasterDataset/012621_135B_17_RBC_only_chan3_37.png,../MasterDataset/012621_135B_17_RBC_only_chan7_37.png,../MasterDataset/012621_135B_17_RBC_only_chan11_37.png
458,../MasterDataset/012621_135B_17_RBC_only_chan2_50.png,../MasterDataset/012621_135B_17_RBC_only_chan3_50.png,../MasterDataset/012621_135B_17_RBC_only_chan7_50.png,../MasterDataset/012621_135B_17_RBC_only_chan11_50.png
459,../MasterDataset/012621_135B_17_RBC_only_chan2_51.png,../MasterDataset/012621_135B_17_RBC_only_chan3_51.png,../MasterDataset/012621_135B_17_RBC_only_chan7_51.png,../MasterDataset/012621_135B_17_RBC_only_chan11_51.png
460,../MasterDataset/012621_135B_17_RBC_only_chan2_52.png,../MasterDataset/012621_135B_17_RBC_only_chan3_52.png,../MasterDataset/012621_135B_17_RBC_only_chan7_52.png,../MasterDataset/012621_135B_17_RBC_only_chan11_52.png
461,../MasterDataset/012621_135B_17_RBC_only_chan2_55.png,../MasterDataset/012621_135B_17_RBC_only_chan3_55.png,../MasterDataset/012621_135B_17_RBC_only_chan7_55.png,../MasterDataset/012621_135B_17_RBC_only_chan11_55.png
462,../MasterDataset/012621_135B_17_RBC_only_chan2_6.png,../MasterDataset/012621_135B_17_RBC_only_chan3_6.png,../MasterDataset/012621_135B_17_RBC_only_chan7_6.png,../MasterDataset/012621_135B_17_RBC_only_chan11_6.png
463,../MasterDataset/012621_135B_17_RBC_only_chan2_9.png,../MasterDataset/012621_135B_17_RBC_only_chan3_9.png,../MasterDataset/012621_135B_17_RBC_only_chan7_9.png,../MasterDataset/012621_135B_17_RBC_only_chan11_9.png
464,../MasterDataset/012621_135B_17_RBC_platelet_chan2_1.png,../MasterDataset/012621_135B_17_RBC_platelet_chan3_1.png,../MasterDataset/012621_135B_17_RBC_platelet_chan7_1.png,../MasterDataset/012621_135B_17_RBC_platelet_chan11_1.png
465,../MasterDataset/012621_135B_17_RBC_platelet_chan2_11.png,../MasterDataset/012621_135B_17_RBC_platelet_chan3_11.png,../MasterDataset/012621_135B_17_RBC_platelet_chan7_11.png,../MasterDataset/012621_135B_17_RBC_platelet_chan11_11.png
466,../MasterDataset/012621_135B_17_RBC_platelet_chan2_13.png,../MasterDataset/012621_135B_17_RBC_platelet_chan3_13.png,../MasterDataset/012621_135B_17_RBC_platelet_chan7_13.png,../MasterDataset/012621_135B_17_RBC_platelet_chan11_13.png
467,../MasterDataset/012621_135B_17_RBC_platelet_chan2_15.png,../MasterDataset/012621_135B_17_RBC_platelet_chan3_15.png,../MasterDataset/012621_135B_17_RBC_platelet_chan7_15.png,../MasterDataset/012621_135B_17_RBC_platelet_chan11_15.png
468,../MasterDataset/012621_135B_17_RBC_platelet_chan2_16.png,../MasterDataset/012621_135B_17_RBC_platelet_chan3_16.png,../MasterDataset/012621_135B_17_RBC_platelet_chan7_16.png,../MasterDataset/012621_135B_17_RBC_platelet_chan11_16.png
469,../MasterDataset/012621_135B_17_RBC_platelet_chan2_18.png,../MasterDataset/012621_135B_17_RBC_platelet_chan3_18.png,../MasterDataset/012621_135B_17_RBC_platelet_chan7_18.png,../MasterDataset/012621_135B_17_RBC_platelet_chan11_18.png
470,../MasterDataset/012621_135B_17_RBC_platelet_chan2_20.png,../MasterDataset/012621_135B_17_RBC_platelet_chan3_20.png,../MasterDataset/012621_135B_17_RBC_platelet_chan7_20.png,../MasterDataset/012621_135B_17_RBC_platelet_chan11_20.png
471,../MasterDataset/012621_135B_17_RBC_platelet_chan2_26.png,../MasterDataset/012621_135B_17_RBC_platelet_chan3_26.png,../MasterDataset/012621_135B_17_RBC_platelet_chan7_26.png,../MasterDataset/012621_135B_17_RBC_platelet_chan11_26.png
472,../MasterDataset/012621_135B_17_RBC_platelet_chan2_32.png,../MasterDataset/012621_135B_17_RBC_platelet_chan3_32.png,../MasterDataset/012621_135B_17_RBC_platelet_chan7_32.png,../MasterDataset/012621_135B_17_RBC_platelet_chan11_32.png
473,../MasterDataset/012621_135B_17_RBC_platelet_chan2_35.png,../MasterDataset/012621_135B_17_RBC_platelet_chan3_35.png,../MasterDataset/012621_135B_17_RBC_platelet_chan7_35.png,../MasterDataset/012621_135B_17_RBC_platelet_chan11_35.png
474,../MasterDataset/012621_135B_17_RBC_platelet_chan2_36.png,../MasterDataset/012621_135B_17_RBC_platelet_chan3_36.png,../MasterDataset/012621_135B_17_RBC_platelet_chan7_36.png,../MasterDataset/012621_135B_17_RBC_platelet_chan11_36.png
475,../MasterDataset/012621_135B_17_RBC_platelet_chan2_38.png,../MasterDataset/012621_135B_17_RBC_platelet_chan3_38.png,../MasterDataset/012621_135B_17_RBC_platelet_chan7_38.png,../MasterDataset/012621_135B_17_RBC_platelet_chan11_38.png
476,../MasterDataset/012621_135B_17_RBC_platelet_chan2_39.png,../MasterDataset/012621_135B_17_RBC_platelet_chan3_39.png,../MasterDataset/012621_135B_17_RBC_platelet_chan7_39.png,../MasterDataset/012621_135B_17_RBC_platelet_chan11_39.png
477,../MasterDataset/012621_135B_17_RBC_platelet_chan2_40.png,../MasterDataset/012621_135B_17_RBC_platelet_chan3_40.png,../MasterDataset/012621_135B_17_RBC_platelet_chan7_40.png,../MasterDataset/012621_135B_17_RBC_platelet_chan11_40.png
478,../MasterDataset/012621_135B_17_RBC_platelet_chan2_41.png,../MasterDataset/012621_135B_17_RBC_platelet_chan3_41.png,../MasterDataset/012621_135B_17_RBC_platelet_chan7_41.png,../MasterDataset/012621_135B_17_RBC_platelet_chan11_41.png
479,../MasterDataset/012621_135B_17_RBC_platelet_chan2_45.png,../MasterDataset/012621_135B_17_RBC_platelet_chan3_45.png,../MasterDataset/012621_135B_17_RBC_platelet_chan7_45.png,../MasterDataset/012621_135B_17_RBC_platelet_chan11_45.png
480,../MasterDataset/012621_135B_17_RBC_platelet_chan2_48.png,../MasterDataset/012621_135B_17_RBC_platelet_chan3_48.png,../MasterDataset/012621_135B_17_RBC_platelet_chan7_48.png,../MasterDataset/012621_135B_17_RBC_platelet_chan11_48.png
481,../MasterDataset/012621_135B_17_RBC_platelet_chan2_53.png,../MasterDataset/012621_135B_17_RBC_platelet_chan3_53.png,../MasterDataset/012621_135B_17_RBC_platelet_chan7_53.png,../MasterDataset/012621_135B_17_RBC_platelet_chan11_53.png
482,../MasterDataset/012621_135B_17_RBC_platelet_chan2_56.png,../MasterDataset/012621_135B_17_RBC_platelet_chan3_56.png,../MasterDataset/012621_135B_17_RBC_platelet_chan7_56.png,../MasterDataset/012621_135B_17_RBC_platelet_chan11_56.png
483,../MasterDataset/012621_135B_17_RBC_platelet_chan2_65.png,../MasterDataset/012621_135B_17_RBC_platelet_chan3_65.png,../MasterDataset/012621_135B_17_RBC_platelet_chan7_65.png,../MasterDataset/012621_135B_17_RBC_platelet_chan11_65.png
484,../MasterDataset/012621_135B_17_wbc_chan2_10.png,../MasterDataset/012621_135B_17_wbc_chan3_10.png,../MasterDataset/012621_135B_17_wbc_chan7_10.png,../MasterDataset/012621_135B_17_wbc_chan11_10.png
485,../MasterDataset/012621_135B_17_wbc_chan2_13.png,../MasterDataset/012621_135B_17_wbc_chan3_13.png,../MasterDataset/012621_135B_17_wbc_chan7_13.png,../MasterDataset/012621_135B_17_wbc_chan11_13.png
486,../MasterDataset/012621_135B_17_wbc_chan2_27.png,../MasterDataset/012621_135B_17_wbc_chan3_27.png,../MasterDataset/012621_135B_17_wbc_chan7_27.png,../MasterDataset/012621_135B_17_wbc_chan11_27.png
487,../MasterDataset/012621_135B_17_wbc_chan2_4.png,../MasterDataset/012621_135B_17_wbc_chan3_4.png,../MasterDataset/012621_135B_17_wbc_chan7_4.png,../MasterDataset/012621_135B_17_wbc_chan11_4.png
488,../MasterDataset/012621_135B_17_wbc_chan2_6.png,../MasterDataset/012621_135B_17_wbc_chan3_6.png,../MasterDataset/012621_135B_17_wbc_chan7_6.png,../MasterDataset/012621_135B_17_wbc_chan11_6.png
489,../MasterDataset/012621_135B_17_wbc_chan2_7.png,../MasterDataset/012621_135B_17_wbc_chan3_7.png,../MasterDataset/012621_135B_17_wbc_chan7_7.png,../MasterDataset/012621_135B_17_wbc_chan11_7.png
490,../MasterDataset/012621_138B_14_platelet_cluster_chan2_1.png,../MasterDataset/012621_138B_14_platelet_cluster_chan3_1.png,../MasterDataset/012621_138B_14_platelet_cluster_chan7_1.png,../MasterDataset/012621_138B_14_platelet_cluster_chan11_1.png
491,../MasterDataset/012621_138B_14_platelet_cluster_chan2_10.png,../MasterDataset/012621_138B_14_platelet_cluster_chan3_10.png,../MasterDataset/012621_138B_14_platelet_cluster_chan7_10.png,../MasterDataset/012621_138B_14_platelet_cluster_chan11_10.png
492,../MasterDataset/012621_138B_14_platelet_cluster_chan2_11.png,../MasterDataset/012621_138B_14_platelet_cluster_chan3_11.png,../MasterDataset/012621_138B_14_platelet_cluster_chan7_11.png,../MasterDataset/012621_138B_14_platelet_cluster_chan11_11.png
493,../MasterDataset/012621_138B_14_platelet_cluster_chan2_13.png,../MasterDataset/012621_138B_14_platelet_cluster_chan3_13.png,../MasterDataset/012621_138B_14_platelet_cluster_chan7_13.png,../MasterDataset/012621_138B_14_platelet_cluster_chan11_13.png
494,../MasterDataset/012621_138B_14_platelet_cluster_chan2_14.png,../MasterDataset/012621_138B_14_platelet_cluster_chan3_14.png,../MasterDataset/012621_138B_14_platelet_cluster_chan7_14.png,../MasterDataset/012621_138B_14_platelet_cluster_chan11_14.png
495,../MasterDataset/012621_138B_14_platelet_cluster_chan2_15.png,../MasterDataset/012621_138B_14_platelet_cluster_chan3_15.png,../MasterDataset/012621_138B_14_platelet_cluster_chan7_15.png,../MasterDataset/012621_138B_14_platelet_cluster_chan11_15.png
496,../MasterDataset/012621_138B_14_platelet_cluster_chan2_16.png,../MasterDataset/012621_138B_14_platelet_cluster_chan3_16.png,../MasterDataset/012621_138B_14_platelet_cluster_chan7_16.png,../MasterDataset/012621_138B_14_platelet_cluster_chan11_16.png
497,../MasterDataset/012621_138B_14_platelet_cluster_chan2_17.png,../MasterDataset/012621_138B_14_platelet_cluster_chan3_17.png,../MasterDataset/012621_138B_14_platelet_cluster_chan7_17.png,../MasterDataset/012621_138B_14_platelet_cluster_chan11_17.png
498,../MasterDataset/012621_138B_14_platelet_cluster_chan2_18.png,../MasterDataset/012621_138B_14_platelet_cluster_chan3_18.png,../MasterDataset/012621_138B_14_platelet_cluster_chan7_18.png,../MasterDataset/012621_138B_14_platelet_cluster_chan11_18.png
499,../MasterDataset/012621_138B_14_platelet_cluster_chan2_19.png,../MasterDataset/012621_138B_14_platelet_cluster_chan3_19.png,../MasterDataset/012621_138B_14_platelet_cluster_chan7_19.png,../MasterDataset/012621_138B_14_platelet_cluster_chan11_19.png
500,../MasterDataset/012621_138B_14_platelet_cluster_chan2_2.png,../MasterDataset/012621_138B_14_platelet_cluster_chan3_2.png,../MasterDataset/012621_138B_14_platelet_cluster_chan7_2.png,../MasterDataset/012621_138B_14_platelet_cluster_chan11_2.png
501,../MasterDataset/012621_138B_14_platelet_cluster_chan2_20.png,../MasterDataset/012621_138B_14_platelet_cluster_chan3_20.png,../MasterDataset/012621_138B_14_platelet_cluster_chan7_20.png,../MasterDataset/012621_138B_14_platelet_cluster_chan11_20.png
502,../MasterDataset/012621_138B_14_platelet_cluster_chan2_21.png,../MasterDataset/012621_138B_14_platelet_cluster_chan3_21.png,../MasterDataset/012621_138B_14_platelet_cluster_chan7_21.png,../MasterDataset/012621_138B_14_platelet_cluster_chan11_21.png
503,../MasterDataset/012621_138B_14_platelet_cluster_chan2_22.png,../MasterDataset/012621_138B_14_platelet_cluster_chan3_22.png,../MasterDataset/012621_138B_14_platelet_cluster_chan7_22.png,../MasterDataset/012621_138B_14_platelet_cluster_chan11_22.png
504,../MasterDataset/012621_138B_14_platelet_cluster_chan2_23.png,../MasterDataset/012621_138B_14_platelet_cluster_chan3_23.png,../MasterDataset/012621_138B_14_platelet_cluster_chan7_23.png,../MasterDataset/012621_138B_14_platelet_cluster_chan11_23.png
505,../MasterDataset/012621_138B_14_platelet_cluster_chan2_24.png,../MasterDataset/012621_138B_14_platelet_cluster_chan3_24.png,../MasterDataset/012621_138B_14_platelet_cluster_chan7_24.png,../MasterDataset/012621_138B_14_platelet_cluster_chan11_24.png
506,../MasterDataset/012621_138B_14_platelet_cluster_chan2_25.png,../MasterDataset/012621_138B_14_platelet_cluster_chan3_25.png,../MasterDataset/012621_138B_14_platelet_cluster_chan7_25.png,../MasterDataset/012621_138B_14_platelet_cluster_chan11_25.png
507,../MasterDataset/012621_138B_14_platelet_cluster_chan2_27.png,../MasterDataset/012621_138B_14_platelet_cluster_chan3_27.png,../MasterDataset/012621_138B_14_platelet_cluster_chan7_27.png,../MasterDataset/012621_138B_14_platelet_cluster_chan11_27.png
508,../MasterDataset/012621_138B_14_platelet_cluster_chan2_28.png,../MasterDataset/012621_138B_14_platelet_cluster_chan3_28.png,../MasterDataset/012621_138B_14_platelet_cluster_chan7_28.png,../MasterDataset/012621_138B_14_platelet_cluster_chan11_28.png
509,../MasterDataset/012621_138B_14_platelet_cluster_chan2_29.png,../MasterDataset/012621_138B_14_platelet_cluster_chan3_29.png,../MasterDataset/012621_138B_14_platelet_cluster_chan7_29.png,../MasterDataset/012621_138B_14_platelet_cluster_chan11_29.png
510,../MasterDataset/012621_138B_14_platelet_cluster_chan2_30.png,../MasterDataset/012621_138B_14_platelet_cluster_chan3_30.png,../MasterDataset/012621_138B_14_platelet_cluster_chan7_30.png,../MasterDataset/012621_138B_14_platelet_cluster_chan11_30.png
511,../MasterDataset/012621_138B_14_platelet_cluster_chan2_32.png,../MasterDataset/012621_138B_14_platelet_cluster_chan3_32.png,../MasterDataset/012621_138B_14_platelet_cluster_chan7_32.png,../MasterDataset/012621_138B_14_platelet_cluster_chan11_32.png
512,../MasterDataset/012621_138B_14_platelet_cluster_chan2_33.png,../MasterDataset/012621_138B_14_platelet_cluster_chan3_33.png,../MasterDataset/012621_138B_14_platelet_cluster_chan7_33.png,../MasterDataset/012621_138B_14_platelet_cluster_chan11_33.png
513,../MasterDataset/012621_138B_14_platelet_cluster_chan2_34.png,../MasterDataset/012621_138B_14_platelet_cluster_chan3_34.png,../MasterDataset/012621_138B_14_platelet_cluster_chan7_34.png,../MasterDataset/012621_138B_14_platelet_cluster_chan11_34.png
514,../MasterDataset/012621_138B_14_platelet_cluster_chan2_35.png,../MasterDataset/012621_138B_14_platelet_cluster_chan3_35.png,../MasterDataset/012621_138B_14_platelet_cluster_chan7_35.png,../MasterDataset/012621_138B_14_platelet_cluster_chan11_35.png
515,../MasterDataset/012621_138B_14_platelet_cluster_chan2_36.png,../MasterDataset/012621_138B_14_platelet_cluster_chan3_36.png,../MasterDataset/012621_138B_14_platelet_cluster_chan7_36.png,../MasterDataset/012621_138B_14_platelet_cluster_chan11_36.png
516,../MasterDataset/012621_138B_14_platelet_cluster_chan2_37.png,../MasterDataset/012621_138B_14_platelet_cluster_chan3_37.png,../MasterDataset/012621_138B_14_platelet_cluster_chan7_37.png,../MasterDataset/012621_138B_14_platelet_cluster_chan11_37.png
517,../MasterDataset/012621_138B_14_platelet_cluster_chan2_39.png,../MasterDataset/012621_138B_14_platelet_cluster_chan3_39.png,../MasterDataset/012621_138B_14_platelet_cluster_chan7_39.png,../MasterDataset/012621_138B_14_platelet_cluster_chan11_39.png
518,../MasterDataset/012621_138B_14_platelet_cluster_chan2_4.png,../MasterDataset/012621_138B_14_platelet_cluster_chan3_4.png,../MasterDataset/012621_138B_14_platelet_cluster_chan7_4.png,../MasterDataset/012621_138B_14_platelet_cluster_chan11_4.png
519,../MasterDataset/012621_138B_14_platelet_cluster_chan2_44.png,../MasterDataset/012621_138B_14_platelet_cluster_chan3_44.png,../MasterDataset/012621_138B_14_platelet_cluster_chan7_44.png,../MasterDataset/012621_138B_14_platelet_cluster_chan11_44.png
520,../MasterDataset/012621_138B_14_platelet_cluster_chan2_45.png,../MasterDataset/012621_138B_14_platelet_cluster_chan3_45.png,../MasterDataset/012621_138B_14_platelet_cluster_chan7_45.png,../MasterDataset/012621_138B_14_platelet_cluster_chan11_45.png
521,../MasterDataset/012621_138B_14_platelet_cluster_chan2_46.png,../MasterDataset/012621_138B_14_platelet_cluster_chan3_46.png,../MasterDataset/012621_138B_14_platelet_cluster_chan7_46.png,../MasterDataset/012621_138B_14_platelet_cluster_chan11_46.png
522,../MasterDataset/012621_138B_14_platelet_cluster_chan2_48.png,../MasterDataset/012621_138B_14_platelet_cluster_chan3_48.png,../MasterDataset/012621_138B_14_platelet_cluster_chan7_48.png,../MasterDataset/012621_138B_14_platelet_cluster_chan11_48.png
523,../MasterDataset/012621_138B_14_platelet_cluster_chan2_5.png,../MasterDataset/012621_138B_14_platelet_cluster_chan3_5.png,../MasterDataset/012621_138B_14_platelet_cluster_chan7_5.png,../MasterDataset/012621_138B_14_platelet_cluster_chan11_5.png
524,../MasterDataset/012621_138B_14_platelet_cluster_chan2_50.png,../MasterDataset/012621_138B_14_platelet_cluster_chan3_50.png,../MasterDataset/012621_138B_14_platelet_cluster_chan7_50.png,../MasterDataset/012621_138B_14_platelet_cluster_chan11_50.png
525,../MasterDataset/012621_138B_14_platelet_cluster_chan2_51.png,../MasterDataset/012621_138B_14_platelet_cluster_chan3_51.png,../MasterDataset/012621_138B_14_platelet_cluster_chan7_51.png,../MasterDataset/012621_138B_14_platelet_cluster_chan11_51.png
526,../MasterDataset/012621_138B_14_platelet_cluster_chan2_52.png,../MasterDataset/012621_138B_14_platelet_cluster_chan3_52.png,../MasterDataset/012621_138B_14_platelet_cluster_chan7_52.png,../MasterDataset/012621_138B_14_platelet_cluster_chan11_52.png
527,../MasterDataset/012621_138B_14_platelet_cluster_chan2_53.png,../MasterDataset/012621_138B_14_platelet_cluster_chan3_53.png,../MasterDataset/012621_138B_14_platelet_cluster_chan7_53.png,../MasterDataset/012621_138B_14_platelet_cluster_chan11_53.png
528,../MasterDataset/012621_138B_14_platelet_cluster_chan2_54.png,../MasterDataset/012621_138B_14_platelet_cluster_chan3_54.png,../MasterDataset/012621_138B_14_platelet_cluster_chan7_54.png,../MasterDataset/012621_138B_14_platelet_cluster_chan11_54.png
529,../MasterDataset/012621_138B_14_platelet_cluster_chan2_56.png,../MasterDataset/012621_138B_14_platelet_cluster_chan3_56.png,../MasterDataset/012621_138B_14_platelet_cluster_chan7_56.png,../MasterDataset/012621_138B_14_platelet_cluster_chan11_56.png
530,../MasterDataset/012621_138B_14_platelet_cluster_chan2_57.png,../MasterDataset/012621_138B_14_platelet_cluster_chan3_57.png,../MasterDataset/012621_138B_14_platelet_cluster_chan7_57.png,../MasterDataset/012621_138B_14_platelet_cluster_chan11_57.png
531,../MasterDataset/012621_138B_14_platelet_cluster_chan2_58.png,../MasterDataset/012621_138B_14_platelet_cluster_chan3_58.png,../MasterDataset/012621_138B_14_platelet_cluster_chan7_58.png,../MasterDataset/012621_138B_14_platelet_cluster_chan11_58.png
532,../MasterDataset/012621_138B_14_platelet_cluster_chan2_6.png,../MasterDataset/012621_138B_14_platelet_cluster_chan3_6.png,../MasterDataset/012621_138B_14_platelet_cluster_chan7_6.png,../MasterDataset/012621_138B_14_platelet_cluster_chan11_6.png
533,../MasterDataset/012621_138B_14_platelet_cluster_chan2_60.png,../MasterDataset/012621_138B_14_platelet_cluster_chan3_60.png,../MasterDataset/012621_138B_14_platelet_cluster_chan7_60.png,../MasterDataset/012621_138B_14_platelet_cluster_chan11_60.png
534,../MasterDataset/012621_138B_14_platelet_cluster_chan2_61.png,../MasterDataset/012621_138B_14_platelet_cluster_chan3_61.png,../MasterDataset/012621_138B_14_platelet_cluster_chan7_61.png,../MasterDataset/012621_138B_14_platelet_cluster_chan11_61.png
535,../MasterDataset/012621_138B_14_platelet_cluster_chan2_62.png,../MasterDataset/012621_138B_14_platelet_cluster_chan3_62.png,../MasterDataset/012621_138B_14_platelet_cluster_chan7_62.png,../MasterDataset/012621_138B_14_platelet_cluster_chan11_62.png
536,../MasterDataset/012621_138B_14_platelet_cluster_chan2_63.png,../MasterDataset/012621_138B_14_platelet_cluster_chan3_63.png,../MasterDataset/012621_138B_14_platelet_cluster_chan7_63.png,../MasterDataset/012621_138B_14_platelet_cluster_chan11_63.png
537,../MasterDataset/012621_138B_14_platelet_cluster_chan2_64.png,../MasterDataset/012621_138B_14_platelet_cluster_chan3_64.png,../MasterDataset/012621_138B_14_platelet_cluster_chan7_64.png,../MasterDataset/012621_138B_14_platelet_cluster_chan11_64.png
538,../MasterDataset/012621_138B_14_platelet_cluster_chan2_65.png,../MasterDataset/012621_138B_14_platelet_cluster_chan3_65.png,../MasterDataset/012621_138B_14_platelet_cluster_chan7_65.png,../MasterDataset/012621_138B_14_platelet_cluster_chan11_65.png
539,../MasterDataset/012621_138B_14_platelet_cluster_chan2_66.png,../MasterDataset/012621_138B_14_platelet_cluster_chan3_66.png,../MasterDataset/012621_138B_14_platelet_cluster_chan7_66.png,../MasterDataset/012621_138B_14_platelet_cluster_chan11_66.png
540,../MasterDataset/012621_138B_14_platelet_cluster_chan2_67.png,../MasterDataset/012621_138B_14_platelet_cluster_chan3_67.png,../MasterDataset/012621_138B_14_platelet_cluster_chan7_67.png,../MasterDataset/012621_138B_14_platelet_cluster_chan11_67.png
541,../MasterDataset/012621_138B_14_platelet_cluster_chan2_69.png,../MasterDataset/012621_138B_14_platelet_cluster_chan3_69.png,../MasterDataset/012621_138B_14_platelet_cluster_chan7_69.png,../MasterDataset/012621_138B_14_platelet_cluster_chan11_69.png
542,../MasterDataset/012621_138B_14_platelet_cluster_chan2_7.png,../MasterDataset/012621_138B_14_platelet_cluster_chan3_7.png,../MasterDataset/012621_138B_14_platelet_cluster_chan7_7.png,../MasterDataset/012621_138B_14_platelet_cluster_chan11_7.png
543,../MasterDataset/012621_138B_14_platelet_cluster_chan2_71.png,../MasterDataset/012621_138B_14_platelet_cluster_chan3_71.png,../MasterDataset/012621_138B_14_platelet_cluster_chan7_71.png,../MasterDataset/012621_138B_14_platelet_cluster_chan11_71.png
544,../MasterDataset/012621_138B_14_platelet_cluster_chan2_72.png,../MasterDataset/012621_138B_14_platelet_cluster_chan3_72.png,../MasterDataset/012621_138B_14_platelet_cluster_chan7_72.png,../MasterDataset/012621_138B_14_platelet_cluster_chan11_72.png
545,../MasterDataset/012621_138B_14_platelet_cluster_chan2_73.png,../MasterDataset/012621_138B_14_platelet_cluster_chan3_73.png,../MasterDataset/012621_138B_14_platelet_cluster_chan7_73.png,../MasterDataset/012621_138B_14_platelet_cluster_chan11_73.png
546,../MasterDataset/012621_138B_14_platelet_cluster_chan2_75.png,../MasterDataset/012621_138B_14_platelet_cluster_chan3_75.png,../MasterDataset/012621_138B_14_platelet_cluster_chan7_75.png,../MasterDataset/012621_138B_14_platelet_cluster_chan11_75.png
547,../MasterDataset/012621_138B_14_platelet_cluster_chan2_76.png,../MasterDataset/012621_138B_14_platelet_cluster_chan3_76.png,../MasterDataset/012621_138B_14_platelet_cluster_chan7_76.png,../MasterDataset/012621_138B_14_platelet_cluster_chan11_76.png
548,../MasterDataset/012621_138B_14_platelet_cluster_chan2_77.png,../MasterDataset/012621_138B_14_platelet_cluster_chan3_77.png,../MasterDataset/012621_138B_14_platelet_cluster_chan7_77.png,../MasterDataset/012621_138B_14_platelet_cluster_chan11_77.png
549,../MasterDataset/012621_138B_14_platelet_cluster_chan2_78.png,../MasterDataset/012621_138B_14_platelet_cluster_chan3_78.png,../MasterDataset/012621_138B_14_platelet_cluster_chan7_78.png,../MasterDataset/012621_138B_14_platelet_cluster_chan11_78.png
550,../MasterDataset/012621_138B_14_platelet_cluster_chan2_79.png,../MasterDataset/012621_138B_14_platelet_cluster_chan3_79.png,../MasterDataset/012621_138B_14_platelet_cluster_chan7_79.png,../MasterDataset/012621_138B_14_platelet_cluster_chan11_79.png
551,../MasterDataset/012621_138B_14_platelet_cluster_chan2_80.png,../MasterDataset/012621_138B_14_platelet_cluster_chan3_80.png,../MasterDataset/012621_138B_14_platelet_cluster_chan7_80.png,../MasterDataset/012621_138B_14_platelet_cluster_chan11_80.png
552,../MasterDataset/012621_138B_14_platelet_cluster_chan2_81.png,../MasterDataset/012621_138B_14_platelet_cluster_chan3_81.png,../MasterDataset/012621_138B_14_platelet_cluster_chan7_81.png,../MasterDataset/012621_138B_14_platelet_cluster_chan11_81.png
553,../MasterDataset/012621_138B_14_platelet_cluster_chan2_82.png,../MasterDataset/012621_138B_14_platelet_cluster_chan3_82.png,../MasterDataset/012621_138B_14_platelet_cluster_chan7_82.png,../MasterDataset/012621_138B_14_platelet_cluster_chan11_82.png
554,../MasterDataset/012621_138B_14_platelet_cluster_chan2_83.png,../MasterDataset/012621_138B_14_platelet_cluster_chan3_83.png,../MasterDataset/012621_138B_14_platelet_cluster_chan7_83.png,../MasterDataset/012621_138B_14_platelet_cluster_chan11_83.png
555,../MasterDataset/012621_138B_14_platelet_cluster_chan2_84.png,../MasterDataset/012621_138B_14_platelet_cluster_chan3_84.png,../MasterDataset/012621_138B_14_platelet_cluster_chan7_84.png,../MasterDataset/012621_138B_14_platelet_cluster_chan11_84.png
556,../MasterDataset/012621_138B_14_platelet_cluster_chan2_85.png,../MasterDataset/012621_138B_14_platelet_cluster_chan3_85.png,../MasterDataset/012621_138B_14_platelet_cluster_chan7_85.png,../MasterDataset/012621_138B_14_platelet_cluster_chan11_85.png
557,../MasterDataset/012621_138B_14_platelet_cluster_chan2_86.png,../MasterDataset/012621_138B_14_platelet_cluster_chan3_86.png,../MasterDataset/012621_138B_14_platelet_cluster_chan7_86.png,../MasterDataset/012621_138B_14_platelet_cluster_chan11_86.png
558,../MasterDataset/012621_138B_14_platelet_cluster_chan2_88.png,../MasterDataset/012621_138B_14_platelet_cluster_chan3_88.png,../MasterDataset/012621_138B_14_platelet_cluster_chan7_88.png,../MasterDataset/012621_138B_14_platelet_cluster_chan11_88.png
559,../MasterDataset/012621_138B_14_platelet_cluster_chan2_89.png,../MasterDataset/012621_138B_14_platelet_cluster_chan3_89.png,../MasterDataset/012621_138B_14_platelet_cluster_chan7_89.png,../MasterDataset/012621_138B_14_platelet_cluster_chan11_89.png
560,../MasterDataset/012621_138B_14_platelet_cluster_chan2_9.png,../MasterDataset/012621_138B_14_platelet_cluster_chan3_9.png,../MasterDataset/012621_138B_14_platelet_cluster_chan7_9.png,../MasterDataset/012621_138B_14_platelet_cluster_chan11_9.png
561,../MasterDataset/012621_138B_14_platelet_cluster_chan2_91.png,../MasterDataset/012621_138B_14_platelet_cluster_chan3_91.png,../MasterDataset/012621_138B_14_platelet_cluster_chan7_91.png,../MasterDataset/012621_138B_14_platelet_cluster_chan11_91.png
562,../MasterDataset/012621_138B_14_platelet_cluster_chan2_93.png,../MasterDataset/012621_138B_14_platelet_cluster_chan3_93.png,../MasterDataset/012621_138B_14_platelet_cluster_chan7_93.png,../MasterDataset/012621_138B_14_platelet_cluster_chan11_93.png
563,../MasterDataset/012621_138B_14_platelet_cluster_chan2_94.png,../MasterDataset/012621_138B_14_platelet_cluster_chan3_94.png,../MasterDataset/012621_138B_14_platelet_cluster_chan7_94.png,../MasterDataset/012621_138B_14_platelet_cluster_chan11_94.png
564,../MasterDataset/012621_138B_14_platelet_cluster_chan2_96.png,../MasterDataset/012621_138B_14_platelet_cluster_chan3_96.png,../MasterDataset/012621_138B_14_platelet_cluster_chan7_96.png,../MasterDataset/012621_138B_14_platelet_cluster_chan11_96.png
565,../MasterDataset/012621_138B_14_platelet_cluster_chan2_97.png,../MasterDataset/012621_138B_14_platelet_cluster_chan3_97.png,../MasterDataset/012621_138B_14_platelet_cluster_chan7_97.png,../MasterDataset/012621_138B_14_platelet_cluster_chan11_97.png
566,../MasterDataset/012621_138B_14_RBC_only_chan2_14.png,../MasterDataset/012621_138B_14_RBC_only_chan3_14.png,../MasterDataset/012621_138B_14_RBC_only_chan7_14.png,../MasterDataset/012621_138B_14_RBC_only_chan11_14.png
567,../MasterDataset/012621_138B_14_RBC_only_chan2_20.png,../MasterDataset/012621_138B_14_RBC_only_chan3_20.png,../MasterDataset/012621_138B_14_RBC_only_chan7_20.png,../MasterDataset/012621_138B_14_RBC_only_chan11_20.png
568,../MasterDataset/012621_138B_14_RBC_only_chan2_25.png,../MasterDataset/012621_138B_14_RBC_only_chan3_25.png,../MasterDataset/012621_138B_14_RBC_only_chan7_25.png,../MasterDataset/012621_138B_14_RBC_only_chan11_25.png
569,../MasterDataset/012621_138B_14_RBC_only_chan2_31.png,../MasterDataset/012621_138B_14_RBC_only_chan3_31.png,../MasterDataset/012621_138B_14_RBC_only_chan7_31.png,../MasterDataset/012621_138B_14_RBC_only_chan11_31.png
570,../MasterDataset/012621_138B_14_RBC_only_chan2_35.png,../MasterDataset/012621_138B_14_RBC_only_chan3_35.png,../MasterDataset/012621_138B_14_RBC_only_chan7_35.png,../MasterDataset/012621_138B_14_RBC_only_chan11_35.png
571,../MasterDataset/012621_138B_14_RBC_only_chan2_39.png,../MasterDataset/012621_138B_14_RBC_only_chan3_39.png,../MasterDataset/012621_138B_14_RBC_only_chan7_39.png,../MasterDataset/012621_138B_14_RBC_only_chan11_39.png
572,../MasterDataset/012621_138B_14_RBC_only_chan2_41.png,../MasterDataset/012621_138B_14_RBC_only_chan3_41.png,../MasterDataset/012621_138B_14_RBC_only_chan7_41.png,../MasterDataset/012621_138B_14_RBC_only_chan11_41.png
573,../MasterDataset/012621_138B_14_RBC_only_chan2_50.png,../MasterDataset/012621_138B_14_RBC_only_chan3_50.png,../MasterDataset/012621_138B_14_RBC_only_chan7_50.png,../MasterDataset/012621_138B_14_RBC_only_chan11_50.png
574,../MasterDataset/012621_138B_14_RBC_only_chan2_55.png,../MasterDataset/012621_138B_14_RBC_only_chan3_55.png,../MasterDataset/012621_138B_14_RBC_only_chan7_55.png,../MasterDataset/012621_138B_14_RBC_only_chan11_55.png
575,../MasterDataset/012621_138B_14_RBC_only_chan2_56.png,../MasterDataset/012621_138B_14_RBC_only_chan3_56.png,../MasterDataset/012621_138B_14_RBC_only_chan7_56.png,../MasterDataset/012621_138B_14_RBC_only_chan11_56.png
576,../MasterDataset/012621_138B_14_RBC_only_chan2_58.png,../MasterDataset/012621_138B_14_RBC_only_chan3_58.png,../MasterDataset/012621_138B_14_RBC_only_chan7_58.png,../MasterDataset/012621_138B_14_RBC_only_chan11_58.png
577,../MasterDataset/012621_138B_14_RBC_only_chan2_6.png,../MasterDataset/012621_138B_14_RBC_only_chan3_6.png,../MasterDataset/012621_138B_14_RBC_only_chan7_6.png,../MasterDataset/012621_138B_14_RBC_only_chan11_6.png
578,../MasterDataset/012621_138B_14_RBC_only_chan2_63.png,../MasterDataset/012621_138B_14_RBC_only_chan3_63.png,../MasterDataset/012621_138B_14_RBC_only_chan7_63.png,../MasterDataset/012621_138B_14_RBC_only_chan11_63.png
579,../MasterDataset/012621_138B_14_RBC_only_chan2_69.png,../MasterDataset/012621_138B_14_RBC_only_chan3_69.png,../MasterDataset/012621_138B_14_RBC_only_chan7_69.png,../MasterDataset/012621_138B_14_RBC_only_chan11_69.png
580,../MasterDataset/012621_138B_14_RBC_only_chan2_76.png,../MasterDataset/012621_138B_14_RBC_only_chan3_76.png,../MasterDataset/012621_138B_14_RBC_only_chan7_76.png,../MasterDataset/012621_138B_14_RBC_only_chan11_76.png
581,../MasterDataset/012621_138B_14_RBC_platelet_chan2_10.png,../MasterDataset/012621_138B_14_RBC_platelet_chan3_10.png,../MasterDataset/012621_138B_14_RBC_platelet_chan7_10.png,../MasterDataset/012621_138B_14_RBC_platelet_chan11_10.png
582,../MasterDataset/012621_138B_14_RBC_platelet_chan2_12.png,../MasterDataset/012621_138B_14_RBC_platelet_chan3_12.png,../MasterDataset/012621_138B_14_RBC_platelet_chan7_12.png,../MasterDataset/012621_138B_14_RBC_platelet_chan11_12.png
583,../MasterDataset/012621_138B_14_RBC_platelet_chan2_13.png,../MasterDataset/012621_138B_14_RBC_platelet_chan3_13.png,../MasterDataset/012621_138B_14_RBC_platelet_chan7_13.png,../MasterDataset/012621_138B_14_RBC_platelet_chan11_13.png
584,../MasterDataset/012621_138B_14_RBC_platelet_chan2_14.png,../MasterDataset/012621_138B_14_RBC_platelet_chan3_14.png,../MasterDataset/012621_138B_14_RBC_platelet_chan7_14.png,../MasterDataset/012621_138B_14_RBC_platelet_chan11_14.png
585,../MasterDataset/012621_138B_14_RBC_platelet_chan2_15.png,../MasterDataset/012621_138B_14_RBC_platelet_chan3_15.png,../MasterDataset/012621_138B_14_RBC_platelet_chan7_15.png,../MasterDataset/012621_138B_14_RBC_platelet_chan11_15.png
586,../MasterDataset/012621_138B_14_RBC_platelet_chan2_18.png,../MasterDataset/012621_138B_14_RBC_platelet_chan3_18.png,../MasterDataset/012621_138B_14_RBC_platelet_chan7_18.png,../MasterDataset/012621_138B_14_RBC_platelet_chan11_18.png
587,../MasterDataset/012621_138B_14_RBC_platelet_chan2_19.png,../MasterDataset/012621_138B_14_RBC_platelet_chan3_19.png,../MasterDataset/012621_138B_14_RBC_platelet_chan7_19.png,../MasterDataset/012621_138B_14_RBC_platelet_chan11_19.png
588,../MasterDataset/012621_138B_14_RBC_platelet_chan2_20.png,../MasterDataset/012621_138B_14_RBC_platelet_chan3_20.png,../MasterDataset/012621_138B_14_RBC_platelet_chan7_20.png,../MasterDataset/012621_138B_14_RBC_platelet_chan11_20.png
589,../MasterDataset/012621_138B_14_RBC_platelet_chan2_25.png,../MasterDataset/012621_138B_14_RBC_platelet_chan3_25.png,../MasterDataset/012621_138B_14_RBC_platelet_chan7_25.png,../MasterDataset/012621_138B_14_RBC_platelet_chan11_25.png
590,../MasterDataset/012621_138B_14_RBC_platelet_chan2_3.png,../MasterDataset/012621_138B_14_RBC_platelet_chan3_3.png,../MasterDataset/012621_138B_14_RBC_platelet_chan7_3.png,../MasterDataset/012621_138B_14_RBC_platelet_chan11_3.png
591,../MasterDataset/012621_138B_14_RBC_platelet_chan2_30.png,../MasterDataset/012621_138B_14_RBC_platelet_chan3_30.png,../MasterDataset/012621_138B_14_RBC_platelet_chan7_30.png,../MasterDataset/012621_138B_14_RBC_platelet_chan11_30.png
592,../MasterDataset/012621_138B_14_RBC_platelet_chan2_31.png,../MasterDataset/012621_138B_14_RBC_platelet_chan3_31.png,../MasterDataset/012621_138B_14_RBC_platelet_chan7_31.png,../MasterDataset/012621_138B_14_RBC_platelet_chan11_31.png
593,../MasterDataset/012621_138B_14_RBC_platelet_chan2_32.png,../MasterDataset/012621_138B_14_RBC_platelet_chan3_32.png,../MasterDataset/012621_138B_14_RBC_platelet_chan7_32.png,../MasterDataset/012621_138B_14_RBC_platelet_chan11_32.png
594,../MasterDataset/012621_138B_14_RBC_platelet_chan2_33.png,../MasterDataset/012621_138B_14_RBC_platelet_chan3_33.png,../MasterDataset/012621_138B_14_RBC_platelet_chan7_33.png,../MasterDataset/012621_138B_14_RBC_platelet_chan11_33.png
595,../MasterDataset/012621_138B_14_RBC_platelet_chan2_36.png,../MasterDataset/012621_138B_14_RBC_platelet_chan3_36.png,../MasterDataset/012621_138B_14_RBC_platelet_chan7_36.png,../MasterDataset/012621_138B_14_RBC_platelet_chan11_36.png
596,../MasterDataset/012621_138B_14_RBC_platelet_chan2_48.png,../MasterDataset/012621_138B_14_RBC_platelet_chan3_48.png,../MasterDataset/012621_138B_14_RBC_platelet_chan7_48.png,../MasterDataset/012621_138B_14_RBC_platelet_chan11_48.png
597,../MasterDataset/012621_138B_14_RBC_platelet_chan2_49.png,../MasterDataset/012621_138B_14_RBC_platelet_chan3_49.png,../MasterDataset/012621_138B_14_RBC_platelet_chan7_49.png,../MasterDataset/012621_138B_14_RBC_platelet_chan11_49.png
598,../MasterDataset/012621_138B_14_RBC_platelet_chan2_8.png,../MasterDataset/012621_138B_14_RBC_platelet_chan3_8.png,../MasterDataset/012621_138B_14_RBC_platelet_chan7_8.png,../MasterDataset/012621_138B_14_RBC_platelet_chan11_8.png
599,../MasterDataset/012621_138B_14_wbc_chan2_1.png,../MasterDataset/012621_138B_14_wbc_chan3_1.png,../MasterDataset/012621_138B_14_wbc_chan7_1.png,../MasterDataset/012621_138B_14_wbc_chan11_1.png
600,../MasterDataset/012621_138B_14_wbc_chan2_11.png,../MasterDataset/012621_138B_14_wbc_chan3_11.png,../MasterDataset/012621_138B_14_wbc_chan7_11.png,../MasterDataset/012621_138B_14_wbc_chan11_11.png
601,../MasterDataset/012621_138B_14_wbc_chan2_13.png,../MasterDataset/012621_138B_14_wbc_chan3_13.png,../MasterDataset/012621_138B_14_wbc_chan7_13.png,../MasterDataset/012621_138B_14_wbc_chan11_13.png
602,../MasterDataset/012621_138B_14_wbc_chan2_14.png,../MasterDataset/012621_138B_14_wbc_chan3_14.png,../MasterDataset/012621_138B_14_wbc_chan7_14.png,../MasterDataset/012621_138B_14_wbc_chan11_14.png
603,../MasterDataset/012621_138B_14_wbc_chan2_15.png,../MasterDataset/012621_138B_14_wbc_chan3_15.png,../MasterDataset/012621_138B_14_wbc_chan7_15.png,../MasterDataset/012621_138B_14_wbc_chan11_15.png
604,../MasterDataset/012621_138B_14_wbc_chan2_17.png,../MasterDataset/012621_138B_14_wbc_chan3_17.png,../MasterDataset/012621_138B_14_wbc_chan7_17.png,../MasterDataset/012621_138B_14_wbc_chan11_17.png
605,../MasterDataset/012621_138B_14_wbc_chan2_20.png,../MasterDataset/012621_138B_14_wbc_chan3_20.png,../MasterDataset/012621_138B_14_wbc_chan7_20.png,../MasterDataset/012621_138B_14_wbc_chan11_20.png
606,../MasterDataset/012621_138B_14_wbc_chan2_21.png,../MasterDataset/012621_138B_14_wbc_chan3_21.png,../MasterDataset/012621_138B_14_wbc_chan7_21.png,../MasterDataset/012621_138B_14_wbc_chan11_21.png
607,../MasterDataset/012621_138B_14_wbc_chan2_22.png,../MasterDataset/012621_138B_14_wbc_chan3_22.png,../MasterDataset/012621_138B_14_wbc_chan7_22.png,../MasterDataset/012621_138B_14_wbc_chan11_22.png
608,../MasterDataset/012621_138B_14_wbc_chan2_24.png,../MasterDataset/012621_138B_14_wbc_chan3_24.png,../MasterDataset/012621_138B_14_wbc_chan7_24.png,../MasterDataset/012621_138B_14_wbc_chan11_24.png
609,../MasterDataset/012621_138B_14_wbc_chan2_26.png,../MasterDataset/012621_138B_14_wbc_chan3_26.png,../MasterDataset/012621_138B_14_wbc_chan7_26.png,../MasterDataset/012621_138B_14_wbc_chan11_26.png
610,../MasterDataset/012621_138B_14_wbc_chan2_27.png,../MasterDataset/012621_138B_14_wbc_chan3_27.png,../MasterDataset/012621_138B_14_wbc_chan7_27.png,../MasterDataset/012621_138B_14_wbc_chan11_27.png
611,../MasterDataset/012621_138B_14_wbc_chan2_35.png,../MasterDataset/012621_138B_14_wbc_chan3_35.png,../MasterDataset/012621_138B_14_wbc_chan7_35.png,../MasterDataset/012621_138B_14_wbc_chan11_35.png
612,../MasterDataset/012621_138B_14_wbc_chan2_4.png,../MasterDataset/012621_138B_14_wbc_chan3_4.png,../MasterDataset/012621_138B_14_wbc_chan7_4.png,../MasterDataset/012621_138B_14_wbc_chan11_4.png
613,../MasterDataset/012621_138B_14_wbc_chan2_40.png,../MasterDataset/012621_138B_14_wbc_chan3_40.png,../MasterDataset/012621_138B_14_wbc_chan7_40.png,../MasterDataset/012621_138B_14_wbc_chan11_40.png
614,../MasterDataset/012621_138B_14_wbc_chan2_42.png,../MasterDataset/012621_138B_14_wbc_chan3_42.png,../MasterDataset/012621_138B_14_wbc_chan7_42.png,../MasterDataset/012621_138B_14_wbc_chan11_42.png
615,../MasterDataset/012621_138B_14_wbc_chan2_51.png,../MasterDataset/012621_138B_14_wbc_chan3_51.png,../MasterDataset/012621_138B_14_wbc_chan7_51.png,../MasterDataset/012621_138B_14_wbc_chan11_51.png
616,../MasterDataset/012621_138B_14_wbc_chan2_58.png,../MasterDataset/012621_138B_14_wbc_chan3_58.png,../MasterDataset/012621_138B_14_wbc_chan7_58.png,../MasterDataset/012621_138B_14_wbc_chan11_58.png
617,../MasterDataset/012621_138B_14_wbc_chan2_62.png,../MasterDataset/012621_138B_14_wbc_chan3_62.png,../MasterDataset/012621_138B_14_wbc_chan7_62.png,../MasterDataset/012621_138B_14_wbc_chan11_62.png
618,../MasterDataset/012621_138B_14_wbc_chan2_64.png,../MasterDataset/012621_138B_14_wbc_chan3_64.png,../MasterDataset/012621_138B_14_wbc_chan7_64.png,../MasterDataset/012621_138B_14_wbc_chan11_64.png
619,../MasterDataset/012621_138B_14_wbc_chan2_65.png,../MasterDataset/012621_138B_14_wbc_chan3_65.png,../MasterDataset/012621_138B_14_wbc_chan7_65.png,../MasterDataset/012621_138B_14_wbc_chan11_65.png
620,../MasterDataset/012621_138B_14_wbc_chan2_7.png,../MasterDataset/012621_138B_14_wbc_chan3_7.png,../MasterDataset/012621_138B_14_wbc_chan7_7.png,../MasterDataset/012621_138B_14_wbc_chan11_7.png
621,../MasterDataset/012621_138B_14_wbc_chan2_8.png,../MasterDataset/012621_138B_14_wbc_chan3_8.png,../MasterDataset/012621_138B_14_wbc_chan7_8.png,../MasterDataset/012621_138B_14_wbc_chan11_8.png
622,../MasterDataset/012621_138B_14_wbc_chan2_9.png,../MasterDataset/012621_138B_14_wbc_chan3_9.png,../MasterDataset/012621_138B_14_wbc_chan7_9.png,../MasterDataset/012621_138B_14_wbc_chan11_9.png
623,../MasterDataset/012621_139B_16_platelet_cluster_chan2_10.png,../MasterDataset/012621_139B_16_platelet_cluster_chan3_10.png,../MasterDataset/012621_139B_16_platelet_cluster_chan7_10.png,../MasterDataset/012621_139B_16_platelet_cluster_chan11_10.png
624,../MasterDataset/012621_139B_16_platelet_cluster_chan2_13.png,../MasterDataset/012621_139B_16_platelet_cluster_chan3_13.png,../MasterDataset/012621_139B_16_platelet_cluster_chan7_13.png,../MasterDataset/012621_139B_16_platelet_cluster_chan11_13.png
625,../MasterDataset/012621_139B_16_platelet_cluster_chan2_14.png,../MasterDataset/012621_139B_16_platelet_cluster_chan3_14.png,../MasterDataset/012621_139B_16_platelet_cluster_chan7_14.png,../MasterDataset/012621_139B_16_platelet_cluster_chan11_14.png
626,../MasterDataset/012621_139B_16_platelet_cluster_chan2_16.png,../MasterDataset/012621_139B_16_platelet_cluster_chan3_16.png,../MasterDataset/012621_139B_16_platelet_cluster_chan7_16.png,../MasterDataset/012621_139B_16_platelet_cluster_chan11_16.png
627,../MasterDataset/012621_139B_16_platelet_cluster_chan2_17.png,../MasterDataset/012621_139B_16_platelet_cluster_chan3_17.png,../MasterDataset/012621_139B_16_platelet_cluster_chan7_17.png,../MasterDataset/012621_139B_16_platelet_cluster_chan11_17.png
628,../MasterDataset/012621_139B_16_platelet_cluster_chan2_19.png,../MasterDataset/012621_139B_16_platelet_cluster_chan3_19.png,../MasterDataset/012621_139B_16_platelet_cluster_chan7_19.png,../MasterDataset/012621_139B_16_platelet_cluster_chan11_19.png
629,../MasterDataset/012621_139B_16_platelet_cluster_chan2_2.png,../MasterDataset/012621_139B_16_platelet_cluster_chan3_2.png,../MasterDataset/012621_139B_16_platelet_cluster_chan7_2.png,../MasterDataset/012621_139B_16_platelet_cluster_chan11_2.png
630,../MasterDataset/012621_139B_16_platelet_cluster_chan2_20.png,../MasterDataset/012621_139B_16_platelet_cluster_chan3_20.png,../MasterDataset/012621_139B_16_platelet_cluster_chan7_20.png,../MasterDataset/012621_139B_16_platelet_cluster_chan11_20.png
631,../MasterDataset/012621_139B_16_platelet_cluster_chan2_21.png,../MasterDataset/012621_139B_16_platelet_cluster_chan3_21.png,../MasterDataset/012621_139B_16_platelet_cluster_chan7_21.png,../MasterDataset/012621_139B_16_platelet_cluster_chan11_21.png
632,../MasterDataset/012621_139B_16_platelet_cluster_chan2_22.png,../MasterDataset/012621_139B_16_platelet_cluster_chan3_22.png,../MasterDataset/012621_139B_16_platelet_cluster_chan7_22.png,../MasterDataset/012621_139B_16_platelet_cluster_chan11_22.png
633,../MasterDataset/012621_139B_16_platelet_cluster_chan2_23.png,../MasterDataset/012621_139B_16_platelet_cluster_chan3_23.png,../MasterDataset/012621_139B_16_platelet_cluster_chan7_23.png,../MasterDataset/012621_139B_16_platelet_cluster_chan11_23.png
634,../MasterDataset/012621_139B_16_platelet_cluster_chan2_24.png,../MasterDataset/012621_139B_16_platelet_cluster_chan3_24.png,../MasterDataset/012621_139B_16_platelet_cluster_chan7_24.png,../MasterDataset/012621_139B_16_platelet_cluster_chan11_24.png
635,../MasterDataset/012621_139B_16_platelet_cluster_chan2_27.png,../MasterDataset/012621_139B_16_platelet_cluster_chan3_27.png,../MasterDataset/012621_139B_16_platelet_cluster_chan7_27.png,../MasterDataset/012621_139B_16_platelet_cluster_chan11_27.png
636,../MasterDataset/012621_139B_16_platelet_cluster_chan2_28.png,../MasterDataset/012621_139B_16_platelet_cluster_chan3_28.png,../MasterDataset/012621_139B_16_platelet_cluster_chan7_28.png,../MasterDataset/012621_139B_16_platelet_cluster_chan11_28.png
637,../MasterDataset/012621_139B_16_platelet_cluster_chan2_30.png,../MasterDataset/012621_139B_16_platelet_cluster_chan3_30.png,../MasterDataset/012621_139B_16_platelet_cluster_chan7_30.png,../MasterDataset/012621_139B_16_platelet_cluster_chan11_30.png
638,../MasterDataset/012621_139B_16_platelet_cluster_chan2_31.png,../MasterDataset/012621_139B_16_platelet_cluster_chan3_31.png,../MasterDataset/012621_139B_16_platelet_cluster_chan7_31.png,../MasterDataset/012621_139B_16_platelet_cluster_chan11_31.png
639,../MasterDataset/012621_139B_16_platelet_cluster_chan2_33.png,../MasterDataset/012621_139B_16_platelet_cluster_chan3_33.png,../MasterDataset/012621_139B_16_platelet_cluster_chan7_33.png,../MasterDataset/012621_139B_16_platelet_cluster_chan11_33.png
640,../MasterDataset/012621_139B_16_platelet_cluster_chan2_34.png,../MasterDataset/012621_139B_16_platelet_cluster_chan3_34.png,../MasterDataset/012621_139B_16_platelet_cluster_chan7_34.png,../MasterDataset/012621_139B_16_platelet_cluster_chan11_34.png
641,../MasterDataset/012621_139B_16_platelet_cluster_chan2_35.png,../MasterDataset/012621_139B_16_platelet_cluster_chan3_35.png,../MasterDataset/012621_139B_16_platelet_cluster_chan7_35.png,../MasterDataset/012621_139B_16_platelet_cluster_chan11_35.png
642,../MasterDataset/012621_139B_16_platelet_cluster_chan2_36.png,../MasterDataset/012621_139B_16_platelet_cluster_chan3_36.png,../MasterDataset/012621_139B_16_platelet_cluster_chan7_36.png,../MasterDataset/012621_139B_16_platelet_cluster_chan11_36.png
643,../MasterDataset/012621_139B_16_platelet_cluster_chan2_38.png,../MasterDataset/012621_139B_16_platelet_cluster_chan3_38.png,../MasterDataset/012621_139B_16_platelet_cluster_chan7_38.png,../MasterDataset/012621_139B_16_platelet_cluster_chan11_38.png
644,../MasterDataset/012621_139B_16_platelet_cluster_chan2_41.png,../MasterDataset/012621_139B_16_platelet_cluster_chan3_41.png,../MasterDataset/012621_139B_16_platelet_cluster_chan7_41.png,../MasterDataset/012621_139B_16_platelet_cluster_chan11_41.png
645,../MasterDataset/012621_139B_16_platelet_cluster_chan2_42.png,../MasterDataset/012621_139B_16_platelet_cluster_chan3_42.png,../MasterDataset/012621_139B_16_platelet_cluster_chan7_42.png,../MasterDataset/012621_139B_16_platelet_cluster_chan11_42.png
646,../MasterDataset/012621_139B_16_platelet_cluster_chan2_44.png,../MasterDataset/012621_139B_16_platelet_cluster_chan3_44.png,../MasterDataset/012621_139B_16_platelet_cluster_chan7_44.png,../MasterDataset/012621_139B_16_platelet_cluster_chan11_44.png
647,../MasterDataset/012621_139B_16_platelet_cluster_chan2_45.png,../MasterDataset/012621_139B_16_platelet_cluster_chan3_45.png,../MasterDataset/012621_139B_16_platelet_cluster_chan7_45.png,../MasterDataset/012621_139B_16_platelet_cluster_chan11_45.png
648,../MasterDataset/012621_139B_16_platelet_cluster_chan2_46.png,../MasterDataset/012621_139B_16_platelet_cluster_chan3_46.png,../MasterDataset/012621_139B_16_platelet_cluster_chan7_46.png,../MasterDataset/012621_139B_16_platelet_cluster_chan11_46.png
649,../MasterDataset/012621_139B_16_platelet_cluster_chan2_47.png,../MasterDataset/012621_139B_16_platelet_cluster_chan3_47.png,../MasterDataset/012621_139B_16_platelet_cluster_chan7_47.png,../MasterDataset/012621_139B_16_platelet_cluster_chan11_47.png
650,../MasterDataset/012621_139B_16_platelet_cluster_chan2_48.png,../MasterDataset/012621_139B_16_platelet_cluster_chan3_48.png,../MasterDataset/012621_139B_16_platelet_cluster_chan7_48.png,../MasterDataset/012621_139B_16_platelet_cluster_chan11_48.png
651,../MasterDataset/012621_139B_16_platelet_cluster_chan2_52.png,../MasterDataset/012621_139B_16_platelet_cluster_chan3_52.png,../MasterDataset/012621_139B_16_platelet_cluster_chan7_52.png,../MasterDataset/012621_139B_16_platelet_cluster_chan11_52.png
652,../MasterDataset/012621_139B_16_platelet_cluster_chan2_53.png,../MasterDataset/012621_139B_16_platelet_cluster_chan3_53.png,../MasterDataset/012621_139B_16_platelet_cluster_chan7_53.png,../MasterDataset/012621_139B_16_platelet_cluster_chan11_53.png
653,../MasterDataset/012621_139B_16_platelet_cluster_chan2_54.png,../MasterDataset/012621_139B_16_platelet_cluster_chan3_54.png,../MasterDataset/012621_139B_16_platelet_cluster_chan7_54.png,../MasterDataset/012621_139B_16_platelet_cluster_chan11_54.png
654,../MasterDataset/012621_139B_16_platelet_cluster_chan2_55.png,../MasterDataset/012621_139B_16_platelet_cluster_chan3_55.png,../MasterDataset/012621_139B_16_platelet_cluster_chan7_55.png,../MasterDataset/012621_139B_16_platelet_cluster_chan11_55.png
655,../MasterDataset/012621_139B_16_platelet_cluster_chan2_58.png,../MasterDataset/012621_139B_16_platelet_cluster_chan3_58.png,../MasterDataset/012621_139B_16_platelet_cluster_chan7_58.png,../MasterDataset/012621_139B_16_platelet_cluster_chan11_58.png
656,../MasterDataset/012621_139B_16_platelet_cluster_chan2_61.png,../MasterDataset/012621_139B_16_platelet_cluster_chan3_61.png,../MasterDataset/012621_139B_16_platelet_cluster_chan7_61.png,../MasterDataset/012621_139B_16_platelet_cluster_chan11_61.png
657,../MasterDataset/012621_139B_16_platelet_cluster_chan2_62.png,../MasterDataset/012621_139B_16_platelet_cluster_chan3_62.png,../MasterDataset/012621_139B_16_platelet_cluster_chan7_62.png,../MasterDataset/012621_139B_16_platelet_cluster_chan11_62.png
658,../MasterDataset/012621_139B_16_platelet_cluster_chan2_63.png,../MasterDataset/012621_139B_16_platelet_cluster_chan3_63.png,../MasterDataset/012621_139B_16_platelet_cluster_chan7_63.png,../MasterDataset/012621_139B_16_platelet_cluster_chan11_63.png
659,../MasterDataset/012621_139B_16_platelet_cluster_chan2_65.png,../MasterDataset/012621_139B_16_platelet_cluster_chan3_65.png,../MasterDataset/012621_139B_16_platelet_cluster_chan7_65.png,../MasterDataset/012621_139B_16_platelet_cluster_chan11_65.png
660,../MasterDataset/012621_139B_16_platelet_cluster_chan2_66.png,../MasterDataset/012621_139B_16_platelet_cluster_chan3_66.png,../MasterDataset/012621_139B_16_platelet_cluster_chan7_66.png,../MasterDataset/012621_139B_16_platelet_cluster_chan11_66.png
661,../MasterDataset/012621_139B_16_platelet_cluster_chan2_67.png,../MasterDataset/012621_139B_16_platelet_cluster_chan3_67.png,../MasterDataset/012621_139B_16_platelet_cluster_chan7_67.png,../MasterDataset/012621_139B_16_platelet_cluster_chan11_67.png
662,../MasterDataset/012621_139B_16_platelet_cluster_chan2_68.png,../MasterDataset/012621_139B_16_platelet_cluster_chan3_68.png,../MasterDataset/012621_139B_16_platelet_cluster_chan7_68.png,../MasterDataset/012621_139B_16_platelet_cluster_chan11_68.png
663,../MasterDataset/012621_139B_16_platelet_cluster_chan2_76.png,../MasterDataset/012621_139B_16_platelet_cluster_chan3_76.png,../MasterDataset/012621_139B_16_platelet_cluster_chan7_76.png,../MasterDataset/012621_139B_16_platelet_cluster_chan11_76.png
664,../MasterDataset/012621_139B_16_platelet_cluster_chan2_79.png,../MasterDataset/012621_139B_16_platelet_cluster_chan3_79.png,../MasterDataset/012621_139B_16_platelet_cluster_chan7_79.png,../MasterDataset/012621_139B_16_platelet_cluster_chan11_79.png
665,../MasterDataset/012621_139B_16_platelet_cluster_chan2_85.png,../MasterDataset/012621_139B_16_platelet_cluster_chan3_85.png,../MasterDataset/012621_139B_16_platelet_cluster_chan7_85.png,../MasterDataset/012621_139B_16_platelet_cluster_chan11_85.png
666,../MasterDataset/012621_139B_16_platelet_cluster_chan2_9.png,../MasterDataset/012621_139B_16_platelet_cluster_chan3_9.png,../MasterDataset/012621_139B_16_platelet_cluster_chan7_9.png,../MasterDataset/012621_139B_16_platelet_cluster_chan11_9.png
667,../MasterDataset/012621_139B_16_platelet_cluster_chan2_90.png,../MasterDataset/012621_139B_16_platelet_cluster_chan3_90.png,../MasterDataset/012621_139B_16_platelet_cluster_chan7_90.png,../MasterDataset/012621_139B_16_platelet_cluster_chan11_90.png
668,../MasterDataset/012621_139B_16_platelet_cluster_chan2_92.png,../MasterDataset/012621_139B_16_platelet_cluster_chan3_92.png,../MasterDataset/012621_139B_16_platelet_cluster_chan7_92.png,../MasterDataset/012621_139B_16_platelet_cluster_chan11_92.png
669,../MasterDataset/012621_139B_16_platelet_cluster_chan2_94.png,../MasterDataset/012621_139B_16_platelet_cluster_chan3_94.png,../MasterDataset/012621_139B_16_platelet_cluster_chan7_94.png,../MasterDataset/012621_139B_16_platelet_cluster_chan11_94.png
670,../MasterDataset/012621_139B_16_platelet_cluster_chan2_97.png,../MasterDataset/012621_139B_16_platelet_cluster_chan3_97.png,../MasterDataset/012621_139B_16_platelet_cluster_chan7_97.png,../MasterDataset/012621_139B_16_platelet_cluster_chan11_97.png
671,../MasterDataset/012621_139B_16_platelet_cluster_chan2_98.png,../MasterDataset/012621_139B_16_platelet_cluster_chan3_98.png,../MasterDataset/012621_139B_16_platelet_cluster_chan7_98.png,../MasterDataset/012621_139B_16_platelet_cluster_chan11_98.png
672,../MasterDataset/012621_139B_16_rbc_only_chan2_18.png,../MasterDataset/012621_139B_16_rbc_only_chan3_18.png,../MasterDataset/012621_139B_16_rbc_only_chan7_18.png,../MasterDataset/012621_139B_16_rbc_only_chan11_18.png
673,../MasterDataset/012621_139B_16_rbc_only_chan2_21.png,../MasterDataset/012621_139B_16_rbc_only_chan3_21.png,../MasterDataset/012621_139B_16_rbc_only_chan7_21.png,../MasterDataset/012621_139B_16_rbc_only_chan11_21.png
674,../MasterDataset/012621_139B_16_rbc_only_chan2_23.png,../MasterDataset/012621_139B_16_rbc_only_chan3_23.png,../MasterDataset/012621_139B_16_rbc_only_chan7_23.png,../MasterDataset/012621_139B_16_rbc_only_chan11_23.png
675,../MasterDataset/012621_139B_16_rbc_only_chan2_64.png,../MasterDataset/012621_139B_16_rbc_only_chan3_64.png,../MasterDataset/012621_139B_16_rbc_only_chan7_64.png,../MasterDataset/012621_139B_16_rbc_only_chan11_64.png
676,../MasterDataset/012621_139B_16_rbc_only_chan2_72.png,../MasterDataset/012621_139B_16_rbc_only_chan3_72.png,../MasterDataset/012621_139B_16_rbc_only_chan7_72.png,../MasterDataset/012621_139B_16_rbc_only_chan11_72.png
677,../MasterDataset/012621_139B_16_rbc_platelet_chan2_18.png,../MasterDataset/012621_139B_16_rbc_platelet_chan3_18.png,../MasterDataset/012621_139B_16_rbc_platelet_chan7_18.png,../MasterDataset/012621_139B_16_rbc_platelet_chan11_18.png
678,../MasterDataset/012621_139B_16_rbc_platelet_chan2_20.png,../MasterDataset/012621_139B_16_rbc_platelet_chan3_20.png,../MasterDataset/012621_139B_16_rbc_platelet_chan7_20.png,../MasterDataset/012621_139B_16_rbc_platelet_chan11_20.png
679,../MasterDataset/012621_139B_16_rbc_platelet_chan2_23.png,../MasterDataset/012621_139B_16_rbc_platelet_chan3_23.png,../MasterDataset/012621_139B_16_rbc_platelet_chan7_23.png,../MasterDataset/012621_139B_16_rbc_platelet_chan11_23.png
680,../MasterDataset/012621_139B_16_rbc_platelet_chan2_25.png,../MasterDataset/012621_139B_16_rbc_platelet_chan3_25.png,../MasterDataset/012621_139B_16_rbc_platelet_chan7_25.png,../MasterDataset/012621_139B_16_rbc_platelet_chan11_25.png
681,../MasterDataset/012621_139B_16_rbc_platelet_chan2_28.png,../MasterDataset/012621_139B_16_rbc_platelet_chan3_28.png,../MasterDataset/012621_139B_16_rbc_platelet_chan7_28.png,../MasterDataset/012621_139B_16_rbc_platelet_chan11_28.png
682,../MasterDataset/012621_139B_16_rbc_platelet_chan2_32.png,../MasterDataset/012621_139B_16_rbc_platelet_chan3_32.png,../MasterDataset/012621_139B_16_rbc_platelet_chan7_32.png,../MasterDataset/012621_139B_16_rbc_platelet_chan11_32.png
683,../MasterDataset/012621_139B_16_rbc_platelet_chan2_33.png,../MasterDataset/012621_139B_16_rbc_platelet_chan3_33.png,../MasterDataset/012621_139B_16_rbc_platelet_chan7_33.png,../MasterDataset/012621_139B_16_rbc_platelet_chan11_33.png
684,../MasterDataset/012621_139B_16_rbc_platelet_chan2_35.png,../MasterDataset/012621_139B_16_rbc_platelet_chan3_35.png,../MasterDataset/012621_139B_16_rbc_platelet_chan7_35.png,../MasterDataset/012621_139B_16_rbc_platelet_chan11_35.png
685,../MasterDataset/012621_139B_16_rbc_platelet_chan2_46.png,../MasterDataset/012621_139B_16_rbc_platelet_chan3_46.png,../MasterDataset/012621_139B_16_rbc_platelet_chan7_46.png,../MasterDataset/012621_139B_16_rbc_platelet_chan11_46.png
686,../MasterDataset/012621_139B_16_rbc_platelet_chan2_48.png,../MasterDataset/012621_139B_16_rbc_platelet_chan3_48.png,../MasterDataset/012621_139B_16_rbc_platelet_chan7_48.png,../MasterDataset/012621_139B_16_rbc_platelet_chan11_48.png
687,../MasterDataset/012621_139B_16_rbc_platelet_chan2_51.png,../MasterDataset/012621_139B_16_rbc_platelet_chan3_51.png,../MasterDataset/012621_139B_16_rbc_platelet_chan7_51.png,../MasterDataset/012621_139B_16_rbc_platelet_chan11_51.png
688,../MasterDataset/012621_139B_16_rbc_platelet_chan2_56.png,../MasterDataset/012621_139B_16_rbc_platelet_chan3_56.png,../MasterDataset/012621_139B_16_rbc_platelet_chan7_56.png,../MasterDataset/012621_139B_16_rbc_platelet_chan11_56.png
689,../MasterDataset/012621_139B_16_rbc_platelet_chan2_58.png,../MasterDataset/012621_139B_16_rbc_platelet_chan3_58.png,../MasterDataset/012621_139B_16_rbc_platelet_chan7_58.png,../MasterDataset/012621_139B_16_rbc_platelet_chan11_58.png
690,../MasterDataset/012621_139B_16_rbc_platelet_chan2_59.png,../MasterDataset/012621_139B_16_rbc_platelet_chan3_59.png,../MasterDataset/012621_139B_16_rbc_platelet_chan7_59.png,../MasterDataset/012621_139B_16_rbc_platelet_chan11_59.png
691,../MasterDataset/012621_139B_16_rbc_platelet_chan2_65.png,../MasterDataset/012621_139B_16_rbc_platelet_chan3_65.png,../MasterDataset/012621_139B_16_rbc_platelet_chan7_65.png,../MasterDataset/012621_139B_16_rbc_platelet_chan11_65.png
692,../MasterDataset/012621_139B_16_rbc_platelet_chan2_7.png,../MasterDataset/012621_139B_16_rbc_platelet_chan3_7.png,../MasterDataset/012621_139B_16_rbc_platelet_chan7_7.png,../MasterDataset/012621_139B_16_rbc_platelet_chan11_7.png
693,../MasterDataset/012621_139B_16_wbc_chan2_11.png,../MasterDataset/012621_139B_16_wbc_chan3_11.png,../MasterDataset/012621_139B_16_wbc_chan7_11.png,../MasterDataset/012621_139B_16_wbc_chan11_11.png
694,../MasterDataset/012621_139B_16_wbc_chan2_14.png,../MasterDataset/012621_139B_16_wbc_chan3_14.png,../MasterDataset/012621_139B_16_wbc_chan7_14.png,../MasterDataset/012621_139B_16_wbc_chan11_14.png
695,../MasterDataset/012621_139B_16_wbc_chan2_3.png,../MasterDataset/012621_139B_16_wbc_chan3_3.png,../MasterDataset/012621_139B_16_wbc_chan7_3.png,../MasterDataset/012621_139B_16_wbc_chan11_3.png
696,../MasterDataset/012621_139B_16_wbc_chan2_4.png,../MasterDataset/012621_139B_16_wbc_chan3_4.png,../MasterDataset/012621_139B_16_wbc_chan7_4.png,../MasterDataset/012621_139B_16_wbc_chan11_4.png
697,../MasterDataset/012621_139B_16_wbc_chan2_9.png,../MasterDataset/012621_139B_16_wbc_chan3_9.png,../MasterDataset/012621_139B_16_wbc_chan7_9.png,../MasterDataset/012621_139B_16_wbc_chan11_9.png
698,../MasterDataset/012621_141B_10_platelet_cluster_chan2_1.png,../MasterDataset/012621_141B_10_platelet_cluster_chan3_1.png,../MasterDataset/012621_141B_10_platelet_cluster_chan7_1.png,../MasterDataset/012621_141B_10_platelet_cluster_chan11_1.png
699,../MasterDataset/012621_141B_10_platelet_cluster_chan2_10.png,../MasterDataset/012621_141B_10_platelet_cluster_chan3_10.png,../MasterDataset/012621_141B_10_platelet_cluster_chan7_10.png,../MasterDataset/012621_141B_10_platelet_cluster_chan11_10.png
700,../MasterDataset/012621_141B_10_platelet_cluster_chan2_11.png,../MasterDataset/012621_141B_10_platelet_cluster_chan3_11.png,../MasterDataset/012621_141B_10_platelet_cluster_chan7_11.png,../MasterDataset/012621_141B_10_platelet_cluster_chan11_11.png
701,../MasterDataset/012621_141B_10_platelet_cluster_chan2_13.png,../MasterDataset/012621_141B_10_platelet_cluster_chan3_13.png,../MasterDataset/012621_141B_10_platelet_cluster_chan7_13.png,../MasterDataset/012621_141B_10_platelet_cluster_chan11_13.png
702,../MasterDataset/012621_141B_10_platelet_cluster_chan2_14.png,../MasterDataset/012621_141B_10_platelet_cluster_chan3_14.png,../MasterDataset/012621_141B_10_platelet_cluster_chan7_14.png,../MasterDataset/012621_141B_10_platelet_cluster_chan11_14.png
703,../MasterDataset/012621_141B_10_platelet_cluster_chan2_15.png,../MasterDataset/012621_141B_10_platelet_cluster_chan3_15.png,../MasterDataset/012621_141B_10_platelet_cluster_chan7_15.png,../MasterDataset/012621_141B_10_platelet_cluster_chan11_15.png
704,../MasterDataset/012621_141B_10_platelet_cluster_chan2_16.png,../MasterDataset/012621_141B_10_platelet_cluster_chan3_16.png,../MasterDataset/012621_141B_10_platelet_cluster_chan7_16.png,../MasterDataset/012621_141B_10_platelet_cluster_chan11_16.png
705,../MasterDataset/012621_141B_10_platelet_cluster_chan2_17.png,../MasterDataset/012621_141B_10_platelet_cluster_chan3_17.png,../MasterDataset/012621_141B_10_platelet_cluster_chan7_17.png,../MasterDataset/012621_141B_10_platelet_cluster_chan11_17.png
706,../MasterDataset/012621_141B_10_platelet_cluster_chan2_19.png,../MasterDataset/012621_141B_10_platelet_cluster_chan3_19.png,../MasterDataset/012621_141B_10_platelet_cluster_chan7_19.png,../MasterDataset/012621_141B_10_platelet_cluster_chan11_19.png
707,../MasterDataset/012621_141B_10_platelet_cluster_chan2_2.png,../MasterDataset/012621_141B_10_platelet_cluster_chan3_2.png,../MasterDataset/012621_141B_10_platelet_cluster_chan7_2.png,../MasterDataset/012621_141B_10_platelet_cluster_chan11_2.png
708,../MasterDataset/012621_141B_10_platelet_cluster_chan2_20.png,../MasterDataset/012621_141B_10_platelet_cluster_chan3_20.png,../MasterDataset/012621_141B_10_platelet_cluster_chan7_20.png,../MasterDataset/012621_141B_10_platelet_cluster_chan11_20.png
709,../MasterDataset/012621_141B_10_platelet_cluster_chan2_22.png,../MasterDataset/012621_141B_10_platelet_cluster_chan3_22.png,../MasterDataset/012621_141B_10_platelet_cluster_chan7_22.png,../MasterDataset/012621_141B_10_platelet_cluster_chan11_22.png
710,../MasterDataset/012621_141B_10_platelet_cluster_chan2_25.png,../MasterDataset/012621_141B_10_platelet_cluster_chan3_25.png,../MasterDataset/012621_141B_10_platelet_cluster_chan7_25.png,../MasterDataset/012621_141B_10_platelet_cluster_chan11_25.png
711,../MasterDataset/012621_141B_10_platelet_cluster_chan2_27.png,../MasterDataset/012621_141B_10_platelet_cluster_chan3_27.png,../MasterDataset/012621_141B_10_platelet_cluster_chan7_27.png,../MasterDataset/012621_141B_10_platelet_cluster_chan11_27.png
712,../MasterDataset/012621_141B_10_platelet_cluster_chan2_28.png,../MasterDataset/012621_141B_10_platelet_cluster_chan3_28.png,../MasterDataset/012621_141B_10_platelet_cluster_chan7_28.png,../MasterDataset/012621_141B_10_platelet_cluster_chan11_28.png
713,../MasterDataset/012621_141B_10_platelet_cluster_chan2_29.png,../MasterDataset/012621_141B_10_platelet_cluster_chan3_29.png,../MasterDataset/012621_141B_10_platelet_cluster_chan7_29.png,../MasterDataset/012621_141B_10_platelet_cluster_chan11_29.png
714,../MasterDataset/012621_141B_10_platelet_cluster_chan2_3.png,../MasterDataset/012621_141B_10_platelet_cluster_chan3_3.png,../MasterDataset/012621_141B_10_platelet_cluster_chan7_3.png,../MasterDataset/012621_141B_10_platelet_cluster_chan11_3.png
715,../MasterDataset/012621_141B_10_platelet_cluster_chan2_30.png,../MasterDataset/012621_141B_10_platelet_cluster_chan3_30.png,../MasterDataset/012621_141B_10_platelet_cluster_chan7_30.png,../MasterDataset/012621_141B_10_platelet_cluster_chan11_30.png
716,../MasterDataset/012621_141B_10_platelet_cluster_chan2_31.png,../MasterDataset/012621_141B_10_platelet_cluster_chan3_31.png,../MasterDataset/012621_141B_10_platelet_cluster_chan7_31.png,../MasterDataset/012621_141B_10_platelet_cluster_chan11_31.png
717,../MasterDataset/012621_141B_10_platelet_cluster_chan2_32.png,../MasterDataset/012621_141B_10_platelet_cluster_chan3_32.png,../MasterDataset/012621_141B_10_platelet_cluster_chan7_32.png,../MasterDataset/012621_141B_10_platelet_cluster_chan11_32.png
718,../MasterDataset/012621_141B_10_platelet_cluster_chan2_36.png,../MasterDataset/012621_141B_10_platelet_cluster_chan3_36.png,../MasterDataset/012621_141B_10_platelet_cluster_chan7_36.png,../MasterDataset/012621_141B_10_platelet_cluster_chan11_36.png
719,../MasterDataset/012621_141B_10_platelet_cluster_chan2_38.png,../MasterDataset/012621_141B_10_platelet_cluster_chan3_38.png,../MasterDataset/012621_141B_10_platelet_cluster_chan7_38.png,../MasterDataset/012621_141B_10_platelet_cluster_chan11_38.png
720,../MasterDataset/012621_141B_10_platelet_cluster_chan2_39.png,../MasterDataset/012621_141B_10_platelet_cluster_chan3_39.png,../MasterDataset/012621_141B_10_platelet_cluster_chan7_39.png,../MasterDataset/012621_141B_10_platelet_cluster_chan11_39.png
721,../MasterDataset/012621_141B_10_platelet_cluster_chan2_4.png,../MasterDataset/012621_141B_10_platelet_cluster_chan3_4.png,../MasterDataset/012621_141B_10_platelet_cluster_chan7_4.png,../MasterDataset/012621_141B_10_platelet_cluster_chan11_4.png
722,../MasterDataset/012621_141B_10_platelet_cluster_chan2_40.png,../MasterDataset/012621_141B_10_platelet_cluster_chan3_40.png,../MasterDataset/012621_141B_10_platelet_cluster_chan7_40.png,../MasterDataset/012621_141B_10_platelet_cluster_chan11_40.png
723,../MasterDataset/012621_141B_10_platelet_cluster_chan2_41.png,../MasterDataset/012621_141B_10_platelet_cluster_chan3_41.png,../MasterDataset/012621_141B_10_platelet_cluster_chan7_41.png,../MasterDataset/012621_141B_10_platelet_cluster_chan11_41.png
724,../MasterDataset/012621_141B_10_platelet_cluster_chan2_42.png,../MasterDataset/012621_141B_10_platelet_cluster_chan3_42.png,../MasterDataset/012621_141B_10_platelet_cluster_chan7_42.png,../MasterDataset/012621_141B_10_platelet_cluster_chan11_42.png
725,../MasterDataset/012621_141B_10_platelet_cluster_chan2_44.png,../MasterDataset/012621_141B_10_platelet_cluster_chan3_44.png,../MasterDataset/012621_141B_10_platelet_cluster_chan7_44.png,../MasterDataset/012621_141B_10_platelet_cluster_chan11_44.png
726,../MasterDataset/012621_141B_10_platelet_cluster_chan2_45.png,../MasterDataset/012621_141B_10_platelet_cluster_chan3_45.png,../MasterDataset/012621_141B_10_platelet_cluster_chan7_45.png,../MasterDataset/012621_141B_10_platelet_cluster_chan11_45.png
727,../MasterDataset/012621_141B_10_platelet_cluster_chan2_48.png,../MasterDataset/012621_141B_10_platelet_cluster_chan3_48.png,../MasterDataset/012621_141B_10_platelet_cluster_chan7_48.png,../MasterDataset/012621_141B_10_platelet_cluster_chan11_48.png
728,../MasterDataset/012621_141B_10_platelet_cluster_chan2_5.png,../MasterDataset/012621_141B_10_platelet_cluster_chan3_5.png,../MasterDataset/012621_141B_10_platelet_cluster_chan7_5.png,../MasterDataset/012621_141B_10_platelet_cluster_chan11_5.png
729,../MasterDataset/012621_141B_10_platelet_cluster_chan2_50.png,../MasterDataset/012621_141B_10_platelet_cluster_chan3_50.png,../MasterDataset/012621_141B_10_platelet_cluster_chan7_50.png,../MasterDataset/012621_141B_10_platelet_cluster_chan11_50.png
730,../MasterDataset/012621_141B_10_platelet_cluster_chan2_51.png,../MasterDataset/012621_141B_10_platelet_cluster_chan3_51.png,../MasterDataset/012621_141B_10_platelet_cluster_chan7_51.png,../MasterDataset/012621_141B_10_platelet_cluster_chan11_51.png
731,../MasterDataset/012621_141B_10_platelet_cluster_chan2_52.png,../MasterDataset/012621_141B_10_platelet_cluster_chan3_52.png,../MasterDataset/012621_141B_10_platelet_cluster_chan7_52.png,../MasterDataset/012621_141B_10_platelet_cluster_chan11_52.png
732,../MasterDataset/012621_141B_10_platelet_cluster_chan2_53.png,../MasterDataset/012621_141B_10_platelet_cluster_chan3_53.png,../MasterDataset/012621_141B_10_platelet_cluster_chan7_53.png,../MasterDataset/012621_141B_10_platelet_cluster_chan11_53.png
733,../MasterDataset/012621_141B_10_platelet_cluster_chan2_54.png,../MasterDataset/012621_141B_10_platelet_cluster_chan3_54.png,../MasterDataset/012621_141B_10_platelet_cluster_chan7_54.png,../MasterDataset/012621_141B_10_platelet_cluster_chan11_54.png
734,../MasterDataset/012621_141B_10_platelet_cluster_chan2_55.png,../MasterDataset/012621_141B_10_platelet_cluster_chan3_55.png,../MasterDataset/012621_141B_10_platelet_cluster_chan7_55.png,../MasterDataset/012621_141B_10_platelet_cluster_chan11_55.png
735,../MasterDataset/012621_141B_10_platelet_cluster_chan2_56.png,../MasterDataset/012621_141B_10_platelet_cluster_chan3_56.png,../MasterDataset/012621_141B_10_platelet_cluster_chan7_56.png,../MasterDataset/012621_141B_10_platelet_cluster_chan11_56.png
736,../MasterDataset/012621_141B_10_platelet_cluster_chan2_58.png,../MasterDataset/012621_141B_10_platelet_cluster_chan3_58.png,../MasterDataset/012621_141B_10_platelet_cluster_chan7_58.png,../MasterDataset/012621_141B_10_platelet_cluster_chan11_58.png
737,../MasterDataset/012621_141B_10_platelet_cluster_chan2_59.png,../MasterDataset/012621_141B_10_platelet_cluster_chan3_59.png,../MasterDataset/012621_141B_10_platelet_cluster_chan7_59.png,../MasterDataset/012621_141B_10_platelet_cluster_chan11_59.png
738,../MasterDataset/012621_141B_10_platelet_cluster_chan2_63.png,../MasterDataset/012621_141B_10_platelet_cluster_chan3_63.png,../MasterDataset/012621_141B_10_platelet_cluster_chan7_63.png,../MasterDataset/012621_141B_10_platelet_cluster_chan11_63.png
739,../MasterDataset/012621_141B_10_platelet_cluster_chan2_64.png,../MasterDataset/012621_141B_10_platelet_cluster_chan3_64.png,../MasterDataset/012621_141B_10_platelet_cluster_chan7_64.png,../MasterDataset/012621_141B_10_platelet_cluster_chan11_64.png
740,../MasterDataset/012621_141B_10_platelet_cluster_chan2_65.png,../MasterDataset/012621_141B_10_platelet_cluster_chan3_65.png,../MasterDataset/012621_141B_10_platelet_cluster_chan7_65.png,../MasterDataset/012621_141B_10_platelet_cluster_chan11_65.png
741,../MasterDataset/012621_141B_10_platelet_cluster_chan2_66.png,../MasterDataset/012621_141B_10_platelet_cluster_chan3_66.png,../MasterDataset/012621_141B_10_platelet_cluster_chan7_66.png,../MasterDataset/012621_141B_10_platelet_cluster_chan11_66.png
742,../MasterDataset/012621_141B_10_platelet_cluster_chan2_67.png,../MasterDataset/012621_141B_10_platelet_cluster_chan3_67.png,../MasterDataset/012621_141B_10_platelet_cluster_chan7_67.png,../MasterDataset/012621_141B_10_platelet_cluster_chan11_67.png
743,../MasterDataset/012621_141B_10_platelet_cluster_chan2_68.png,../MasterDataset/012621_141B_10_platelet_cluster_chan3_68.png,../MasterDataset/012621_141B_10_platelet_cluster_chan7_68.png,../MasterDataset/012621_141B_10_platelet_cluster_chan11_68.png
744,../MasterDataset/012621_141B_10_platelet_cluster_chan2_69.png,../MasterDataset/012621_141B_10_platelet_cluster_chan3_69.png,../MasterDataset/012621_141B_10_platelet_cluster_chan7_69.png,../MasterDataset/012621_141B_10_platelet_cluster_chan11_69.png
745,../MasterDataset/012621_141B_10_platelet_cluster_chan2_7.png,../MasterDataset/012621_141B_10_platelet_cluster_chan3_7.png,../MasterDataset/012621_141B_10_platelet_cluster_chan7_7.png,../MasterDataset/012621_141B_10_platelet_cluster_chan11_7.png
746,../MasterDataset/012621_141B_10_platelet_cluster_chan2_8.png,../MasterDataset/012621_141B_10_platelet_cluster_chan3_8.png,../MasterDataset/012621_141B_10_platelet_cluster_chan7_8.png,../MasterDataset/012621_141B_10_platelet_cluster_chan11_8.png
747,../MasterDataset/012621_141B_10_platelet_cluster_chan2_9.png,../MasterDataset/012621_141B_10_platelet_cluster_chan3_9.png,../MasterDataset/012621_141B_10_platelet_cluster_chan7_9.png,../MasterDataset/012621_141B_10_platelet_cluster_chan11_9.png
748,../MasterDataset/012621_141B_10_RBC_only_chan2_12.png,../MasterDataset/012621_141B_10_RBC_only_chan3_12.png,../MasterDataset/012621_141B_10_RBC_only_chan7_12.png,../MasterDataset/012621_141B_10_RBC_only_chan11_12.png
749,../MasterDataset/012621_141B_10_RBC_only_chan2_15.png,../MasterDataset/012621_141B_10_RBC_only_chan3_15.png,../MasterDataset/012621_141B_10_RBC_only_chan7_15.png,../MasterDataset/012621_141B_10_RBC_only_chan11_15.png
750,../MasterDataset/012621_141B_10_RBC_only_chan2_18.png,../MasterDataset/012621_141B_10_RBC_only_chan3_18.png,../MasterDataset/012621_141B_10_RBC_only_chan7_18.png,../MasterDataset/012621_141B_10_RBC_only_chan11_18.png
751,../MasterDataset/012621_141B_10_RBC_only_chan2_21.png,../MasterDataset/012621_141B_10_RBC_only_chan3_21.png,../MasterDataset/012621_141B_10_RBC_only_chan7_21.png,../MasterDataset/012621_141B_10_RBC_only_chan11_21.png
752,../MasterDataset/012621_141B_10_RBC_only_chan2_24.png,../MasterDataset/012621_141B_10_RBC_only_chan3_24.png,../MasterDataset/012621_141B_10_RBC_only_chan7_24.png,../MasterDataset/012621_141B_10_RBC_only_chan11_24.png
753,../MasterDataset/012621_141B_10_RBC_only_chan2_27.png,../MasterDataset/012621_141B_10_RBC_only_chan3_27.png,../MasterDataset/012621_141B_10_RBC_only_chan7_27.png,../MasterDataset/012621_141B_10_RBC_only_chan11_27.png
754,../MasterDataset/012621_141B_10_RBC_only_chan2_40.png,../MasterDataset/012621_141B_10_RBC_only_chan3_40.png,../MasterDataset/012621_141B_10_RBC_only_chan7_40.png,../MasterDataset/012621_141B_10_RBC_only_chan11_40.png
755,../MasterDataset/012621_141B_10_RBC_only_chan2_43.png,../MasterDataset/012621_141B_10_RBC_only_chan3_43.png,../MasterDataset/012621_141B_10_RBC_only_chan7_43.png,../MasterDataset/012621_141B_10_RBC_only_chan11_43.png
756,../MasterDataset/012621_141B_10_RBC_only_chan2_52.png,../MasterDataset/012621_141B_10_RBC_only_chan3_52.png,../MasterDataset/012621_141B_10_RBC_only_chan7_52.png,../MasterDataset/012621_141B_10_RBC_only_chan11_52.png
757,../MasterDataset/012621_141B_10_RBC_only_chan2_60.png,../MasterDataset/012621_141B_10_RBC_only_chan3_60.png,../MasterDataset/012621_141B_10_RBC_only_chan7_60.png,../MasterDataset/012621_141B_10_RBC_only_chan11_60.png
758,../MasterDataset/012621_141B_10_RBC_only_chan2_8.png,../MasterDataset/012621_141B_10_RBC_only_chan3_8.png,../MasterDataset/012621_141B_10_RBC_only_chan7_8.png,../MasterDataset/012621_141B_10_RBC_only_chan11_8.png
759,../MasterDataset/012621_141B_10_RBC_only_chan2_9.png,../MasterDataset/012621_141B_10_RBC_only_chan3_9.png,../MasterDataset/012621_141B_10_RBC_only_chan7_9.png,../MasterDataset/012621_141B_10_RBC_only_chan11_9.png
760,../MasterDataset/012621_141B_10_RBC_platelet_chan2_11.png,../MasterDataset/012621_141B_10_RBC_platelet_chan3_11.png,../MasterDataset/012621_141B_10_RBC_platelet_chan7_11.png,../MasterDataset/012621_141B_10_RBC_platelet_chan11_11.png
761,../MasterDataset/012621_141B_10_RBC_platelet_chan2_13.png,../MasterDataset/012621_141B_10_RBC_platelet_chan3_13.png,../MasterDataset/012621_141B_10_RBC_platelet_chan7_13.png,../MasterDataset/012621_141B_10_RBC_platelet_chan11_13.png
762,../MasterDataset/012621_141B_10_RBC_platelet_chan2_14.png,../MasterDataset/012621_141B_10_RBC_platelet_chan3_14.png,../MasterDataset/012621_141B_10_RBC_platelet_chan7_14.png,../MasterDataset/012621_141B_10_RBC_platelet_chan11_14.png
763,../MasterDataset/012621_141B_10_RBC_platelet_chan2_15.png,../MasterDataset/012621_141B_10_RBC_platelet_chan3_15.png,../MasterDataset/012621_141B_10_RBC_platelet_chan7_15.png,../MasterDataset/012621_141B_10_RBC_platelet_chan11_15.png
764,../MasterDataset/012621_141B_10_RBC_platelet_chan2_18.png,../MasterDataset/012621_141B_10_RBC_platelet_chan3_18.png,../MasterDataset/012621_141B_10_RBC_platelet_chan7_18.png,../MasterDataset/012621_141B_10_RBC_platelet_chan11_18.png
765,../MasterDataset/012621_141B_10_RBC_platelet_chan2_19.png,../MasterDataset/012621_141B_10_RBC_platelet_chan3_19.png,../MasterDataset/012621_141B_10_RBC_platelet_chan7_19.png,../MasterDataset/012621_141B_10_RBC_platelet_chan11_19.png
766,../MasterDataset/012621_141B_10_RBC_platelet_chan2_24.png,../MasterDataset/012621_141B_10_RBC_platelet_chan3_24.png,../MasterDataset/012621_141B_10_RBC_platelet_chan7_24.png,../MasterDataset/012621_141B_10_RBC_platelet_chan11_24.png
767,../MasterDataset/012621_141B_10_RBC_platelet_chan2_30.png,../MasterDataset/012621_141B_10_RBC_platelet_chan3_30.png,../MasterDataset/012621_141B_10_RBC_platelet_chan7_30.png,../MasterDataset/012621_141B_10_RBC_platelet_chan11_30.png
768,../MasterDataset/012621_141B_10_RBC_platelet_chan2_32.png,../MasterDataset/012621_141B_10_RBC_platelet_chan3_32.png,../MasterDataset/012621_141B_10_RBC_platelet_chan7_32.png,../MasterDataset/012621_141B_10_RBC_platelet_chan11_32.png
769,../MasterDataset/012621_141B_10_RBC_platelet_chan2_34.png,../MasterDataset/012621_141B_10_RBC_platelet_chan3_34.png,../MasterDataset/012621_141B_10_RBC_platelet_chan7_34.png,../MasterDataset/012621_141B_10_RBC_platelet_chan11_34.png
770,../MasterDataset/012621_141B_10_RBC_platelet_chan2_39.png,../MasterDataset/012621_141B_10_RBC_platelet_chan3_39.png,../MasterDataset/012621_141B_10_RBC_platelet_chan7_39.png,../MasterDataset/012621_141B_10_RBC_platelet_chan11_39.png
771,../MasterDataset/012621_141B_10_RBC_platelet_chan2_40.png,../MasterDataset/012621_141B_10_RBC_platelet_chan3_40.png,../MasterDataset/012621_141B_10_RBC_platelet_chan7_40.png,../MasterDataset/012621_141B_10_RBC_platelet_chan11_40.png
772,../MasterDataset/012621_141B_10_RBC_platelet_chan2_43.png,../MasterDataset/012621_141B_10_RBC_platelet_chan3_43.png,../MasterDataset/012621_141B_10_RBC_platelet_chan7_43.png,../MasterDataset/012621_141B_10_RBC_platelet_chan11_43.png
773,../MasterDataset/012621_141B_10_RBC_platelet_chan2_46.png,../MasterDataset/012621_141B_10_RBC_platelet_chan3_46.png,../MasterDataset/012621_141B_10_RBC_platelet_chan7_46.png,../MasterDataset/012621_141B_10_RBC_platelet_chan11_46.png
774,../MasterDataset/012621_141B_10_RBC_platelet_chan2_48.png,../MasterDataset/012621_141B_10_RBC_platelet_chan3_48.png,../MasterDataset/012621_141B_10_RBC_platelet_chan7_48.png,../MasterDataset/012621_141B_10_RBC_platelet_chan11_48.png
775,../MasterDataset/012621_141B_10_RBC_platelet_chan2_51.png,../MasterDataset/012621_141B_10_RBC_platelet_chan3_51.png,../MasterDataset/012621_141B_10_RBC_platelet_chan7_51.png,../MasterDataset/012621_141B_10_RBC_platelet_chan11_51.png
776,../MasterDataset/012621_141B_10_RBC_platelet_chan2_52.png,../MasterDataset/012621_141B_10_RBC_platelet_chan3_52.png,../MasterDataset/012621_141B_10_RBC_platelet_chan7_52.png,../MasterDataset/012621_141B_10_RBC_platelet_chan11_52.png
777,../MasterDataset/012621_141B_10_RBC_platelet_chan2_54.png,../MasterDataset/012621_141B_10_RBC_platelet_chan3_54.png,../MasterDataset/012621_141B_10_RBC_platelet_chan7_54.png,../MasterDataset/012621_141B_10_RBC_platelet_chan11_54.png
778,../MasterDataset/012621_141B_10_RBC_platelet_chan2_56.png,../MasterDataset/012621_141B_10_RBC_platelet_chan3_56.png,../MasterDataset/012621_141B_10_RBC_platelet_chan7_56.png,../MasterDataset/012621_141B_10_RBC_platelet_chan11_56.png
779,../MasterDataset/012621_141B_10_RBC_platelet_chan2_59.png,../MasterDataset/012621_141B_10_RBC_platelet_chan3_59.png,../MasterDataset/012621_141B_10_RBC_platelet_chan7_59.png,../MasterDataset/012621_141B_10_RBC_platelet_chan11_59.png
780,../MasterDataset/012621_141B_10_RBC_platelet_chan2_6.png,../MasterDataset/012621_141B_10_RBC_platelet_chan3_6.png,../MasterDataset/012621_141B_10_RBC_platelet_chan7_6.png,../MasterDataset/012621_141B_10_RBC_platelet_chan11_6.png
781,../MasterDataset/012621_141B_10_RBC_platelet_chan2_61.png,../MasterDataset/012621_141B_10_RBC_platelet_chan3_61.png,../MasterDataset/012621_141B_10_RBC_platelet_chan7_61.png,../MasterDataset/012621_141B_10_RBC_platelet_chan11_61.png
782,../MasterDataset/012621_141B_10_RBC_platelet_chan2_62.png,../MasterDataset/012621_141B_10_RBC_platelet_chan3_62.png,../MasterDataset/012621_141B_10_RBC_platelet_chan7_62.png,../MasterDataset/012621_141B_10_RBC_platelet_chan11_62.png
783,../MasterDataset/012621_141B_10_RBC_platelet_chan2_64.png,../MasterDataset/012621_141B_10_RBC_platelet_chan3_64.png,../MasterDataset/012621_141B_10_RBC_platelet_chan7_64.png,../MasterDataset/012621_141B_10_RBC_platelet_chan11_64.png
784,../MasterDataset/012621_141B_10_RBC_platelet_chan2_8.png,../MasterDataset/012621_141B_10_RBC_platelet_chan3_8.png,../MasterDataset/012621_141B_10_RBC_platelet_chan7_8.png,../MasterDataset/012621_141B_10_RBC_platelet_chan11_8.png
785,../MasterDataset/012621_141B_10_wbc_chan2_18.png,../MasterDataset/012621_141B_10_wbc_chan3_18.png,../MasterDataset/012621_141B_10_wbc_chan7_18.png,../MasterDataset/012621_141B_10_wbc_chan11_18.png
786,../MasterDataset/012621_141B_10_wbc_chan2_33.png,../MasterDataset/012621_141B_10_wbc_chan3_33.png,../MasterDataset/012621_141B_10_wbc_chan7_33.png,../MasterDataset/012621_141B_10_wbc_chan11_33.png
787,../MasterDataset/012621_141B_10_wbc_chan2_45.png,../MasterDataset/012621_141B_10_wbc_chan3_45.png,../MasterDataset/012621_141B_10_wbc_chan7_45.png,../MasterDataset/012621_141B_10_wbc_chan11_45.png
788,../MasterDataset/012621_141B_10_wbc_chan2_5.png,../MasterDataset/012621_141B_10_wbc_chan3_5.png,../MasterDataset/012621_141B_10_wbc_chan7_5.png,../MasterDataset/012621_141B_10_wbc_chan11_5.png
789,../MasterDataset/012621_83B_4_platelet_cluster_chan2_1.png,../MasterDataset/012621_83B_4_platelet_cluster_chan3_1.png,../MasterDataset/012621_83B_4_platelet_cluster_chan7_1.png,../MasterDataset/012621_83B_4_platelet_cluster_chan11_1.png
790,../MasterDataset/012621_83B_4_platelet_cluster_chan2_11.png,../MasterDataset/012621_83B_4_platelet_cluster_chan3_11.png,../MasterDataset/012621_83B_4_platelet_cluster_chan7_11.png,../MasterDataset/012621_83B_4_platelet_cluster_chan11_11.png
791,../MasterDataset/012621_83B_4_platelet_cluster_chan2_15.png,../MasterDataset/012621_83B_4_platelet_cluster_chan3_15.png,../MasterDataset/012621_83B_4_platelet_cluster_chan7_15.png,../MasterDataset/012621_83B_4_platelet_cluster_chan11_15.png
792,../MasterDataset/012621_83B_4_platelet_cluster_chan2_16.png,../MasterDataset/012621_83B_4_platelet_cluster_chan3_16.png,../MasterDataset/012621_83B_4_platelet_cluster_chan7_16.png,../MasterDataset/012621_83B_4_platelet_cluster_chan11_16.png
793,../MasterDataset/012621_83B_4_platelet_cluster_chan2_17.png,../MasterDataset/012621_83B_4_platelet_cluster_chan3_17.png,../MasterDataset/012621_83B_4_platelet_cluster_chan7_17.png,../MasterDataset/012621_83B_4_platelet_cluster_chan11_17.png
794,../MasterDataset/012621_83B_4_platelet_cluster_chan2_18.png,../MasterDataset/012621_83B_4_platelet_cluster_chan3_18.png,../MasterDataset/012621_83B_4_platelet_cluster_chan7_18.png,../MasterDataset/012621_83B_4_platelet_cluster_chan11_18.png
795,../MasterDataset/012621_83B_4_platelet_cluster_chan2_20.png,../MasterDataset/012621_83B_4_platelet_cluster_chan3_20.png,../MasterDataset/012621_83B_4_platelet_cluster_chan7_20.png,../MasterDataset/012621_83B_4_platelet_cluster_chan11_20.png
796,../MasterDataset/012621_83B_4_platelet_cluster_chan2_23.png,../MasterDataset/012621_83B_4_platelet_cluster_chan3_23.png,../MasterDataset/012621_83B_4_platelet_cluster_chan7_23.png,../MasterDataset/012621_83B_4_platelet_cluster_chan11_23.png
797,../MasterDataset/012621_83B_4_platelet_cluster_chan2_26.png,../MasterDataset/012621_83B_4_platelet_cluster_chan3_26.png,../MasterDataset/012621_83B_4_platelet_cluster_chan7_26.png,../MasterDataset/012621_83B_4_platelet_cluster_chan11_26.png
798,../MasterDataset/012621_83B_4_platelet_cluster_chan2_27.png,../MasterDataset/012621_83B_4_platelet_cluster_chan3_27.png,../MasterDataset/012621_83B_4_platelet_cluster_chan7_27.png,../MasterDataset/012621_83B_4_platelet_cluster_chan11_27.png
799,../MasterDataset/012621_83B_4_platelet_cluster_chan2_29.png,../MasterDataset/012621_83B_4_platelet_cluster_chan3_29.png,../MasterDataset/012621_83B_4_platelet_cluster_chan7_29.png,../MasterDataset/012621_83B_4_platelet_cluster_chan11_29.png
800,../MasterDataset/012621_83B_4_platelet_cluster_chan2_30.png,../MasterDataset/012621_83B_4_platelet_cluster_chan3_30.png,../MasterDataset/012621_83B_4_platelet_cluster_chan7_30.png,../MasterDataset/012621_83B_4_platelet_cluster_chan11_30.png
801,../MasterDataset/012621_83B_4_platelet_cluster_chan2_31.png,../MasterDataset/012621_83B_4_platelet_cluster_chan3_31.png,../MasterDataset/012621_83B_4_platelet_cluster_chan7_31.png,../MasterDataset/012621_83B_4_platelet_cluster_chan11_31.png
802,../MasterDataset/012621_83B_4_platelet_cluster_chan2_35.png,../MasterDataset/012621_83B_4_platelet_cluster_chan3_35.png,../MasterDataset/012621_83B_4_platelet_cluster_chan7_35.png,../MasterDataset/012621_83B_4_platelet_cluster_chan11_35.png
803,../MasterDataset/012621_83B_4_platelet_cluster_chan2_36.png,../MasterDataset/012621_83B_4_platelet_cluster_chan3_36.png,../MasterDataset/012621_83B_4_platelet_cluster_chan7_36.png,../MasterDataset/012621_83B_4_platelet_cluster_chan11_36.png
804,../MasterDataset/012621_83B_4_platelet_cluster_chan2_37.png,../MasterDataset/012621_83B_4_platelet_cluster_chan3_37.png,../MasterDataset/012621_83B_4_platelet_cluster_chan7_37.png,../MasterDataset/012621_83B_4_platelet_cluster_chan11_37.png
805,../MasterDataset/012621_83B_4_platelet_cluster_chan2_38.png,../MasterDataset/012621_83B_4_platelet_cluster_chan3_38.png,../MasterDataset/012621_83B_4_platelet_cluster_chan7_38.png,../MasterDataset/012621_83B_4_platelet_cluster_chan11_38.png
806,../MasterDataset/012621_83B_4_platelet_cluster_chan2_4.png,../MasterDataset/012621_83B_4_platelet_cluster_chan3_4.png,../MasterDataset/012621_83B_4_platelet_cluster_chan7_4.png,../MasterDataset/012621_83B_4_platelet_cluster_chan11_4.png
807,../MasterDataset/012621_83B_4_platelet_cluster_chan2_40.png,../MasterDataset/012621_83B_4_platelet_cluster_chan3_40.png,../MasterDataset/012621_83B_4_platelet_cluster_chan7_40.png,../MasterDataset/012621_83B_4_platelet_cluster_chan11_40.png
808,../MasterDataset/012621_83B_4_platelet_cluster_chan2_41.png,../MasterDataset/012621_83B_4_platelet_cluster_chan3_41.png,../MasterDataset/012621_83B_4_platelet_cluster_chan7_41.png,../MasterDataset/012621_83B_4_platelet_cluster_chan11_41.png
809,../MasterDataset/012621_83B_4_platelet_cluster_chan2_44.png,../MasterDataset/012621_83B_4_platelet_cluster_chan3_44.png,../MasterDataset/012621_83B_4_platelet_cluster_chan7_44.png,../MasterDataset/012621_83B_4_platelet_cluster_chan11_44.png
810,../MasterDataset/012621_83B_4_platelet_cluster_chan2_45.png,../MasterDataset/012621_83B_4_platelet_cluster_chan3_45.png,../MasterDataset/012621_83B_4_platelet_cluster_chan7_45.png,../MasterDataset/012621_83B_4_platelet_cluster_chan11_45.png
811,../MasterDataset/012621_83B_4_platelet_cluster_chan2_48.png,../MasterDataset/012621_83B_4_platelet_cluster_chan3_48.png,../MasterDataset/012621_83B_4_platelet_cluster_chan7_48.png,../MasterDataset/012621_83B_4_platelet_cluster_chan11_48.png
812,../MasterDataset/012621_83B_4_platelet_cluster_chan2_49.png,../MasterDataset/012621_83B_4_platelet_cluster_chan3_49.png,../MasterDataset/012621_83B_4_platelet_cluster_chan7_49.png,../MasterDataset/012621_83B_4_platelet_cluster_chan11_49.png
813,../MasterDataset/012621_83B_4_platelet_cluster_chan2_5.png,../MasterDataset/012621_83B_4_platelet_cluster_chan3_5.png,../MasterDataset/012621_83B_4_platelet_cluster_chan7_5.png,../MasterDataset/012621_83B_4_platelet_cluster_chan11_5.png
814,../MasterDataset/012621_83B_4_platelet_cluster_chan2_55.png,../MasterDataset/012621_83B_4_platelet_cluster_chan3_55.png,../MasterDataset/012621_83B_4_platelet_cluster_chan7_55.png,../MasterDataset/012621_83B_4_platelet_cluster_chan11_55.png
815,../MasterDataset/012621_83B_4_platelet_cluster_chan2_60.png,../MasterDataset/012621_83B_4_platelet_cluster_chan3_60.png,../MasterDataset/012621_83B_4_platelet_cluster_chan7_60.png,../MasterDataset/012621_83B_4_platelet_cluster_chan11_60.png
816,../MasterDataset/012621_83B_4_platelet_cluster_chan2_63.png,../MasterDataset/012621_83B_4_platelet_cluster_chan3_63.png,../MasterDataset/012621_83B_4_platelet_cluster_chan7_63.png,../MasterDataset/012621_83B_4_platelet_cluster_chan11_63.png
817,../MasterDataset/012621_83B_4_platelet_cluster_chan2_64.png,../MasterDataset/012621_83B_4_platelet_cluster_chan3_64.png,../MasterDataset/012621_83B_4_platelet_cluster_chan7_64.png,../MasterDataset/012621_83B_4_platelet_cluster_chan11_64.png
818,../MasterDataset/012621_83B_4_platelet_cluster_chan2_65.png,../MasterDataset/012621_83B_4_platelet_cluster_chan3_65.png,../MasterDataset/012621_83B_4_platelet_cluster_chan7_65.png,../MasterDataset/012621_83B_4_platelet_cluster_chan11_65.png
819,../MasterDataset/012621_83B_4_platelet_cluster_chan2_7.png,../MasterDataset/012621_83B_4_platelet_cluster_chan3_7.png,../MasterDataset/012621_83B_4_platelet_cluster_chan7_7.png,../MasterDataset/012621_83B_4_platelet_cluster_chan11_7.png
820,../MasterDataset/012621_83B_4_platelet_cluster_chan2_70.png,../MasterDataset/012621_83B_4_platelet_cluster_chan3_70.png,../MasterDataset/012621_83B_4_platelet_cluster_chan7_70.png,../MasterDataset/012621_83B_4_platelet_cluster_chan11_70.png
821,../MasterDataset/012621_83B_4_platelet_cluster_chan2_72.png,../MasterDataset/012621_83B_4_platelet_cluster_chan3_72.png,../MasterDataset/012621_83B_4_platelet_cluster_chan7_72.png,../MasterDataset/012621_83B_4_platelet_cluster_chan11_72.png
822,../MasterDataset/012621_83B_4_platelet_cluster_chan2_74.png,../MasterDataset/012621_83B_4_platelet_cluster_chan3_74.png,../MasterDataset/012621_83B_4_platelet_cluster_chan7_74.png,../MasterDataset/012621_83B_4_platelet_cluster_chan11_74.png
823,../MasterDataset/012621_83B_4_platelet_cluster_chan2_77.png,../MasterDataset/012621_83B_4_platelet_cluster_chan3_77.png,../MasterDataset/012621_83B_4_platelet_cluster_chan7_77.png,../MasterDataset/012621_83B_4_platelet_cluster_chan11_77.png
824,../MasterDataset/012621_83B_4_platelet_cluster_chan2_78.png,../MasterDataset/012621_83B_4_platelet_cluster_chan3_78.png,../MasterDataset/012621_83B_4_platelet_cluster_chan7_78.png,../MasterDataset/012621_83B_4_platelet_cluster_chan11_78.png
825,../MasterDataset/012621_83B_4_platelet_cluster_chan2_79.png,../MasterDataset/012621_83B_4_platelet_cluster_chan3_79.png,../MasterDataset/012621_83B_4_platelet_cluster_chan7_79.png,../MasterDataset/012621_83B_4_platelet_cluster_chan11_79.png
826,../MasterDataset/012621_83B_4_platelet_cluster_chan2_8.png,../MasterDataset/012621_83B_4_platelet_cluster_chan3_8.png,../MasterDataset/012621_83B_4_platelet_cluster_chan7_8.png,../MasterDataset/012621_83B_4_platelet_cluster_chan11_8.png
827,../MasterDataset/012621_83B_4_platelet_cluster_chan2_83.png,../MasterDataset/012621_83B_4_platelet_cluster_chan3_83.png,../MasterDataset/012621_83B_4_platelet_cluster_chan7_83.png,../MasterDataset/012621_83B_4_platelet_cluster_chan11_83.png
828,../MasterDataset/012621_83B_4_platelet_cluster_chan2_84.png,../MasterDataset/012621_83B_4_platelet_cluster_chan3_84.png,../MasterDataset/012621_83B_4_platelet_cluster_chan7_84.png,../MasterDataset/012621_83B_4_platelet_cluster_chan11_84.png
829,../MasterDataset/012621_83B_4_platelet_cluster_chan2_9.png,../MasterDataset/012621_83B_4_platelet_cluster_chan3_9.png,../MasterDataset/012621_83B_4_platelet_cluster_chan7_9.png,../MasterDataset/012621_83B_4_platelet_cluster_chan11_9.png
830,../MasterDataset/012621_83B_4_platelet_RBC_chan2_10.png,../MasterDataset/012621_83B_4_platelet_RBC_chan3_10.png,../MasterDataset/012621_83B_4_platelet_RBC_chan7_10.png,../MasterDataset/012621_83B_4_platelet_RBC_chan11_10.png
831,../MasterDataset/012621_83B_4_platelet_RBC_chan2_11.png,../MasterDataset/012621_83B_4_platelet_RBC_chan3_11.png,../MasterDataset/012621_83B_4_platelet_RBC_chan7_11.png,../MasterDataset/012621_83B_4_platelet_RBC_chan11_11.png
832,../MasterDataset/012621_83B_4_platelet_RBC_chan2_16.png,../MasterDataset/012621_83B_4_platelet_RBC_chan3_16.png,../MasterDataset/012621_83B_4_platelet_RBC_chan7_16.png,../MasterDataset/012621_83B_4_platelet_RBC_chan11_16.png
833,../MasterDataset/012621_83B_4_platelet_RBC_chan2_19.png,../MasterDataset/012621_83B_4_platelet_RBC_chan3_19.png,../MasterDataset/012621_83B_4_platelet_RBC_chan7_19.png,../MasterDataset/012621_83B_4_platelet_RBC_chan11_19.png
834,../MasterDataset/012621_83B_4_platelet_RBC_chan2_21.png,../MasterDataset/012621_83B_4_platelet_RBC_chan3_21.png,../MasterDataset/012621_83B_4_platelet_RBC_chan7_21.png,../MasterDataset/012621_83B_4_platelet_RBC_chan11_21.png
835,../MasterDataset/012621_83B_4_platelet_RBC_chan2_22.png,../MasterDataset/012621_83B_4_platelet_RBC_chan3_22.png,../MasterDataset/012621_83B_4_platelet_RBC_chan7_22.png,../MasterDataset/012621_83B_4_platelet_RBC_chan11_22.png
836,../MasterDataset/012621_83B_4_platelet_RBC_chan2_26.png,../MasterDataset/012621_83B_4_platelet_RBC_chan3_26.png,../MasterDataset/012621_83B_4_platelet_RBC_chan7_26.png,../MasterDataset/012621_83B_4_platelet_RBC_chan11_26.png
837,../MasterDataset/012621_83B_4_platelet_RBC_chan2_29.png,../MasterDataset/012621_83B_4_platelet_RBC_chan3_29.png,../MasterDataset/012621_83B_4_platelet_RBC_chan7_29.png,../MasterDataset/012621_83B_4_platelet_RBC_chan11_29.png
838,../MasterDataset/012621_83B_4_platelet_RBC_chan2_49.png,../MasterDataset/012621_83B_4_platelet_RBC_chan3_49.png,../MasterDataset/012621_83B_4_platelet_RBC_chan7_49.png,../MasterDataset/012621_83B_4_platelet_RBC_chan11_49.png
839,../MasterDataset/012621_83B_4_platelet_RBC_chan2_50.png,../MasterDataset/012621_83B_4_platelet_RBC_chan3_50.png,../MasterDataset/012621_83B_4_platelet_RBC_chan7_50.png,../MasterDataset/012621_83B_4_platelet_RBC_chan11_50.png
840,../MasterDataset/012621_83B_4_platelet_RBC_chan2_52.png,../MasterDataset/012621_83B_4_platelet_RBC_chan3_52.png,../MasterDataset/012621_83B_4_platelet_RBC_chan7_52.png,../MasterDataset/012621_83B_4_platelet_RBC_chan11_52.png
841,../MasterDataset/012621_83B_4_platelet_RBC_chan2_56.png,../MasterDataset/012621_83B_4_platelet_RBC_chan3_56.png,../MasterDataset/012621_83B_4_platelet_RBC_chan7_56.png,../MasterDataset/012621_83B_4_platelet_RBC_chan11_56.png
842,../MasterDataset/012621_83B_4_platelet_RBC_chan2_61.png,../MasterDataset/012621_83B_4_platelet_RBC_chan3_61.png,../MasterDataset/012621_83B_4_platelet_RBC_chan7_61.png,../MasterDataset/012621_83B_4_platelet_RBC_chan11_61.png
843,../MasterDataset/012621_83B_4_platelet_RBC_chan2_62.png,../MasterDataset/012621_83B_4_platelet_RBC_chan3_62.png,../MasterDataset/012621_83B_4_platelet_RBC_chan7_62.png,../MasterDataset/012621_83B_4_platelet_RBC_chan11_62.png
844,../MasterDataset/012621_83B_4_platelet_RBC_chan2_65.png,../MasterDataset/012621_83B_4_platelet_RBC_chan3_65.png,../MasterDataset/012621_83B_4_platelet_RBC_chan7_65.png,../MasterDataset/012621_83B_4_platelet_RBC_chan11_65.png
845,../MasterDataset/012621_83B_4_platelet_RBC_chan2_7.png,../MasterDataset/012621_83B_4_platelet_RBC_chan3_7.png,../MasterDataset/012621_83B_4_platelet_RBC_chan7_7.png,../MasterDataset/012621_83B_4_platelet_RBC_chan11_7.png
846,../MasterDataset/012621_83B_4_platelet_RBC_chan2_9.png,../MasterDataset/012621_83B_4_platelet_RBC_chan3_9.png,../MasterDataset/012621_83B_4_platelet_RBC_chan7_9.png,../MasterDataset/012621_83B_4_platelet_RBC_chan11_9.png
847,../MasterDataset/012621_83B_4_RBC_only_chan2_10.png,../MasterDataset/012621_83B_4_RBC_only_chan3_10.png,../MasterDataset/012621_83B_4_RBC_only_chan7_10.png,../MasterDataset/012621_83B_4_RBC_only_chan11_10.png
848,../MasterDataset/012621_83B_4_RBC_only_chan2_11.png,../MasterDataset/012621_83B_4_RBC_only_chan3_11.png,../MasterDataset/012621_83B_4_RBC_only_chan7_11.png,../MasterDataset/012621_83B_4_RBC_only_chan11_11.png
849,../MasterDataset/012621_83B_4_RBC_only_chan2_14.png,../MasterDataset/012621_83B_4_RBC_only_chan3_14.png,../MasterDataset/012621_83B_4_RBC_only_chan7_14.png,../MasterDataset/012621_83B_4_RBC_only_chan11_14.png
850,../MasterDataset/012621_83B_4_RBC_only_chan2_15.png,../MasterDataset/012621_83B_4_RBC_only_chan3_15.png,../MasterDataset/012621_83B_4_RBC_only_chan7_15.png,../MasterDataset/012621_83B_4_RBC_only_chan11_15.png
851,../MasterDataset/012621_83B_4_RBC_only_chan2_18.png,../MasterDataset/012621_83B_4_RBC_only_chan3_18.png,../MasterDataset/012621_83B_4_RBC_only_chan7_18.png,../MasterDataset/012621_83B_4_RBC_only_chan11_18.png
852,../MasterDataset/012621_83B_4_RBC_only_chan2_19.png,../MasterDataset/012621_83B_4_RBC_only_chan3_19.png,../MasterDataset/012621_83B_4_RBC_only_chan7_19.png,../MasterDataset/012621_83B_4_RBC_only_chan11_19.png
853,../MasterDataset/012621_83B_4_RBC_only_chan2_20.png,../MasterDataset/012621_83B_4_RBC_only_chan3_20.png,../MasterDataset/012621_83B_4_RBC_only_chan7_20.png,../MasterDataset/012621_83B_4_RBC_only_chan11_20.png
854,../MasterDataset/012621_83B_4_RBC_only_chan2_22.png,../MasterDataset/012621_83B_4_RBC_only_chan3_22.png,../MasterDataset/012621_83B_4_RBC_only_chan7_22.png,../MasterDataset/012621_83B_4_RBC_only_chan11_22.png
855,../MasterDataset/012621_83B_4_RBC_only_chan2_29.png,../MasterDataset/012621_83B_4_RBC_only_chan3_29.png,../MasterDataset/012621_83B_4_RBC_only_chan7_29.png,../MasterDataset/012621_83B_4_RBC_only_chan11_29.png
856,../MasterDataset/012621_83B_4_RBC_only_chan2_34.png,../MasterDataset/012621_83B_4_RBC_only_chan3_34.png,../MasterDataset/012621_83B_4_RBC_only_chan7_34.png,../MasterDataset/012621_83B_4_RBC_only_chan11_34.png
857,../MasterDataset/012621_83B_4_RBC_only_chan2_36.png,../MasterDataset/012621_83B_4_RBC_only_chan3_36.png,../MasterDataset/012621_83B_4_RBC_only_chan7_36.png,../MasterDataset/012621_83B_4_RBC_only_chan11_36.png
858,../MasterDataset/012621_83B_4_RBC_only_chan2_44.png,../MasterDataset/012621_83B_4_RBC_only_chan3_44.png,../MasterDataset/012621_83B_4_RBC_only_chan7_44.png,../MasterDataset/012621_83B_4_RBC_only_chan11_44.png
859,../MasterDataset/012621_83B_4_RBC_only_chan2_50.png,../MasterDataset/012621_83B_4_RBC_only_chan3_50.png,../MasterDataset/012621_83B_4_RBC_only_chan7_50.png,../MasterDataset/012621_83B_4_RBC_only_chan11_50.png
860,../MasterDataset/012621_83B_4_RBC_only_chan2_61.png,../MasterDataset/012621_83B_4_RBC_only_chan3_61.png,../MasterDataset/012621_83B_4_RBC_only_chan7_61.png,../MasterDataset/012621_83B_4_RBC_only_chan11_61.png
861,../MasterDataset/012621_83B_4_RBC_only_chan2_64.png,../MasterDataset/012621_83B_4_RBC_only_chan3_64.png,../MasterDataset/012621_83B_4_RBC_only_chan7_64.png,../MasterDataset/012621_83B_4_RBC_only_chan11_64.png
862,../MasterDataset/012621_83B_4_RBC_only_chan2_67.png,../MasterDataset/012621_83B_4_RBC_only_chan3_67.png,../MasterDataset/012621_83B_4_RBC_only_chan7_67.png,../MasterDataset/012621_83B_4_RBC_only_chan11_67.png
863,../MasterDataset/012621_83B_4_RBC_only_chan2_71.png,../MasterDataset/012621_83B_4_RBC_only_chan3_71.png,../MasterDataset/012621_83B_4_RBC_only_chan7_71.png,../MasterDataset/012621_83B_4_RBC_only_chan11_71.png
864,../MasterDataset/012621_83B_4_RBC_only_chan2_8.png,../MasterDataset/012621_83B_4_RBC_only_chan3_8.png,../MasterDataset/012621_83B_4_RBC_only_chan7_8.png,../MasterDataset/012621_83B_4_RBC_only_chan11_8.png
865,../MasterDataset/012621_83B_4_wbc_chan2_11.png,../MasterDataset/012621_83B_4_wbc_chan3_11.png,../MasterDataset/012621_83B_4_wbc_chan7_11.png,../MasterDataset/012621_83B_4_wbc_chan11_11.png
866,../MasterDataset/012621_83B_4_wbc_chan2_12.png,../MasterDataset/012621_83B_4_wbc_chan3_12.png,../MasterDataset/012621_83B_4_wbc_chan7_12.png,../MasterDataset/012621_83B_4_wbc_chan11_12.png
867,../MasterDataset/012621_83B_4_wbc_chan2_13.png,../MasterDataset/012621_83B_4_wbc_chan3_13.png,../MasterDataset/012621_83B_4_wbc_chan7_13.png,../MasterDataset/012621_83B_4_wbc_chan11_13.png
868,../MasterDataset/012621_83B_4_wbc_chan2_14.png,../MasterDataset/012621_83B_4_wbc_chan3_14.png,../MasterDataset/012621_83B_4_wbc_chan7_14.png,../MasterDataset/012621_83B_4_wbc_chan11_14.png
869,../MasterDataset/012621_83B_4_wbc_chan2_16.png,../MasterDataset/012621_83B_4_wbc_chan3_16.png,../MasterDataset/012621_83B_4_wbc_chan7_16.png,../MasterDataset/012621_83B_4_wbc_chan11_16.png
870,../MasterDataset/012621_83B_4_wbc_chan2_17.png,../MasterDataset/012621_83B_4_wbc_chan3_17.png,../MasterDataset/012621_83B_4_wbc_chan7_17.png,../MasterDataset/012621_83B_4_wbc_chan11_17.png
871,../MasterDataset/012621_83B_4_wbc_chan2_25.png,../MasterDataset/012621_83B_4_wbc_chan3_25.png,../MasterDataset/012621_83B_4_wbc_chan7_25.png,../MasterDataset/012621_83B_4_wbc_chan11_25.png
872,../MasterDataset/012621_83B_4_wbc_chan2_28.png,../MasterDataset/012621_83B_4_wbc_chan3_28.png,../MasterDataset/012621_83B_4_wbc_chan7_28.png,../MasterDataset/012621_83B_4_wbc_chan11_28.png
873,../MasterDataset/012621_83B_4_wbc_chan2_29.png,../MasterDataset/012621_83B_4_wbc_chan3_29.png,../MasterDataset/012621_83B_4_wbc_chan7_29.png,../MasterDataset/012621_83B_4_wbc_chan11_29.png
874,../MasterDataset/012621_83B_4_wbc_chan2_30.png,../MasterDataset/012621_83B_4_wbc_chan3_30.png,../MasterDataset/012621_83B_4_wbc_chan7_30.png,../MasterDataset/012621_83B_4_wbc_chan11_30.png
875,../MasterDataset/012621_83B_4_wbc_chan2_32.png,../MasterDataset/012621_83B_4_wbc_chan3_32.png,../MasterDataset/012621_83B_4_wbc_chan7_32.png,../MasterDataset/012621_83B_4_wbc_chan11_32.png
876,../MasterDataset/012621_83B_4_wbc_chan2_34.png,../MasterDataset/012621_83B_4_wbc_chan3_34.png,../MasterDataset/012621_83B_4_wbc_chan7_34.png,../MasterDataset/012621_83B_4_wbc_chan11_34.png
877,../MasterDataset/012621_83B_4_wbc_chan2_35.png,../MasterDataset/012621_83B_4_wbc_chan3_35.png,../MasterDataset/012621_83B_4_wbc_chan7_35.png,../MasterDataset/012621_83B_4_wbc_chan11_35.png
878,../MasterDataset/012621_83B_4_wbc_chan2_36.png,../MasterDataset/012621_83B_4_wbc_chan3_36.png,../MasterDataset/012621_83B_4_wbc_chan7_36.png,../MasterDataset/012621_83B_4_wbc_chan11_36.png
879,../MasterDataset/012621_83B_4_wbc_chan2_40.png,../MasterDataset/012621_83B_4_wbc_chan3_40.png,../MasterDataset/012621_83B_4_wbc_chan7_40.png,../MasterDataset/012621_83B_4_wbc_chan11_40.png
880,../MasterDataset/012621_83B_4_wbc_chan2_42.png,../MasterDataset/012621_83B_4_wbc_chan3_42.png,../MasterDataset/012621_83B_4_wbc_chan7_42.png,../MasterDataset/012621_83B_4_wbc_chan11_42.png
881,../MasterDataset/012621_83B_4_wbc_chan2_45.png,../MasterDataset/012621_83B_4_wbc_chan3_45.png,../MasterDataset/012621_83B_4_wbc_chan7_45.png,../MasterDataset/012621_83B_4_wbc_chan11_45.png
882,../MasterDataset/012621_83B_4_wbc_chan2_56.png,../MasterDataset/012621_83B_4_wbc_chan3_56.png,../MasterDataset/012621_83B_4_wbc_chan7_56.png,../MasterDataset/012621_83B_4_wbc_chan11_56.png
883,../MasterDataset/012621_83B_4_wbc_chan2_6.png,../MasterDataset/012621_83B_4_wbc_chan3_6.png,../MasterDataset/012621_83B_4_wbc_chan7_6.png,../MasterDataset/012621_83B_4_wbc_chan11_6.png
884,../MasterDataset/012621_83B_4_wbc_chan2_7.png,../MasterDataset/012621_83B_4_wbc_chan3_7.png,../MasterDataset/012621_83B_4_wbc_chan7_7.png,../MasterDataset/012621_83B_4_wbc_chan11_7.png
885,../MasterDataset/012621_83B_4_wbc_chan2_8.png,../MasterDataset/012621_83B_4_wbc_chan3_8.png,../MasterDataset/012621_83B_4_wbc_chan7_8.png,../MasterDataset/012621_83B_4_wbc_chan11_8.png
886,../MasterDataset/012621_83B_4_wbc_chan2_9.png,../MasterDataset/012621_83B_4_wbc_chan3_9.png,../MasterDataset/012621_83B_4_wbc_chan7_9.png,../MasterDataset/012621_83B_4_wbc_chan11_9.png
887,../MasterDataset/012621_85B_7_platelet_cluster_chan2_22.png,../MasterDataset/012621_85B_7_platelet_cluster_chan3_22.png,../MasterDataset/012621_85B_7_platelet_cluster_chan7_22.png,../MasterDataset/012621_85B_7_platelet_cluster_chan11_22.png
888,../MasterDataset/012621_85B_7_platelet_cluster_chan2_37.png,../MasterDataset/012621_85B_7_platelet_cluster_chan3_37.png,../MasterDataset/012621_85B_7_platelet_cluster_chan7_37.png,../MasterDataset/012621_85B_7_platelet_cluster_chan11_37.png
889,../MasterDataset/012621_85B_7_platelet_cluster_chan2_39.png,../MasterDataset/012621_85B_7_platelet_cluster_chan3_39.png,../MasterDataset/012621_85B_7_platelet_cluster_chan7_39.png,../MasterDataset/012621_85B_7_platelet_cluster_chan11_39.png
890,../MasterDataset/012621_85B_7_platelet_cluster_chan2_42.png,../MasterDataset/012621_85B_7_platelet_cluster_chan3_42.png,../MasterDataset/012621_85B_7_platelet_cluster_chan7_42.png,../MasterDataset/012621_85B_7_platelet_cluster_chan11_42.png
891,../MasterDataset/012621_85B_7_platelet_cluster_chan2_57.png,../MasterDataset/012621_85B_7_platelet_cluster_chan3_57.png,../MasterDataset/012621_85B_7_platelet_cluster_chan7_57.png,../MasterDataset/012621_85B_7_platelet_cluster_chan11_57.png
892,../MasterDataset/012621_85B_7_RBC_only_chan2_10.png,../MasterDataset/012621_85B_7_RBC_only_chan3_10.png,../MasterDataset/012621_85B_7_RBC_only_chan7_10.png,../MasterDataset/012621_85B_7_RBC_only_chan11_10.png
893,../MasterDataset/012621_85B_7_RBC_only_chan2_17.png,../MasterDataset/012621_85B_7_RBC_only_chan3_17.png,../MasterDataset/012621_85B_7_RBC_only_chan7_17.png,../MasterDataset/012621_85B_7_RBC_only_chan11_17.png
894,../MasterDataset/012621_85B_7_RBC_only_chan2_18.png,../MasterDataset/012621_85B_7_RBC_only_chan3_18.png,../MasterDataset/012621_85B_7_RBC_only_chan7_18.png,../MasterDataset/012621_85B_7_RBC_only_chan11_18.png
895,../MasterDataset/012621_85B_7_RBC_only_chan2_22.png,../MasterDataset/012621_85B_7_RBC_only_chan3_22.png,../MasterDataset/012621_85B_7_RBC_only_chan7_22.png,../MasterDataset/012621_85B_7_RBC_only_chan11_22.png
896,../MasterDataset/012621_85B_7_RBC_only_chan2_24.png,../MasterDataset/012621_85B_7_RBC_only_chan3_24.png,../MasterDataset/012621_85B_7_RBC_only_chan7_24.png,../MasterDataset/012621_85B_7_RBC_only_chan11_24.png
897,../MasterDataset/012621_85B_7_RBC_only_chan2_3.png,../MasterDataset/012621_85B_7_RBC_only_chan3_3.png,../MasterDataset/012621_85B_7_RBC_only_chan7_3.png,../MasterDataset/012621_85B_7_RBC_only_chan11_3.png
898,../MasterDataset/012621_85B_7_RBC_only_chan2_36.png,../MasterDataset/012621_85B_7_RBC_only_chan3_36.png,../MasterDataset/012621_85B_7_RBC_only_chan7_36.png,../MasterDataset/012621_85B_7_RBC_only_chan11_36.png
899,../MasterDataset/012621_85B_7_RBC_only_chan2_37.png,../MasterDataset/012621_85B_7_RBC_only_chan3_37.png,../MasterDataset/012621_85B_7_RBC_only_chan7_37.png,../MasterDataset/012621_85B_7_RBC_only_chan11_37.png
900,../MasterDataset/012621_85B_7_RBC_only_chan2_4.png,../MasterDataset/012621_85B_7_RBC_only_chan3_4.png,../MasterDataset/012621_85B_7_RBC_only_chan7_4.png,../MasterDataset/012621_85B_7_RBC_only_chan11_4.png
901,../MasterDataset/012621_85B_7_RBC_only_chan2_45.png,../MasterDataset/012621_85B_7_RBC_only_chan3_45.png,../MasterDataset/012621_85B_7_RBC_only_chan7_45.png,../MasterDataset/012621_85B_7_RBC_only_chan11_45.png
902,../MasterDataset/012621_85B_7_RBC_only_chan2_75.png,../MasterDataset/012621_85B_7_RBC_only_chan3_75.png,../MasterDataset/012621_85B_7_RBC_only_chan7_75.png,../MasterDataset/012621_85B_7_RBC_only_chan11_75.png
903,../MasterDataset/012621_85B_7_RBC_platelet_chan2_16.png,../MasterDataset/012621_85B_7_RBC_platelet_chan3_16.png,../MasterDataset/012621_85B_7_RBC_platelet_chan7_16.png,../MasterDataset/012621_85B_7_RBC_platelet_chan11_16.png
904,../MasterDataset/012621_85B_7_RBC_platelet_chan2_30.png,../MasterDataset/012621_85B_7_RBC_platelet_chan3_30.png,../MasterDataset/012621_85B_7_RBC_platelet_chan7_30.png,../MasterDataset/012621_85B_7_RBC_platelet_chan11_30.png
905,../MasterDataset/012621_85B_7_RBC_platelet_chan2_32.png,../MasterDataset/012621_85B_7_RBC_platelet_chan3_32.png,../MasterDataset/012621_85B_7_RBC_platelet_chan7_32.png,../MasterDataset/012621_85B_7_RBC_platelet_chan11_32.png
906,../MasterDataset/012621_85B_7_RBC_platelet_chan2_4.png,../MasterDataset/012621_85B_7_RBC_platelet_chan3_4.png,../MasterDataset/012621_85B_7_RBC_platelet_chan7_4.png,../MasterDataset/012621_85B_7_RBC_platelet_chan11_4.png
907,../MasterDataset/012621_85B_7_RBC_platelet_chan2_55.png,../MasterDataset/012621_85B_7_RBC_platelet_chan3_55.png,../MasterDataset/012621_85B_7_RBC_platelet_chan7_55.png,../MasterDataset/012621_85B_7_RBC_platelet_chan11_55.png
908,../MasterDataset/012621_97B_12_platelet_cluster_chan2_10.png,../MasterDataset/012621_97B_12_platelet_cluster_chan3_10.png,../MasterDataset/012621_97B_12_platelet_cluster_chan7_10.png,../MasterDataset/012621_97B_12_platelet_cluster_chan11_10.png
909,../MasterDataset/012621_97B_12_platelet_cluster_chan2_11.png,../MasterDataset/012621_97B_12_platelet_cluster_chan3_11.png,../MasterDataset/012621_97B_12_platelet_cluster_chan7_11.png,../MasterDataset/012621_97B_12_platelet_cluster_chan11_11.png
910,../MasterDataset/012621_97B_12_platelet_cluster_chan2_13.png,../MasterDataset/012621_97B_12_platelet_cluster_chan3_13.png,../MasterDataset/012621_97B_12_platelet_cluster_chan7_13.png,../MasterDataset/012621_97B_12_platelet_cluster_chan11_13.png
911,../MasterDataset/012621_97B_12_platelet_cluster_chan2_14.png,../MasterDataset/012621_97B_12_platelet_cluster_chan3_14.png,../MasterDataset/012621_97B_12_platelet_cluster_chan7_14.png,../MasterDataset/012621_97B_12_platelet_cluster_chan11_14.png
912,../MasterDataset/012621_97B_12_platelet_cluster_chan2_15.png,../MasterDataset/012621_97B_12_platelet_cluster_chan3_15.png,../MasterDataset/012621_97B_12_platelet_cluster_chan7_15.png,../MasterDataset/012621_97B_12_platelet_cluster_chan11_15.png
913,../MasterDataset/012621_97B_12_platelet_cluster_chan2_17.png,../MasterDataset/012621_97B_12_platelet_cluster_chan3_17.png,../MasterDataset/012621_97B_12_platelet_cluster_chan7_17.png,../MasterDataset/012621_97B_12_platelet_cluster_chan11_17.png
914,../MasterDataset/012621_97B_12_platelet_cluster_chan2_19.png,../MasterDataset/012621_97B_12_platelet_cluster_chan3_19.png,../MasterDataset/012621_97B_12_platelet_cluster_chan7_19.png,../MasterDataset/012621_97B_12_platelet_cluster_chan11_19.png
915,../MasterDataset/012621_97B_12_platelet_cluster_chan2_2.png,../MasterDataset/012621_97B_12_platelet_cluster_chan3_2.png,../MasterDataset/012621_97B_12_platelet_cluster_chan7_2.png,../MasterDataset/012621_97B_12_platelet_cluster_chan11_2.png
916,../MasterDataset/012621_97B_12_platelet_cluster_chan2_20.png,../MasterDataset/012621_97B_12_platelet_cluster_chan3_20.png,../MasterDataset/012621_97B_12_platelet_cluster_chan7_20.png,../MasterDataset/012621_97B_12_platelet_cluster_chan11_20.png
917,../MasterDataset/012621_97B_12_platelet_cluster_chan2_21.png,../MasterDataset/012621_97B_12_platelet_cluster_chan3_21.png,../MasterDataset/012621_97B_12_platelet_cluster_chan7_21.png,../MasterDataset/012621_97B_12_platelet_cluster_chan11_21.png
918,../MasterDataset/012621_97B_12_platelet_cluster_chan2_23.png,../MasterDataset/012621_97B_12_platelet_cluster_chan3_23.png,../MasterDataset/012621_97B_12_platelet_cluster_chan7_23.png,../MasterDataset/012621_97B_12_platelet_cluster_chan11_23.png
919,../MasterDataset/012621_97B_12_platelet_cluster_chan2_25.png,../MasterDataset/012621_97B_12_platelet_cluster_chan3_25.png,../MasterDataset/012621_97B_12_platelet_cluster_chan7_25.png,../MasterDataset/012621_97B_12_platelet_cluster_chan11_25.png
920,../MasterDataset/012621_97B_12_platelet_cluster_chan2_27.png,../MasterDataset/012621_97B_12_platelet_cluster_chan3_27.png,../MasterDataset/012621_97B_12_platelet_cluster_chan7_27.png,../MasterDataset/012621_97B_12_platelet_cluster_chan11_27.png
921,../MasterDataset/012621_97B_12_platelet_cluster_chan2_28.png,../MasterDataset/012621_97B_12_platelet_cluster_chan3_28.png,../MasterDataset/012621_97B_12_platelet_cluster_chan7_28.png,../MasterDataset/012621_97B_12_platelet_cluster_chan11_28.png
922,../MasterDataset/012621_97B_12_platelet_cluster_chan2_29.png,../MasterDataset/012621_97B_12_platelet_cluster_chan3_29.png,../MasterDataset/012621_97B_12_platelet_cluster_chan7_29.png,../MasterDataset/012621_97B_12_platelet_cluster_chan11_29.png
923,../MasterDataset/012621_97B_12_platelet_cluster_chan2_3.png,../MasterDataset/012621_97B_12_platelet_cluster_chan3_3.png,../MasterDataset/012621_97B_12_platelet_cluster_chan7_3.png,../MasterDataset/012621_97B_12_platelet_cluster_chan11_3.png
924,../MasterDataset/012621_97B_12_platelet_cluster_chan2_32.png,../MasterDataset/012621_97B_12_platelet_cluster_chan3_32.png,../MasterDataset/012621_97B_12_platelet_cluster_chan7_32.png,../MasterDataset/012621_97B_12_platelet_cluster_chan11_32.png
925,../MasterDataset/012621_97B_12_platelet_cluster_chan2_34.png,../MasterDataset/012621_97B_12_platelet_cluster_chan3_34.png,../MasterDataset/012621_97B_12_platelet_cluster_chan7_34.png,../MasterDataset/012621_97B_12_platelet_cluster_chan11_34.png
926,../MasterDataset/012621_97B_12_platelet_cluster_chan2_35.png,../MasterDataset/012621_97B_12_platelet_cluster_chan3_35.png,../MasterDataset/012621_97B_12_platelet_cluster_chan7_35.png,../MasterDataset/012621_97B_12_platelet_cluster_chan11_35.png
927,../MasterDataset/012621_97B_12_platelet_cluster_chan2_38.png,../MasterDataset/012621_97B_12_platelet_cluster_chan3_38.png,../MasterDataset/012621_97B_12_platelet_cluster_chan7_38.png,../MasterDataset/012621_97B_12_platelet_cluster_chan11_38.png
928,../MasterDataset/012621_97B_12_platelet_cluster_chan2_39.png,../MasterDataset/012621_97B_12_platelet_cluster_chan3_39.png,../MasterDataset/012621_97B_12_platelet_cluster_chan7_39.png,../MasterDataset/012621_97B_12_platelet_cluster_chan11_39.png
929,../MasterDataset/012621_97B_12_platelet_cluster_chan2_4.png,../MasterDataset/012621_97B_12_platelet_cluster_chan3_4.png,../MasterDataset/012621_97B_12_platelet_cluster_chan7_4.png,../MasterDataset/012621_97B_12_platelet_cluster_chan11_4.png
930,../MasterDataset/012621_97B_12_platelet_cluster_chan2_40.png,../MasterDataset/012621_97B_12_platelet_cluster_chan3_40.png,../MasterDataset/012621_97B_12_platelet_cluster_chan7_40.png,../MasterDataset/012621_97B_12_platelet_cluster_chan11_40.png
931,../MasterDataset/012621_97B_12_platelet_cluster_chan2_42.png,../MasterDataset/012621_97B_12_platelet_cluster_chan3_42.png,../MasterDataset/012621_97B_12_platelet_cluster_chan7_42.png,../MasterDataset/012621_97B_12_platelet_cluster_chan11_42.png
932,../MasterDataset/012621_97B_12_platelet_cluster_chan2_43.png,../MasterDataset/012621_97B_12_platelet_cluster_chan3_43.png,../MasterDataset/012621_97B_12_platelet_cluster_chan7_43.png,../MasterDataset/012621_97B_12_platelet_cluster_chan11_43.png
933,../MasterDataset/012621_97B_12_platelet_cluster_chan2_45.png,../MasterDataset/012621_97B_12_platelet_cluster_chan3_45.png,../MasterDataset/012621_97B_12_platelet_cluster_chan7_45.png,../MasterDataset/012621_97B_12_platelet_cluster_chan11_45.png
934,../MasterDataset/012621_97B_12_platelet_cluster_chan2_48.png,../MasterDataset/012621_97B_12_platelet_cluster_chan3_48.png,../MasterDataset/012621_97B_12_platelet_cluster_chan7_48.png,../MasterDataset/012621_97B_12_platelet_cluster_chan11_48.png
935,../MasterDataset/012621_97B_12_platelet_cluster_chan2_49.png,../MasterDataset/012621_97B_12_platelet_cluster_chan3_49.png,../MasterDataset/012621_97B_12_platelet_cluster_chan7_49.png,../MasterDataset/012621_97B_12_platelet_cluster_chan11_49.png
936,../MasterDataset/012621_97B_12_platelet_cluster_chan2_52.png,../MasterDataset/012621_97B_12_platelet_cluster_chan3_52.png,../MasterDataset/012621_97B_12_platelet_cluster_chan7_52.png,../MasterDataset/012621_97B_12_platelet_cluster_chan11_52.png
937,../MasterDataset/012621_97B_12_platelet_cluster_chan2_53.png,../MasterDataset/012621_97B_12_platelet_cluster_chan3_53.png,../MasterDataset/012621_97B_12_platelet_cluster_chan7_53.png,../MasterDataset/012621_97B_12_platelet_cluster_chan11_53.png
938,../MasterDataset/012621_97B_12_platelet_cluster_chan2_55.png,../MasterDataset/012621_97B_12_platelet_cluster_chan3_55.png,../MasterDataset/012621_97B_12_platelet_cluster_chan7_55.png,../MasterDataset/012621_97B_12_platelet_cluster_chan11_55.png
939,../MasterDataset/012621_97B_12_platelet_cluster_chan2_57.png,../MasterDataset/012621_97B_12_platelet_cluster_chan3_57.png,../MasterDataset/012621_97B_12_platelet_cluster_chan7_57.png,../MasterDataset/012621_97B_12_platelet_cluster_chan11_57.png
940,../MasterDataset/012621_97B_12_platelet_cluster_chan2_6.png,../MasterDataset/012621_97B_12_platelet_cluster_chan3_6.png,../MasterDataset/012621_97B_12_platelet_cluster_chan7_6.png,../MasterDataset/012621_97B_12_platelet_cluster_chan11_6.png
941,../MasterDataset/012621_97B_12_platelet_cluster_chan2_65.png,../MasterDataset/012621_97B_12_platelet_cluster_chan3_65.png,../MasterDataset/012621_97B_12_platelet_cluster_chan7_65.png,../MasterDataset/012621_97B_12_platelet_cluster_chan11_65.png
942,../MasterDataset/012621_97B_12_platelet_cluster_chan2_66.png,../MasterDataset/012621_97B_12_platelet_cluster_chan3_66.png,../MasterDataset/012621_97B_12_platelet_cluster_chan7_66.png,../MasterDataset/012621_97B_12_platelet_cluster_chan11_66.png
943,../MasterDataset/012621_97B_12_platelet_cluster_chan2_68.png,../MasterDataset/012621_97B_12_platelet_cluster_chan3_68.png,../MasterDataset/012621_97B_12_platelet_cluster_chan7_68.png,../MasterDataset/012621_97B_12_platelet_cluster_chan11_68.png
944,../MasterDataset/012621_97B_12_platelet_cluster_chan2_69.png,../MasterDataset/012621_97B_12_platelet_cluster_chan3_69.png,../MasterDataset/012621_97B_12_platelet_cluster_chan7_69.png,../MasterDataset/012621_97B_12_platelet_cluster_chan11_69.png
945,../MasterDataset/012621_97B_12_platelet_cluster_chan2_7.png,../MasterDataset/012621_97B_12_platelet_cluster_chan3_7.png,../MasterDataset/012621_97B_12_platelet_cluster_chan7_7.png,../MasterDataset/012621_97B_12_platelet_cluster_chan11_7.png
946,../MasterDataset/012621_97B_12_platelet_cluster_chan2_70.png,../MasterDataset/012621_97B_12_platelet_cluster_chan3_70.png,../MasterDataset/012621_97B_12_platelet_cluster_chan7_70.png,../MasterDataset/012621_97B_12_platelet_cluster_chan11_70.png
947,../MasterDataset/012621_97B_12_platelet_cluster_chan2_73.png,../MasterDataset/012621_97B_12_platelet_cluster_chan3_73.png,../MasterDataset/012621_97B_12_platelet_cluster_chan7_73.png,../MasterDataset/012621_97B_12_platelet_cluster_chan11_73.png
948,../MasterDataset/012621_97B_12_platelet_cluster_chan2_74.png,../MasterDataset/012621_97B_12_platelet_cluster_chan3_74.png,../MasterDataset/012621_97B_12_platelet_cluster_chan7_74.png,../MasterDataset/012621_97B_12_platelet_cluster_chan11_74.png
949,../MasterDataset/012621_97B_12_platelet_cluster_chan2_75.png,../MasterDataset/012621_97B_12_platelet_cluster_chan3_75.png,../MasterDataset/012621_97B_12_platelet_cluster_chan7_75.png,../MasterDataset/012621_97B_12_platelet_cluster_chan11_75.png
950,../MasterDataset/012621_97B_12_platelet_cluster_chan2_76.png,../MasterDataset/012621_97B_12_platelet_cluster_chan3_76.png,../MasterDataset/012621_97B_12_platelet_cluster_chan7_76.png,../MasterDataset/012621_97B_12_platelet_cluster_chan11_76.png
951,../MasterDataset/012621_97B_12_platelet_cluster_chan2_8.png,../MasterDataset/012621_97B_12_platelet_cluster_chan3_8.png,../MasterDataset/012621_97B_12_platelet_cluster_chan7_8.png,../MasterDataset/012621_97B_12_platelet_cluster_chan11_8.png
952,../MasterDataset/012621_97B_12_RBC_only_chan2_13.png,../MasterDataset/012621_97B_12_RBC_only_chan3_13.png,../MasterDataset/012621_97B_12_RBC_only_chan7_13.png,../MasterDataset/012621_97B_12_RBC_only_chan11_13.png
953,../MasterDataset/012621_97B_12_RBC_only_chan2_19.png,../MasterDataset/012621_97B_12_RBC_only_chan3_19.png,../MasterDataset/012621_97B_12_RBC_only_chan7_19.png,../MasterDataset/012621_97B_12_RBC_only_chan11_19.png
954,../MasterDataset/012621_97B_12_RBC_only_chan2_2.png,../MasterDataset/012621_97B_12_RBC_only_chan3_2.png,../MasterDataset/012621_97B_12_RBC_only_chan7_2.png,../MasterDataset/012621_97B_12_RBC_only_chan11_2.png
955,../MasterDataset/012621_97B_12_RBC_only_chan2_21.png,../MasterDataset/012621_97B_12_RBC_only_chan3_21.png,../MasterDataset/012621_97B_12_RBC_only_chan7_21.png,../MasterDataset/012621_97B_12_RBC_only_chan11_21.png
956,../MasterDataset/012621_97B_12_RBC_only_chan2_24.png,../MasterDataset/012621_97B_12_RBC_only_chan3_24.png,../MasterDataset/012621_97B_12_RBC_only_chan7_24.png,../MasterDataset/012621_97B_12_RBC_only_chan11_24.png
957,../MasterDataset/012621_97B_12_RBC_only_chan2_25.png,../MasterDataset/012621_97B_12_RBC_only_chan3_25.png,../MasterDataset/012621_97B_12_RBC_only_chan7_25.png,../MasterDataset/012621_97B_12_RBC_only_chan11_25.png
958,../MasterDataset/012621_97B_12_RBC_only_chan2_3.png,../MasterDataset/012621_97B_12_RBC_only_chan3_3.png,../MasterDataset/012621_97B_12_RBC_only_chan7_3.png,../MasterDataset/012621_97B_12_RBC_only_chan11_3.png
959,../MasterDataset/012621_97B_12_RBC_only_chan2_30.png,../MasterDataset/012621_97B_12_RBC_only_chan3_30.png,../MasterDataset/012621_97B_12_RBC_only_chan7_30.png,../MasterDataset/012621_97B_12_RBC_only_chan11_30.png
960,../MasterDataset/012621_97B_12_RBC_only_chan2_33.png,../MasterDataset/012621_97B_12_RBC_only_chan3_33.png,../MasterDataset/012621_97B_12_RBC_only_chan7_33.png,../MasterDataset/012621_97B_12_RBC_only_chan11_33.png
961,../MasterDataset/012621_97B_12_RBC_only_chan2_35.png,../MasterDataset/012621_97B_12_RBC_only_chan3_35.png,../MasterDataset/012621_97B_12_RBC_only_chan7_35.png,../MasterDataset/012621_97B_12_RBC_only_chan11_35.png
962,../MasterDataset/012621_97B_12_RBC_only_chan2_36.png,../MasterDataset/012621_97B_12_RBC_only_chan3_36.png,../MasterDataset/012621_97B_12_RBC_only_chan7_36.png,../MasterDataset/012621_97B_12_RBC_only_chan11_36.png
963,../MasterDataset/012621_97B_12_RBC_only_chan2_38.png,../MasterDataset/012621_97B_12_RBC_only_chan3_38.png,../MasterDataset/012621_97B_12_RBC_only_chan7_38.png,../MasterDataset/012621_97B_12_RBC_only_chan11_38.png
964,../MasterDataset/012621_97B_12_RBC_only_chan2_40.png,../MasterDataset/012621_97B_12_RBC_only_chan3_40.png,../MasterDataset/012621_97B_12_RBC_only_chan7_40.png,../MasterDataset/012621_97B_12_RBC_only_chan11_40.png
965,../MasterDataset/012621_97B_12_RBC_only_chan2_41.png,../MasterDataset/012621_97B_12_RBC_only_chan3_41.png,../MasterDataset/012621_97B_12_RBC_only_chan7_41.png,../MasterDataset/012621_97B_12_RBC_only_chan11_41.png
966,../MasterDataset/012621_97B_12_RBC_only_chan2_47.png,../MasterDataset/012621_97B_12_RBC_only_chan3_47.png,../MasterDataset/012621_97B_12_RBC_only_chan7_47.png,../MasterDataset/012621_97B_12_RBC_only_chan11_47.png
967,../MasterDataset/012621_97B_12_RBC_only_chan2_48.png,../MasterDataset/012621_97B_12_RBC_only_chan3_48.png,../MasterDataset/012621_97B_12_RBC_only_chan7_48.png,../MasterDataset/012621_97B_12_RBC_only_chan11_48.png
968,../MasterDataset/012621_97B_12_RBC_only_chan2_49.png,../MasterDataset/012621_97B_12_RBC_only_chan3_49.png,../MasterDataset/012621_97B_12_RBC_only_chan7_49.png,../MasterDataset/012621_97B_12_RBC_only_chan11_49.png
969,../MasterDataset/012621_97B_12_RBC_only_chan2_5.png,../MasterDataset/012621_97B_12_RBC_only_chan3_5.png,../MasterDataset/012621_97B_12_RBC_only_chan7_5.png,../MasterDataset/012621_97B_12_RBC_only_chan11_5.png
970,../MasterDataset/012621_97B_12_RBC_only_chan2_53.png,../MasterDataset/012621_97B_12_RBC_only_chan3_53.png,../MasterDataset/012621_97B_12_RBC_only_chan7_53.png,../MasterDataset/012621_97B_12_RBC_only_chan11_53.png
971,../MasterDataset/012621_97B_12_RBC_only_chan2_58.png,../MasterDataset/012621_97B_12_RBC_only_chan3_58.png,../MasterDataset/012621_97B_12_RBC_only_chan7_58.png,../MasterDataset/012621_97B_12_RBC_only_chan11_58.png
972,../MasterDataset/012621_97B_12_RBC_only_chan2_61.png,../MasterDataset/012621_97B_12_RBC_only_chan3_61.png,../MasterDataset/012621_97B_12_RBC_only_chan7_61.png,../MasterDataset/012621_97B_12_RBC_only_chan11_61.png
973,../MasterDataset/012621_97B_12_RBC_only_chan2_8.png,../MasterDataset/012621_97B_12_RBC_only_chan3_8.png,../MasterDataset/012621_97B_12_RBC_only_chan7_8.png,../MasterDataset/012621_97B_12_RBC_only_chan11_8.png
974,../MasterDataset/012621_97B_12_RBC_platelet_chan2_16.png,../MasterDataset/012621_97B_12_RBC_platelet_chan3_16.png,../MasterDataset/012621_97B_12_RBC_platelet_chan7_16.png,../MasterDataset/012621_97B_12_RBC_platelet_chan11_16.png
975,../MasterDataset/012621_97B_12_RBC_platelet_chan2_21.png,../MasterDataset/012621_97B_12_RBC_platelet_chan3_21.png,../MasterDataset/012621_97B_12_RBC_platelet_chan7_21.png,../MasterDataset/012621_97B_12_RBC_platelet_chan11_21.png
976,../MasterDataset/012621_97B_12_RBC_platelet_chan2_25.png,../MasterDataset/012621_97B_12_RBC_platelet_chan3_25.png,../MasterDataset/012621_97B_12_RBC_platelet_chan7_25.png,../MasterDataset/012621_97B_12_RBC_platelet_chan11_25.png
977,../MasterDataset/012621_97B_12_RBC_platelet_chan2_29.png,../MasterDataset/012621_97B_12_RBC_platelet_chan3_29.png,../MasterDataset/012621_97B_12_RBC_platelet_chan7_29.png,../MasterDataset/012621_97B_12_RBC_platelet_chan11_29.png
978,../MasterDataset/012621_97B_12_RBC_platelet_chan2_32.png,../MasterDataset/012621_97B_12_RBC_platelet_chan3_32.png,../MasterDataset/012621_97B_12_RBC_platelet_chan7_32.png,../MasterDataset/012621_97B_12_RBC_platelet_chan11_32.png
979,../MasterDataset/012621_97B_12_RBC_platelet_chan2_33.png,../MasterDataset/012621_97B_12_RBC_platelet_chan3_33.png,../MasterDataset/012621_97B_12_RBC_platelet_chan7_33.png,../MasterDataset/012621_97B_12_RBC_platelet_chan11_33.png
980,../MasterDataset/012621_97B_12_RBC_platelet_chan2_46.png,../MasterDataset/012621_97B_12_RBC_platelet_chan3_46.png,../MasterDataset/012621_97B_12_RBC_platelet_chan7_46.png,../MasterDataset/012621_97B_12_RBC_platelet_chan11_46.png
981,../MasterDataset/012621_97B_12_RBC_platelet_chan2_47.png,../MasterDataset/012621_97B_12_RBC_platelet_chan3_47.png,../MasterDataset/012621_97B_12_RBC_platelet_chan7_47.png,../MasterDataset/012621_97B_12_RBC_platelet_chan11_47.png
982,../MasterDataset/012621_97B_12_RBC_platelet_chan2_5.png,../MasterDataset/012621_97B_12_RBC_platelet_chan3_5.png,../MasterDataset/012621_97B_12_RBC_platelet_chan7_5.png,../MasterDataset/012621_97B_12_RBC_platelet_chan11_5.png
983,../MasterDataset/012621_97B_12_RBC_platelet_chan2_6.png,../MasterDataset/012621_97B_12_RBC_platelet_chan3_6.png,../MasterDataset/012621_97B_12_RBC_platelet_chan7_6.png,../MasterDataset/012621_97B_12_RBC_platelet_chan11_6.png
984,../MasterDataset/012621_97B_12_RBC_platelet_chan2_8.png,../MasterDataset/012621_97B_12_RBC_platelet_chan3_8.png,../MasterDataset/012621_97B_12_RBC_platelet_chan7_8.png,../MasterDataset/012621_97B_12_RBC_platelet_chan11_8.png
985,../MasterDataset/012621_98B_2_platelet_cluster_chan2_1.png,../MasterDataset/012621_98B_2_platelet_cluster_chan3_1.png,../MasterDataset/012621_98B_2_platelet_cluster_chan7_1.png,../MasterDataset/012621_98B_2_platelet_cluster_chan11_1.png
986,../MasterDataset/012621_98B_2_platelet_cluster_chan2_13.png,../MasterDataset/012621_98B_2_platelet_cluster_chan3_13.png,../MasterDataset/012621_98B_2_platelet_cluster_chan7_13.png,../MasterDataset/012621_98B_2_platelet_cluster_chan11_13.png
987,../MasterDataset/012621_98B_2_platelet_cluster_chan2_16.png,../MasterDataset/012621_98B_2_platelet_cluster_chan3_16.png,../MasterDataset/012621_98B_2_platelet_cluster_chan7_16.png,../MasterDataset/012621_98B_2_platelet_cluster_chan11_16.png
988,../MasterDataset/012621_98B_2_platelet_cluster_chan2_17.png,../MasterDataset/012621_98B_2_platelet_cluster_chan3_17.png,../MasterDataset/012621_98B_2_platelet_cluster_chan7_17.png,../MasterDataset/012621_98B_2_platelet_cluster_chan11_17.png
989,../MasterDataset/012621_98B_2_platelet_cluster_chan2_20.png,../MasterDataset/012621_98B_2_platelet_cluster_chan3_20.png,../MasterDataset/012621_98B_2_platelet_cluster_chan7_20.png,../MasterDataset/012621_98B_2_platelet_cluster_chan11_20.png
990,../MasterDataset/012621_98B_2_platelet_cluster_chan2_29.png,../MasterDataset/012621_98B_2_platelet_cluster_chan3_29.png,../MasterDataset/012621_98B_2_platelet_cluster_chan7_29.png,../MasterDataset/012621_98B_2_platelet_cluster_chan11_29.png
991,../MasterDataset/012621_98B_2_platelet_cluster_chan2_35.png,../MasterDataset/012621_98B_2_platelet_cluster_chan3_35.png,../MasterDataset/012621_98B_2_platelet_cluster_chan7_35.png,../MasterDataset/012621_98B_2_platelet_cluster_chan11_35.png
992,../MasterDataset/012621_98B_2_platelet_cluster_chan2_36.png,../MasterDataset/012621_98B_2_platelet_cluster_chan3_36.png,../MasterDataset/012621_98B_2_platelet_cluster_chan7_36.png,../MasterDataset/012621_98B_2_platelet_cluster_chan11_36.png
993,../MasterDataset/012621_98B_2_platelet_cluster_chan2_38.png,../MasterDataset/012621_98B_2_platelet_cluster_chan3_38.png,../MasterDataset/012621_98B_2_platelet_cluster_chan7_38.png,../MasterDataset/012621_98B_2_platelet_cluster_chan11_38.png
994,../MasterDataset/012621_98B_2_platelet_cluster_chan2_4.png,../MasterDataset/012621_98B_2_platelet_cluster_chan3_4.png,../MasterDataset/012621_98B_2_platelet_cluster_chan7_4.png,../MasterDataset/012621_98B_2_platelet_cluster_chan11_4.png
995,../MasterDataset/012621_98B_2_platelet_cluster_chan2_41.png,../MasterDataset/012621_98B_2_platelet_cluster_chan3_41.png,../MasterDataset/012621_98B_2_platelet_cluster_chan7_41.png,../MasterDataset/012621_98B_2_platelet_cluster_chan11_41.png
996,../MasterDataset/012621_98B_2_platelet_cluster_chan2_44.png,../MasterDataset/012621_98B_2_platelet_cluster_chan3_44.png,../MasterDataset/012621_98B_2_platelet_cluster_chan7_44.png,../MasterDataset/012621_98B_2_platelet_cluster_chan11_44.png
997,../MasterDataset/012621_98B_2_platelet_cluster_chan2_5.png,../MasterDataset/012621_98B_2_platelet_cluster_chan3_5.png,../MasterDataset/012621_98B_2_platelet_cluster_chan7_5.png,../MasterDataset/012621_98B_2_platelet_cluster_chan11_5.png
998,../MasterDataset/012621_98B_2_platelet_cluster_chan2_51.png,../MasterDataset/012621_98B_2_platelet_cluster_chan3_51.png,../MasterDataset/012621_98B_2_platelet_cluster_chan7_51.png,../MasterDataset/012621_98B_2_platelet_cluster_chan11_51.png
999,../MasterDataset/012621_98B_2_platelet_cluster_chan2_52.png,../MasterDataset/012621_98B_2_platelet_cluster_chan3_52.png,../MasterDataset/012621_98B_2_platelet_cluster_chan7_52.png,../MasterDataset/012621_98B_2_platelet_cluster_chan11_52.png
1000,../MasterDataset/012621_98B_2_platelet_cluster_chan2_54.png,../MasterDataset/012621_98B_2_platelet_cluster_chan3_54.png,../MasterDataset/012621_98B_2_platelet_cluster_chan7_54.png,../MasterDataset/012621_98B_2_platelet_cluster_chan11_54.png
1001,../MasterDataset/012621_98B_2_platelet_cluster_chan2_56.png,../MasterDataset/012621_98B_2_platelet_cluster_chan3_56.png,../MasterDataset/012621_98B_2_platelet_cluster_chan7_56.png,../MasterDataset/012621_98B_2_platelet_cluster_chan11_56.png
1002,../MasterDataset/012621_98B_2_platelet_cluster_chan2_57.png,../MasterDataset/012621_98B_2_platelet_cluster_chan3_57.png,../MasterDataset/012621_98B_2_platelet_cluster_chan7_57.png,../MasterDataset/012621_98B_2_platelet_cluster_chan11_57.png
1003,../MasterDataset/012621_98B_2_platelet_cluster_chan2_58.png,../MasterDataset/012621_98B_2_platelet_cluster_chan3_58.png,../MasterDataset/012621_98B_2_platelet_cluster_chan7_58.png,../MasterDataset/012621_98B_2_platelet_cluster_chan11_58.png
1004,../MasterDataset/012621_98B_2_platelet_cluster_chan2_59.png,../MasterDataset/012621_98B_2_platelet_cluster_chan3_59.png,../MasterDataset/012621_98B_2_platelet_cluster_chan7_59.png,../MasterDataset/012621_98B_2_platelet_cluster_chan11_59.png
1005,../MasterDataset/012621_98B_2_platelet_cluster_chan2_60.png,../MasterDataset/012621_98B_2_platelet_cluster_chan3_60.png,../MasterDataset/012621_98B_2_platelet_cluster_chan7_60.png,../MasterDataset/012621_98B_2_platelet_cluster_chan11_60.png
1006,../MasterDataset/012621_98B_2_platelet_cluster_chan2_61.png,../MasterDataset/012621_98B_2_platelet_cluster_chan3_61.png,../MasterDataset/012621_98B_2_platelet_cluster_chan7_61.png,../MasterDataset/012621_98B_2_platelet_cluster_chan11_61.png
1007,../MasterDataset/012621_98B_2_platelet_cluster_chan2_62.png,../MasterDataset/012621_98B_2_platelet_cluster_chan3_62.png,../MasterDataset/012621_98B_2_platelet_cluster_chan7_62.png,../MasterDataset/012621_98B_2_platelet_cluster_chan11_62.png
1008,../MasterDataset/012621_98B_2_platelet_cluster_chan2_65.png,../MasterDataset/012621_98B_2_platelet_cluster_chan3_65.png,../MasterDataset/012621_98B_2_platelet_cluster_chan7_65.png,../MasterDataset/012621_98B_2_platelet_cluster_chan11_65.png
1009,../MasterDataset/012621_98B_2_platelet_cluster_chan2_68.png,../MasterDataset/012621_98B_2_platelet_cluster_chan3_68.png,../MasterDataset/012621_98B_2_platelet_cluster_chan7_68.png,../MasterDataset/012621_98B_2_platelet_cluster_chan11_68.png
1010,../MasterDataset/012621_98B_2_platelet_cluster_chan2_71.png,../MasterDataset/012621_98B_2_platelet_cluster_chan3_71.png,../MasterDataset/012621_98B_2_platelet_cluster_chan7_71.png,../MasterDataset/012621_98B_2_platelet_cluster_chan11_71.png
1011,../MasterDataset/012621_98B_2_platelet_cluster_chan2_76.png,../MasterDataset/012621_98B_2_platelet_cluster_chan3_76.png,../MasterDataset/012621_98B_2_platelet_cluster_chan7_76.png,../MasterDataset/012621_98B_2_platelet_cluster_chan11_76.png
1012,../MasterDataset/012621_98B_2_platelet_cluster_chan2_80.png,../MasterDataset/012621_98B_2_platelet_cluster_chan3_80.png,../MasterDataset/012621_98B_2_platelet_cluster_chan7_80.png,../MasterDataset/012621_98B_2_platelet_cluster_chan11_80.png
1013,../MasterDataset/012621_98B_2_platelet_cluster_chan2_81.png,../MasterDataset/012621_98B_2_platelet_cluster_chan3_81.png,../MasterDataset/012621_98B_2_platelet_cluster_chan7_81.png,../MasterDataset/012621_98B_2_platelet_cluster_chan11_81.png
1014,../MasterDataset/012621_98B_2_platelet_cluster_chan2_82.png,../MasterDataset/012621_98B_2_platelet_cluster_chan3_82.png,../MasterDataset/012621_98B_2_platelet_cluster_chan7_82.png,../MasterDataset/012621_98B_2_platelet_cluster_chan11_82.png
1015,../MasterDataset/012621_98B_2_platelet_cluster_chan2_87.png,../MasterDataset/012621_98B_2_platelet_cluster_chan3_87.png,../MasterDataset/012621_98B_2_platelet_cluster_chan7_87.png,../MasterDataset/012621_98B_2_platelet_cluster_chan11_87.png
1016,../MasterDataset/012621_98B_2_rbc_only_chan2_13.png,../MasterDataset/012621_98B_2_rbc_only_chan3_13.png,../MasterDataset/012621_98B_2_rbc_only_chan7_13.png,../MasterDataset/012621_98B_2_rbc_only_chan11_13.png
1017,../MasterDataset/012621_98B_2_rbc_only_chan2_15.png,../MasterDataset/012621_98B_2_rbc_only_chan3_15.png,../MasterDataset/012621_98B_2_rbc_only_chan7_15.png,../MasterDataset/012621_98B_2_rbc_only_chan11_15.png
1018,../MasterDataset/012621_98B_2_rbc_only_chan2_25.png,../MasterDataset/012621_98B_2_rbc_only_chan3_25.png,../MasterDataset/012621_98B_2_rbc_only_chan7_25.png,../MasterDataset/012621_98B_2_rbc_only_chan11_25.png
1019,../MasterDataset/012621_98B_2_rbc_only_chan2_26.png,../MasterDataset/012621_98B_2_rbc_only_chan3_26.png,../MasterDataset/012621_98B_2_rbc_only_chan7_26.png,../MasterDataset/012621_98B_2_rbc_only_chan11_26.png
1020,../MasterDataset/012621_98B_2_rbc_only_chan2_27.png,../MasterDataset/012621_98B_2_rbc_only_chan3_27.png,../MasterDataset/012621_98B_2_rbc_only_chan7_27.png,../MasterDataset/012621_98B_2_rbc_only_chan11_27.png
1021,../MasterDataset/012621_98B_2_rbc_only_chan2_29.png,../MasterDataset/012621_98B_2_rbc_only_chan3_29.png,../MasterDataset/012621_98B_2_rbc_only_chan7_29.png,../MasterDataset/012621_98B_2_rbc_only_chan11_29.png
1022,../MasterDataset/012621_98B_2_rbc_only_chan2_30.png,../MasterDataset/012621_98B_2_rbc_only_chan3_30.png,../MasterDataset/012621_98B_2_rbc_only_chan7_30.png,../MasterDataset/012621_98B_2_rbc_only_chan11_30.png
1023,../MasterDataset/012621_98B_2_rbc_only_chan2_36.png,../MasterDataset/012621_98B_2_rbc_only_chan3_36.png,../MasterDataset/012621_98B_2_rbc_only_chan7_36.png,../MasterDataset/012621_98B_2_rbc_only_chan11_36.png
1024,../MasterDataset/012621_98B_2_rbc_only_chan2_4.png,../MasterDataset/012621_98B_2_rbc_only_chan3_4.png,../MasterDataset/012621_98B_2_rbc_only_chan7_4.png,../MasterDataset/012621_98B_2_rbc_only_chan11_4.png
1025,../MasterDataset/012621_98B_2_rbc_only_chan2_47.png,../MasterDataset/012621_98B_2_rbc_only_chan3_47.png,../MasterDataset/012621_98B_2_rbc_only_chan7_47.png,../MasterDataset/012621_98B_2_rbc_only_chan11_47.png
1026,../MasterDataset/012621_98B_2_rbc_only_chan2_5.png,../MasterDataset/012621_98B_2_rbc_only_chan3_5.png,../MasterDataset/012621_98B_2_rbc_only_chan7_5.png,../MasterDataset/012621_98B_2_rbc_only_chan11_5.png
1027,../MasterDataset/012621_98B_2_rbc_only_chan2_52.png,../MasterDataset/012621_98B_2_rbc_only_chan3_52.png,../MasterDataset/012621_98B_2_rbc_only_chan7_52.png,../MasterDataset/012621_98B_2_rbc_only_chan11_52.png
1028,../MasterDataset/012621_98B_2_rbc_only_chan2_54.png,../MasterDataset/012621_98B_2_rbc_only_chan3_54.png,../MasterDataset/012621_98B_2_rbc_only_chan7_54.png,../MasterDataset/012621_98B_2_rbc_only_chan11_54.png
1029,../MasterDataset/012621_98B_2_rbc_only_chan2_55.png,../MasterDataset/012621_98B_2_rbc_only_chan3_55.png,../MasterDataset/012621_98B_2_rbc_only_chan7_55.png,../MasterDataset/012621_98B_2_rbc_only_chan11_55.png
1030,../MasterDataset/012621_98B_2_rbc_only_chan2_61.png,../MasterDataset/012621_98B_2_rbc_only_chan3_61.png,../MasterDataset/012621_98B_2_rbc_only_chan7_61.png,../MasterDataset/012621_98B_2_rbc_only_chan11_61.png
1031,../MasterDataset/012621_98B_2_rbc_only_chan2_7.png,../MasterDataset/012621_98B_2_rbc_only_chan3_7.png,../MasterDataset/012621_98B_2_rbc_only_chan7_7.png,../MasterDataset/012621_98B_2_rbc_only_chan11_7.png
1032,../MasterDataset/012621_98B_2_rbc_platelet_chan2_19.png,../MasterDataset/012621_98B_2_rbc_platelet_chan3_19.png,../MasterDataset/012621_98B_2_rbc_platelet_chan7_19.png,../MasterDataset/012621_98B_2_rbc_platelet_chan11_19.png
1033,../MasterDataset/012621_98B_2_rbc_platelet_chan2_20.png,../MasterDataset/012621_98B_2_rbc_platelet_chan3_20.png,../MasterDataset/012621_98B_2_rbc_platelet_chan7_20.png,../MasterDataset/012621_98B_2_rbc_platelet_chan11_20.png
1034,../MasterDataset/012621_98B_2_rbc_platelet_chan2_21.png,../MasterDataset/012621_98B_2_rbc_platelet_chan3_21.png,../MasterDataset/012621_98B_2_rbc_platelet_chan7_21.png,../MasterDataset/012621_98B_2_rbc_platelet_chan11_21.png
1035,../MasterDataset/012621_98B_2_rbc_platelet_chan2_22.png,../MasterDataset/012621_98B_2_rbc_platelet_chan3_22.png,../MasterDataset/012621_98B_2_rbc_platelet_chan7_22.png,../MasterDataset/012621_98B_2_rbc_platelet_chan11_22.png
1036,../MasterDataset/012621_98B_2_rbc_platelet_chan2_23.png,../MasterDataset/012621_98B_2_rbc_platelet_chan3_23.png,../MasterDataset/012621_98B_2_rbc_platelet_chan7_23.png,../MasterDataset/012621_98B_2_rbc_platelet_chan11_23.png
1037,../MasterDataset/012621_98B_2_rbc_platelet_chan2_29.png,../MasterDataset/012621_98B_2_rbc_platelet_chan3_29.png,../MasterDataset/012621_98B_2_rbc_platelet_chan7_29.png,../MasterDataset/012621_98B_2_rbc_platelet_chan11_29.png
1038,../MasterDataset/012621_98B_2_rbc_platelet_chan2_37.png,../MasterDataset/012621_98B_2_rbc_platelet_chan3_37.png,../MasterDataset/012621_98B_2_rbc_platelet_chan7_37.png,../MasterDataset/012621_98B_2_rbc_platelet_chan11_37.png
1039,../MasterDataset/012621_98B_2_rbc_platelet_chan2_38.png,../MasterDataset/012621_98B_2_rbc_platelet_chan3_38.png,../MasterDataset/012621_98B_2_rbc_platelet_chan7_38.png,../MasterDataset/012621_98B_2_rbc_platelet_chan11_38.png
1040,../MasterDataset/012621_98B_2_rbc_platelet_chan2_39.png,../MasterDataset/012621_98B_2_rbc_platelet_chan3_39.png,../MasterDataset/012621_98B_2_rbc_platelet_chan7_39.png,../MasterDataset/012621_98B_2_rbc_platelet_chan11_39.png
1041,../MasterDataset/012621_98B_2_rbc_platelet_chan2_44.png,../MasterDataset/012621_98B_2_rbc_platelet_chan3_44.png,../MasterDataset/012621_98B_2_rbc_platelet_chan7_44.png,../MasterDataset/012621_98B_2_rbc_platelet_chan11_44.png
1042,../MasterDataset/012621_98B_2_rbc_platelet_chan2_53.png,../MasterDataset/012621_98B_2_rbc_platelet_chan3_53.png,../MasterDataset/012621_98B_2_rbc_platelet_chan7_53.png,../MasterDataset/012621_98B_2_rbc_platelet_chan11_53.png
1043,../MasterDataset/012621_98B_2_rbc_platelet_chan2_60.png,../MasterDataset/012621_98B_2_rbc_platelet_chan3_60.png,../MasterDataset/012621_98B_2_rbc_platelet_chan7_60.png,../MasterDataset/012621_98B_2_rbc_platelet_chan11_60.png
1044,../MasterDataset/012621_98B_2_rbc_platelet_chan2_63.png,../MasterDataset/012621_98B_2_rbc_platelet_chan3_63.png,../MasterDataset/012621_98B_2_rbc_platelet_chan7_63.png,../MasterDataset/012621_98B_2_rbc_platelet_chan11_63.png
1045,../MasterDataset/012621_98B_2_rbc_platelet_chan2_64.png,../MasterDataset/012621_98B_2_rbc_platelet_chan3_64.png,../MasterDataset/012621_98B_2_rbc_platelet_chan7_64.png,../MasterDataset/012621_98B_2_rbc_platelet_chan11_64.png
1046,../MasterDataset/012621_98B_8_platelet_cluster_chan2_26.png,../MasterDataset/012621_98B_8_platelet_cluster_chan3_26.png,../MasterDataset/012621_98B_8_platelet_cluster_chan7_26.png,../MasterDataset/012621_98B_8_platelet_cluster_chan11_26.png
1047,../MasterDataset/012621_98B_8_platelet_cluster_chan2_42.png,../MasterDataset/012621_98B_8_platelet_cluster_chan3_42.png,../MasterDataset/012621_98B_8_platelet_cluster_chan7_42.png,../MasterDataset/012621_98B_8_platelet_cluster_chan11_42.png
1048,../MasterDataset/012621_98B_8_platelet_cluster_chan2_54.png,../MasterDataset/012621_98B_8_platelet_cluster_chan3_54.png,../MasterDataset/012621_98B_8_platelet_cluster_chan7_54.png,../MasterDataset/012621_98B_8_platelet_cluster_chan11_54.png
1049,../MasterDataset/012621_98B_8_platelet_cluster_chan2_6.png,../MasterDataset/012621_98B_8_platelet_cluster_chan3_6.png,../MasterDataset/012621_98B_8_platelet_cluster_chan7_6.png,../MasterDataset/012621_98B_8_platelet_cluster_chan11_6.png
1050,../MasterDataset/012621_98B_8_platelet_cluster_chan2_74.png,../MasterDataset/012621_98B_8_platelet_cluster_chan3_74.png,../MasterDataset/012621_98B_8_platelet_cluster_chan7_74.png,../MasterDataset/012621_98B_8_platelet_cluster_chan11_74.png
1051,../MasterDataset/012621_98B_8_platelet_cluster_chan2_85.png,../MasterDataset/012621_98B_8_platelet_cluster_chan3_85.png,../MasterDataset/012621_98B_8_platelet_cluster_chan7_85.png,../MasterDataset/012621_98B_8_platelet_cluster_chan11_85.png
1052,../MasterDataset/012621_98B_8_rbc_only_chan2_29.png,../MasterDataset/012621_98B_8_rbc_only_chan3_29.png,../MasterDataset/012621_98B_8_rbc_only_chan7_29.png,../MasterDataset/012621_98B_8_rbc_only_chan11_29.png
1053,../MasterDataset/012621_98B_8_rbc_only_chan2_35.png,../MasterDataset/012621_98B_8_rbc_only_chan3_35.png,../MasterDataset/012621_98B_8_rbc_only_chan7_35.png,../MasterDataset/012621_98B_8_rbc_only_chan11_35.png
1054,../MasterDataset/012621_98B_8_rbc_only_chan2_42.png,../MasterDataset/012621_98B_8_rbc_only_chan3_42.png,../MasterDataset/012621_98B_8_rbc_only_chan7_42.png,../MasterDataset/012621_98B_8_rbc_only_chan11_42.png
1055,../MasterDataset/012621_98B_8_rbc_only_chan2_54.png,../MasterDataset/012621_98B_8_rbc_only_chan3_54.png,../MasterDataset/012621_98B_8_rbc_only_chan7_54.png,../MasterDataset/012621_98B_8_rbc_only_chan11_54.png
1056,../MasterDataset/012621_98B_8_rbc_only_chan2_57.png,../MasterDataset/012621_98B_8_rbc_only_chan3_57.png,../MasterDataset/012621_98B_8_rbc_only_chan7_57.png,../MasterDataset/012621_98B_8_rbc_only_chan11_57.png
1057,../MasterDataset/012621_98B_8_rbc_only_chan2_58.png,../MasterDataset/012621_98B_8_rbc_only_chan3_58.png,../MasterDataset/012621_98B_8_rbc_only_chan7_58.png,../MasterDataset/012621_98B_8_rbc_only_chan11_58.png
1058,../MasterDataset/012621_98B_8_rbc_only_chan2_62.png,../MasterDataset/012621_98B_8_rbc_only_chan3_62.png,../MasterDataset/012621_98B_8_rbc_only_chan7_62.png,../MasterDataset/012621_98B_8_rbc_only_chan11_62.png
1059,../MasterDataset/012621_98B_8_rbc_only_chan2_75.png,../MasterDataset/012621_98B_8_rbc_only_chan3_75.png,../MasterDataset/012621_98B_8_rbc_only_chan7_75.png,../MasterDataset/012621_98B_8_rbc_only_chan11_75.png
1060,../MasterDataset/012621_98B_8_rbc_platelet_chan2_11.png,../MasterDataset/012621_98B_8_rbc_platelet_chan3_11.png,../MasterDataset/012621_98B_8_rbc_platelet_chan7_11.png,../MasterDataset/012621_98B_8_rbc_platelet_chan11_11.png
1061,../MasterDataset/012621_98B_8_rbc_platelet_chan2_18.png,../MasterDataset/012621_98B_8_rbc_platelet_chan3_18.png,../MasterDataset/012621_98B_8_rbc_platelet_chan7_18.png,../MasterDataset/012621_98B_8_rbc_platelet_chan11_18.png
1062,../MasterDataset/012621_98B_8_rbc_platelet_chan2_2.png,../MasterDataset/012621_98B_8_rbc_platelet_chan3_2.png,../MasterDataset/012621_98B_8_rbc_platelet_chan7_2.png,../MasterDataset/012621_98B_8_rbc_platelet_chan11_2.png
1063,../MasterDataset/012621_98B_8_rbc_platelet_chan2_26.png,../MasterDataset/012621_98B_8_rbc_platelet_chan3_26.png,../MasterDataset/012621_98B_8_rbc_platelet_chan7_26.png,../MasterDataset/012621_98B_8_rbc_platelet_chan11_26.png
1064,../MasterDataset/012621_98B_8_rbc_platelet_chan2_27.png,../MasterDataset/012621_98B_8_rbc_platelet_chan3_27.png,../MasterDataset/012621_98B_8_rbc_platelet_chan7_27.png,../MasterDataset/012621_98B_8_rbc_platelet_chan11_27.png
1065,../MasterDataset/012621_98B_8_rbc_platelet_chan2_28.png,../MasterDataset/012621_98B_8_rbc_platelet_chan3_28.png,../MasterDataset/012621_98B_8_rbc_platelet_chan7_28.png,../MasterDataset/012621_98B_8_rbc_platelet_chan11_28.png
1066,../MasterDataset/012621_98B_8_rbc_platelet_chan2_3.png,../MasterDataset/012621_98B_8_rbc_platelet_chan3_3.png,../MasterDataset/012621_98B_8_rbc_platelet_chan7_3.png,../MasterDataset/012621_98B_8_rbc_platelet_chan11_3.png
1067,../MasterDataset/012621_98B_8_rbc_platelet_chan2_32.png,../MasterDataset/012621_98B_8_rbc_platelet_chan3_32.png,../MasterDataset/012621_98B_8_rbc_platelet_chan7_32.png,../MasterDataset/012621_98B_8_rbc_platelet_chan11_32.png
1068,../MasterDataset/012621_98B_8_rbc_platelet_chan2_37.png,../MasterDataset/012621_98B_8_rbc_platelet_chan3_37.png,../MasterDataset/012621_98B_8_rbc_platelet_chan7_37.png,../MasterDataset/012621_98B_8_rbc_platelet_chan11_37.png
1069,../MasterDataset/012621_98B_8_rbc_platelet_chan2_38.png,../MasterDataset/012621_98B_8_rbc_platelet_chan3_38.png,../MasterDataset/012621_98B_8_rbc_platelet_chan7_38.png,../MasterDataset/012621_98B_8_rbc_platelet_chan11_38.png
1070,../MasterDataset/012621_98B_8_rbc_platelet_chan2_62.png,../MasterDataset/012621_98B_8_rbc_platelet_chan3_62.png,../MasterDataset/012621_98B_8_rbc_platelet_chan7_62.png,../MasterDataset/012621_98B_8_rbc_platelet_chan11_62.png
1071,../MasterDataset/012621_98B_8_rbc_platelet_chan2_65.png,../MasterDataset/012621_98B_8_rbc_platelet_chan3_65.png,../MasterDataset/012621_98B_8_rbc_platelet_chan7_65.png,../MasterDataset/012621_98B_8_rbc_platelet_chan11_65.png
1072,../MasterDataset/012621_98B_8_rbc_platelet_chan2_7.png,../MasterDataset/012621_98B_8_rbc_platelet_chan3_7.png,../MasterDataset/012621_98B_8_rbc_platelet_chan7_7.png,../MasterDataset/012621_98B_8_rbc_platelet_chan11_7.png
1073,../MasterDataset/012621_99B_platelet_cluster_chan2_11.png,../MasterDataset/012621_99B_platelet_cluster_chan3_11.png,../MasterDataset/012621_99B_platelet_cluster_chan7_11.png,../MasterDataset/012621_99B_platelet_cluster_chan11_11.png
1074,../MasterDataset/012621_99B_platelet_cluster_chan2_16.png,../MasterDataset/012621_99B_platelet_cluster_chan3_16.png,../MasterDataset/012621_99B_platelet_cluster_chan7_16.png,../MasterDataset/012621_99B_platelet_cluster_chan11_16.png
1075,../MasterDataset/012621_99B_platelet_cluster_chan2_23.png,../MasterDataset/012621_99B_platelet_cluster_chan3_23.png,../MasterDataset/012621_99B_platelet_cluster_chan7_23.png,../MasterDataset/012621_99B_platelet_cluster_chan11_23.png
1076,../MasterDataset/012621_99B_platelet_cluster_chan2_28.png,../MasterDataset/012621_99B_platelet_cluster_chan3_28.png,../MasterDataset/012621_99B_platelet_cluster_chan7_28.png,../MasterDataset/012621_99B_platelet_cluster_chan11_28.png
1077,../MasterDataset/012621_99B_platelet_cluster_chan2_3.png,../MasterDataset/012621_99B_platelet_cluster_chan3_3.png,../MasterDataset/012621_99B_platelet_cluster_chan7_3.png,../MasterDataset/012621_99B_platelet_cluster_chan11_3.png
1078,../MasterDataset/012621_99B_platelet_cluster_chan2_37.png,../MasterDataset/012621_99B_platelet_cluster_chan3_37.png,../MasterDataset/012621_99B_platelet_cluster_chan7_37.png,../MasterDataset/012621_99B_platelet_cluster_chan11_37.png
1079,../MasterDataset/012621_99B_platelet_cluster_chan2_40.png,../MasterDataset/012621_99B_platelet_cluster_chan3_40.png,../MasterDataset/012621_99B_platelet_cluster_chan7_40.png,../MasterDataset/012621_99B_platelet_cluster_chan11_40.png
1080,../MasterDataset/012621_99B_platelet_cluster_chan2_41.png,../MasterDataset/012621_99B_platelet_cluster_chan3_41.png,../MasterDataset/012621_99B_platelet_cluster_chan7_41.png,../MasterDataset/012621_99B_platelet_cluster_chan11_41.png
1081,../MasterDataset/012621_99B_platelet_cluster_chan2_43.png,../MasterDataset/012621_99B_platelet_cluster_chan3_43.png,../MasterDataset/012621_99B_platelet_cluster_chan7_43.png,../MasterDataset/012621_99B_platelet_cluster_chan11_43.png
1082,../MasterDataset/012621_99B_platelet_cluster_chan2_45.png,../MasterDataset/012621_99B_platelet_cluster_chan3_45.png,../MasterDataset/012621_99B_platelet_cluster_chan7_45.png,../MasterDataset/012621_99B_platelet_cluster_chan11_45.png
1083,../MasterDataset/012621_99B_platelet_cluster_chan2_51.png,../MasterDataset/012621_99B_platelet_cluster_chan3_51.png,../MasterDataset/012621_99B_platelet_cluster_chan7_51.png,../MasterDataset/012621_99B_platelet_cluster_chan11_51.png
1084,../MasterDataset/012621_99B_platelet_cluster_chan2_52.png,../MasterDataset/012621_99B_platelet_cluster_chan3_52.png,../MasterDataset/012621_99B_platelet_cluster_chan7_52.png,../MasterDataset/012621_99B_platelet_cluster_chan11_52.png
1085,../MasterDataset/012621_99B_platelet_cluster_chan2_53.png,../MasterDataset/012621_99B_platelet_cluster_chan3_53.png,../MasterDataset/012621_99B_platelet_cluster_chan7_53.png,../MasterDataset/012621_99B_platelet_cluster_chan11_53.png
1086,../MasterDataset/012621_99B_platelet_cluster_chan2_63.png,../MasterDataset/012621_99B_platelet_cluster_chan3_63.png,../MasterDataset/012621_99B_platelet_cluster_chan7_63.png,../MasterDataset/012621_99B_platelet_cluster_chan11_63.png
1087,../MasterDataset/012621_99B_platelet_cluster_chan2_65.png,../MasterDataset/012621_99B_platelet_cluster_chan3_65.png,../MasterDataset/012621_99B_platelet_cluster_chan7_65.png,../MasterDataset/012621_99B_platelet_cluster_chan11_65.png
1088,../MasterDataset/012621_99B_platelet_cluster_chan2_67.png,../MasterDataset/012621_99B_platelet_cluster_chan3_67.png,../MasterDataset/012621_99B_platelet_cluster_chan7_67.png,../MasterDataset/012621_99B_platelet_cluster_chan11_67.png
1089,../MasterDataset/012621_99B_platelet_cluster_chan2_71.png,../MasterDataset/012621_99B_platelet_cluster_chan3_71.png,../MasterDataset/012621_99B_platelet_cluster_chan7_71.png,../MasterDataset/012621_99B_platelet_cluster_chan11_71.png
1090,../MasterDataset/012621_99B_platelet_cluster_chan2_73.png,../MasterDataset/012621_99B_platelet_cluster_chan3_73.png,../MasterDataset/012621_99B_platelet_cluster_chan7_73.png,../MasterDataset/012621_99B_platelet_cluster_chan11_73.png
1091,../MasterDataset/012621_99B_platelet_cluster_chan2_75.png,../MasterDataset/012621_99B_platelet_cluster_chan3_75.png,../MasterDataset/012621_99B_platelet_cluster_chan7_75.png,../MasterDataset/012621_99B_platelet_cluster_chan11_75.png
1092,../MasterDataset/012621_99B_RBC_only_chan2_10.png,../MasterDataset/012621_99B_RBC_only_chan3_10.png,../MasterDataset/012621_99B_RBC_only_chan7_10.png,../MasterDataset/012621_99B_RBC_only_chan11_10.png
1093,../MasterDataset/012621_99B_RBC_only_chan2_11.png,../MasterDataset/012621_99B_RBC_only_chan3_11.png,../MasterDataset/012621_99B_RBC_only_chan7_11.png,../MasterDataset/012621_99B_RBC_only_chan11_11.png
1094,../MasterDataset/012621_99B_RBC_only_chan2_15.png,../MasterDataset/012621_99B_RBC_only_chan3_15.png,../MasterDataset/012621_99B_RBC_only_chan7_15.png,../MasterDataset/012621_99B_RBC_only_chan11_15.png
1095,../MasterDataset/012621_99B_RBC_only_chan2_18.png,../MasterDataset/012621_99B_RBC_only_chan3_18.png,../MasterDataset/012621_99B_RBC_only_chan7_18.png,../MasterDataset/012621_99B_RBC_only_chan11_18.png
1096,../MasterDataset/012621_99B_RBC_only_chan2_23.png,../MasterDataset/012621_99B_RBC_only_chan3_23.png,../MasterDataset/012621_99B_RBC_only_chan7_23.png,../MasterDataset/012621_99B_RBC_only_chan11_23.png
1097,../MasterDataset/012621_99B_RBC_only_chan2_25.png,../MasterDataset/012621_99B_RBC_only_chan3_25.png,../MasterDataset/012621_99B_RBC_only_chan7_25.png,../MasterDataset/012621_99B_RBC_only_chan11_25.png
1098,../MasterDataset/012621_99B_RBC_only_chan2_26.png,../MasterDataset/012621_99B_RBC_only_chan3_26.png,../MasterDataset/012621_99B_RBC_only_chan7_26.png,../MasterDataset/012621_99B_RBC_only_chan11_26.png
1099,../MasterDataset/012621_99B_RBC_only_chan2_30.png,../MasterDataset/012621_99B_RBC_only_chan3_30.png,../MasterDataset/012621_99B_RBC_only_chan7_30.png,../MasterDataset/012621_99B_RBC_only_chan11_30.png
1100,../MasterDataset/012621_99B_RBC_only_chan2_32.png,../MasterDataset/012621_99B_RBC_only_chan3_32.png,../MasterDataset/012621_99B_RBC_only_chan7_32.png,../MasterDataset/012621_99B_RBC_only_chan11_32.png
1101,../MasterDataset/012621_99B_RBC_only_chan2_36.png,../MasterDataset/012621_99B_RBC_only_chan3_36.png,../MasterDataset/012621_99B_RBC_only_chan7_36.png,../MasterDataset/012621_99B_RBC_only_chan11_36.png
1102,../MasterDataset/012621_99B_RBC_only_chan2_45.png,../MasterDataset/012621_99B_RBC_only_chan3_45.png,../MasterDataset/012621_99B_RBC_only_chan7_45.png,../MasterDataset/012621_99B_RBC_only_chan11_45.png
1103,../MasterDataset/012621_99B_RBC_only_chan2_50.png,../MasterDataset/012621_99B_RBC_only_chan3_50.png,../MasterDataset/012621_99B_RBC_only_chan7_50.png,../MasterDataset/012621_99B_RBC_only_chan11_50.png
1104,../MasterDataset/012621_99B_RBC_only_chan2_52.png,../MasterDataset/012621_99B_RBC_only_chan3_52.png,../MasterDataset/012621_99B_RBC_only_chan7_52.png,../MasterDataset/012621_99B_RBC_only_chan11_52.png
1105,../MasterDataset/012621_99B_RBC_platelet_chan2_12.png,../MasterDataset/012621_99B_RBC_platelet_chan3_12.png,../MasterDataset/012621_99B_RBC_platelet_chan7_12.png,../MasterDataset/012621_99B_RBC_platelet_chan11_12.png
1106,../MasterDataset/012621_99B_RBC_platelet_chan2_35.png,../MasterDataset/012621_99B_RBC_platelet_chan3_35.png,../MasterDataset/012621_99B_RBC_platelet_chan7_35.png,../MasterDataset/012621_99B_RBC_platelet_chan11_35.png
1107,../MasterDataset/012621_99B_RBC_platelet_chan2_41.png,../MasterDataset/012621_99B_RBC_platelet_chan3_41.png,../MasterDataset/012621_99B_RBC_platelet_chan7_41.png,../MasterDataset/012621_99B_RBC_platelet_chan11_41.png
1108,../MasterDataset/012621_99B_RBC_platelet_chan2_44.png,../MasterDataset/012621_99B_RBC_platelet_chan3_44.png,../MasterDataset/012621_99B_RBC_platelet_chan7_44.png,../MasterDataset/012621_99B_RBC_platelet_chan11_44.png
1109,../MasterDataset/012621_99B_RBC_platelet_chan2_45.png,../MasterDataset/012621_99B_RBC_platelet_chan3_45.png,../MasterDataset/012621_99B_RBC_platelet_chan7_45.png,../MasterDataset/012621_99B_RBC_platelet_chan11_45.png
1110,../MasterDataset/012621_99B_RBC_platelet_chan2_5.png,../MasterDataset/012621_99B_RBC_platelet_chan3_5.png,../MasterDataset/012621_99B_RBC_platelet_chan7_5.png,../MasterDataset/012621_99B_RBC_platelet_chan11_5.png
1111,../MasterDataset/012621_99B_RBC_platelet_chan2_60.png,../MasterDataset/012621_99B_RBC_platelet_chan3_60.png,../MasterDataset/012621_99B_RBC_platelet_chan7_60.png,../MasterDataset/012621_99B_RBC_platelet_chan11_60.png
